question,answer,category
Are there any NALCN SNPs that have a statistically significant association with Alzheimer's Disease?,"No, according to the largest European genome-wide meta-analysis of Alzheimer's disease (Bellenguez, 2022),  there are no alleles within NALCN that are significantly associated with Alzheimer's Disease.",SNP Disease Relations; Gene Disease Relations
Are there any OGFOD2 SNPs that have a statistically significant association with Amyotrophic Lateral Sclerosis?,"No, according to genome-wide analysis of Amyotrophic Lateral Sclerosis (Nicolas et al., 2018),  there are no alleles within OGFOD2 that are significantly associated with Amyotrophic Lateral Sclerosis.",SNP Disease Relations; Gene Disease Relations
Are there any RP11-63P12.6 SNPs that have a statistically significant association with Alzheimer's Disease?,"No, according to the largest European genome-wide meta-analysis of Alzheimer's disease (Bellenguez, 2022),  there are no alleles within RP11-63P12.6 that are significantly associated with Alzheimer's Disease.",SNP Disease Relations; Gene Disease Relations
Are there any HNRNPH3 SNPs that have a statistically significant association with Amyotrophic Lateral Sclerosis?,"No, according to genome-wide analysis of Amyotrophic Lateral Sclerosis (Nicolas et al., 2018),  there are no alleles within HNRNPH3 that are significantly associated with Amyotrophic Lateral Sclerosis.",SNP Disease Relations; Gene Disease Relations
Are there any novel_or_none SNPs that have a statistically significant association with Parkinson's Disease?,"Yes, according the largest European genome-wide meta-analysis of Parkinson's disease (Nalls et al., 2019), there are 27 novel_or_none SNPs that are significantly associated with Parkinson's Disease.
Here are the top 10:
• rs1819040 (GWAS P-value: 4.46e-21; b value: -0.2393)
• rs55686102 (GWAS P-value: 4.48e-21; b value: -0.2553)
• rs17426174 (GWAS P-value: 6.89e-21; b value: -0.2522)
• rs2696610 (GWAS P-value: 1.07e-19; b value: -0.2334)
• rs2532233 (GWAS P-value: 1.47e-19; b value: -0.2325)
• rs2668692 (GWAS P-value: 1.53e-19; b value: -0.2333)
• rs578109777 (GWAS P-value: 1.62e-19; b value: -0.2485)
• rs62073157 (GWAS P-value: 3.35e-19; b value: -0.2472)
• rs2732705 (GWAS P-value: 7.80e-19; b value: -0.2455)
• rs56328224 (GWAS P-value: 1.23e-18; b value: -0.2344)",SNP Disease Relations; Gene Disease Relations
Are there any FZD3 SNPs that have a statistically significant association with Alzheimer's Disease?,"Yes, according to the largest European genome-wide meta-analysis of Alzheimer's disease (Bellenguez, 2022), there are 1 FZD3 SNPs that are significantly associated with Alzheimer's Disease:
• rs35112405 (GWAS P-value: 4.72e-08; b value: 0.1136)",SNP Disease Relations; Gene Disease Relations
Are there any FAM105B SNPs that have a statistically significant association with Alzheimer's Disease?,"Yes, according to the largest European genome-wide meta-analysis of Alzheimer's disease (Bellenguez, 2022), there are 2 FAM105B SNPs that are significantly associated with Alzheimer's Disease:
• rs250435 (GWAS P-value: 4.43e-07; b value: -0.0813)
• rs6554856 (GWAS P-value: 2.60e-07; b value: 0.0824)",SNP Disease Relations; Gene Disease Relations
Are there any LOC286238 SNPs that have a statistically significant association with Amyotrophic Lateral Sclerosis?,"No, according to genome-wide analysis of Amyotrophic Lateral Sclerosis (Nicolas et al., 2018),  there are no alleles within LOC286238 that are significantly associated with Amyotrophic Lateral Sclerosis.",SNP Disease Relations; Gene Disease Relations
Are there any CHAC2 SNPs that have a statistically significant association with Parkinson's Disease?,"No, according the largest European genome-wide meta-analysis of Parkinson's disease (Nalls et al., 2019),  there are no alleles within CHAC2 that are significantly associated with Parkinson's Disease.",SNP Disease Relations; Gene Disease Relations
Are there any RNF40 SNPs that have a statistically significant association with Alzheimer's Disease?,"Yes, according to the largest European genome-wide meta-analysis of Alzheimer's disease (Bellenguez, 2022), there are 1 RNF40 SNPs that are significantly associated with Alzheimer's Disease:
• rs7200879 (GWAS P-value: 4.14e-07; b value: -0.0486)",SNP Disease Relations; Gene Disease Relations
Are there any ALKBH5 SNPs that have a statistically significant association with Parkinson's Disease?,"No, according the largest European genome-wide meta-analysis of Parkinson's disease (Nalls et al., 2019),  there are no alleles within ALKBH5 that are significantly associated with Parkinson's Disease.",SNP Disease Relations; Gene Disease Relations
Are there any RP11-281A20.1 SNPs that have a statistically significant association with Alzheimer's Disease?,"No, according to the largest European genome-wide meta-analysis of Alzheimer's disease (Bellenguez, 2022),  there are no alleles within RP11-281A20.1 that are significantly associated with Alzheimer's Disease.",SNP Disease Relations; Gene Disease Relations
Are there any RP11-37N22.1 SNPs that have a statistically significant association with Alzheimer's Disease?,"No, according to the largest European genome-wide meta-analysis of Alzheimer's disease (Bellenguez, 2022),  there are no alleles within RP11-37N22.1 that are significantly associated with Alzheimer's Disease.",SNP Disease Relations; Gene Disease Relations
Are there any NUCKS1 SNPs that have a statistically significant association with Parkinson's Disease?,"Yes, according the largest European genome-wide meta-analysis of Parkinson's disease (Nalls et al., 2019), there are 2 NUCKS1 SNPs that are significantly associated with Parkinson's Disease:
• rs3747973 (GWAS P-value: 1.32e-07; b value: -0.0918)
• rs823114 (GWAS P-value: 4.64e-09; b value: 0.1002)",SNP Disease Relations; Gene Disease Relations
Are there any SHCBP1L SNPs that have a statistically significant association with Progressive supranuclear palsy?,"No, according to genome-wide analysis of progressive supranuclear palsy (Höglinger et al., 2011),  there are no alleles within SHCBP1L that are significantly associated with Progressive supranuclear palsy.",SNP Disease Relations; Gene Disease Relations
Are there any JAZF1 SNPs that have a statistically significant association with Alzheimer's Disease?,"Yes, according to the largest European genome-wide meta-analysis of Alzheimer's disease (Bellenguez, 2022), there are 3 JAZF1 SNPs that are significantly associated with Alzheimer's Disease:
• rs10264306 (GWAS P-value: 1.17e-06; b value: -0.0486)
• rs10951192 (GWAS P-value: 3.53e-07; b value: -0.0494)
• rs4722762 (GWAS P-value: 6.45e-08; b value: 0.0546)",SNP Disease Relations; Gene Disease Relations
Are there any NUP42 SNPs that have a statistically significant association with Parkinson's Disease?,"Yes, according the largest European genome-wide meta-analysis of Parkinson's disease (Nalls et al., 2019), there are 3 NUP42 SNPs that are significantly associated with Parkinson's Disease:
• rs10279691 (GWAS P-value: 8.54e-07; b value: 0.0891)
• rs2286272 (GWAS P-value: 9.56e-07; b value: 0.0887)
• rs6975852 (GWAS P-value: 1.75e-06; b value: 0.0870)",SNP Disease Relations; Gene Disease Relations
Are there any RP11-114G22.1 SNPs that have a statistically significant association with Progressive supranuclear palsy?,"No, according to genome-wide analysis of progressive supranuclear palsy (Höglinger et al., 2011),  there are no alleles within RP11-114G22.1 that are significantly associated with Progressive supranuclear palsy.",SNP Disease Relations; Gene Disease Relations
Are there any TPTE2P1 SNPs that have a statistically significant association with Progressive supranuclear palsy?,"No, according to genome-wide analysis of progressive supranuclear palsy (Höglinger et al., 2011),  there are no alleles within TPTE2P1 that are significantly associated with Progressive supranuclear palsy.",SNP Disease Relations; Gene Disease Relations
Are there any ADAM10 SNPs that have a statistically significant association with Alzheimer's Disease?,"Yes, according to the largest European genome-wide meta-analysis of Alzheimer's disease (Bellenguez, 2022), there are 2 ADAM10 SNPs that are significantly associated with Alzheimer's Disease:
• rs2250583 (GWAS P-value: 7.74e-11; b value: -0.0579)
• rs6494037 (GWAS P-value: 3.81e-11; b value: -0.0595)",SNP Disease Relations; Gene Disease Relations
Are there any CMTM2 SNPs that have a statistically significant association with Progressive supranuclear palsy?,"No, according to genome-wide analysis of progressive supranuclear palsy (Höglinger et al., 2011),  there are no alleles within CMTM2 that are significantly associated with Progressive supranuclear palsy.",SNP Disease Relations; Gene Disease Relations
Are there any ZNF649 SNPs that have a statistically significant association with Amyotrophic Lateral Sclerosis?,"No, according to genome-wide analysis of Amyotrophic Lateral Sclerosis (Nicolas et al., 2018),  there are no alleles within ZNF649 that are significantly associated with Amyotrophic Lateral Sclerosis.",SNP Disease Relations; Gene Disease Relations
Are there any EPHX4 SNPs that have a statistically significant association with Parkinson's Disease?,"No, according the largest European genome-wide meta-analysis of Parkinson's disease (Nalls et al., 2019),  there are no alleles within EPHX4 that are significantly associated with Parkinson's Disease.",SNP Disease Relations; Gene Disease Relations
Are there any novel_or_none SNPs that have a statistically significant association with Progressive supranuclear palsy?,"Yes, according to genome-wide analysis of progressive supranuclear palsy (Höglinger et al., 2011), there are 6 novel_or_none SNPs that are significantly associated with Progressive supranuclear palsy:
• rs11012 (GWAS P-value: 2.11e-42; b value: 1.6076)
• rs1230064 (GWAS P-value: 2.77e-08; b value: -0.3000)
• rs169201 (GWAS P-value: 8.55e-46; b value: 1.5881)
• rs17692129 (GWAS P-value: 5.79e-22; b value: -0.5568)
• rs1981997 (GWAS P-value: 1.79e-51; b value: 1.7146)
• rs415430 (GWAS P-value: 9.28e-44; b value: 1.4816)",SNP Disease Relations; Gene Disease Relations
Are there any IFNA2 SNPs that have a statistically significant association with Alzheimer's Disease?,"No, according to the largest European genome-wide meta-analysis of Alzheimer's disease (Bellenguez, 2022),  there are no alleles within IFNA2 that are significantly associated with Alzheimer's Disease.",SNP Disease Relations; Gene Disease Relations
Are there any C6orf165 SNPs that have a statistically significant association with Parkinson's Disease?,"No, according the largest European genome-wide meta-analysis of Parkinson's disease (Nalls et al., 2019),  there are no alleles within C6orf165 that are significantly associated with Parkinson's Disease.",SNP Disease Relations; Gene Disease Relations
Are there any SLC16A12 SNPs that have a statistically significant association with Progressive supranuclear palsy?,"No, according to genome-wide analysis of progressive supranuclear palsy (Höglinger et al., 2011),  there are no alleles within SLC16A12 that are significantly associated with Progressive supranuclear palsy.",SNP Disease Relations; Gene Disease Relations
Are there any CHRNA6 SNPs that have a statistically significant association with Progressive supranuclear palsy?,"No, according to genome-wide analysis of progressive supranuclear palsy (Höglinger et al., 2011),  there are no alleles within CHRNA6 that are significantly associated with Progressive supranuclear palsy.",SNP Disease Relations; Gene Disease Relations
Are there any MED13 SNPs that have a statistically significant association with Progressive supranuclear palsy?,"No, according to genome-wide analysis of progressive supranuclear palsy (Höglinger et al., 2011),  there are no alleles within MED13 that are significantly associated with Progressive supranuclear palsy.",SNP Disease Relations; Gene Disease Relations
Are there any EEF1E1-BLOC1S5 SNPs that have a statistically significant association with Parkinson's Disease?,"No, according the largest European genome-wide meta-analysis of Parkinson's disease (Nalls et al., 2019),  there are no alleles within EEF1E1-BLOC1S5 that are significantly associated with Parkinson's Disease.",SNP Disease Relations; Gene Disease Relations
Are there any LILRA3 SNPs that have a statistically significant association with Parkinson's Disease?,"No, according the largest European genome-wide meta-analysis of Parkinson's disease (Nalls et al., 2019),  there are no alleles within LILRA3 that are significantly associated with Parkinson's Disease.",SNP Disease Relations; Gene Disease Relations
Are there any AC093724.2 SNPs that have a statistically significant association with Amyotrophic Lateral Sclerosis?,"No, according to genome-wide analysis of Amyotrophic Lateral Sclerosis (Nicolas et al., 2018),  there are no alleles within AC093724.2 that are significantly associated with Amyotrophic Lateral Sclerosis.",SNP Disease Relations; Gene Disease Relations
Are there any ZNF646 SNPs that have a statistically significant association with Parkinson's Disease?,"Yes, according the largest European genome-wide meta-analysis of Parkinson's disease (Nalls et al., 2019), there are 6 ZNF646 SNPs that are significantly associated with Parkinson's Disease:
• rs12934418 (GWAS P-value: 1.72e-06; b value: 0.0861)
• rs4468641 (GWAS P-value: 8.54e-07; b value: -0.0891)
• rs4889530 (GWAS P-value: 1.08e-06; b value: 0.0863)
• rs7294 (GWAS P-value: 1.26e-06; b value: -0.0882)
• rs732172 (GWAS P-value: 3.05e-07; b value: -0.0937)
• rs749671 (GWAS P-value: 2.12e-06; b value: -0.0844)",SNP Disease Relations; Gene Disease Relations
Are there any RP11-600F24.7 SNPs that have a statistically significant association with Amyotrophic Lateral Sclerosis?,"No, according to genome-wide analysis of Amyotrophic Lateral Sclerosis (Nicolas et al., 2018),  there are no alleles within RP11-600F24.7 that are significantly associated with Amyotrophic Lateral Sclerosis.",SNP Disease Relations; Gene Disease Relations
Are there any EIF4A2 SNPs that have a statistically significant association with Parkinson's Disease?,"No, according the largest European genome-wide meta-analysis of Parkinson's disease (Nalls et al., 2019),  there are no alleles within EIF4A2 that are significantly associated with Parkinson's Disease.",SNP Disease Relations; Gene Disease Relations
Are there any MRPL15P1 SNPs that have a statistically significant association with Progressive supranuclear palsy?,"No, according to genome-wide analysis of progressive supranuclear palsy (Höglinger et al., 2011),  there are no alleles within MRPL15P1 that are significantly associated with Progressive supranuclear palsy.",SNP Disease Relations; Gene Disease Relations
Are there any INIP SNPs that have a statistically significant association with Progressive supranuclear palsy?,"No, according to genome-wide analysis of progressive supranuclear palsy (Höglinger et al., 2011),  there are no alleles within INIP that are significantly associated with Progressive supranuclear palsy.",SNP Disease Relations; Gene Disease Relations
Are there any ANXA9 SNPs that have a statistically significant association with Alzheimer's Disease?,"No, according to the largest European genome-wide meta-analysis of Alzheimer's disease (Bellenguez, 2022),  there are no alleles within ANXA9 that are significantly associated with Alzheimer's Disease.",SNP Disease Relations; Gene Disease Relations
Are there any TNFRSF1B SNPs that have a statistically significant association with Progressive supranuclear palsy?,"No, according to genome-wide analysis of progressive supranuclear palsy (Höglinger et al., 2011),  there are no alleles within TNFRSF1B that are significantly associated with Progressive supranuclear palsy.",SNP Disease Relations; Gene Disease Relations
Are there any CCDC66 SNPs that have a statistically significant association with Parkinson's Disease?,"No, according the largest European genome-wide meta-analysis of Parkinson's disease (Nalls et al., 2019),  there are no alleles within CCDC66 that are significantly associated with Parkinson's Disease.",SNP Disease Relations; Gene Disease Relations
Are there any ENPP7P1 SNPs that have a statistically significant association with Progressive supranuclear palsy?,"No, according to genome-wide analysis of progressive supranuclear palsy (Höglinger et al., 2011),  there are no alleles within ENPP7P1 that are significantly associated with Progressive supranuclear palsy.",SNP Disease Relations; Gene Disease Relations
Are there any KCNIP3 SNPs that have a statistically significant association with Amyotrophic Lateral Sclerosis?,"No, according to genome-wide analysis of Amyotrophic Lateral Sclerosis (Nicolas et al., 2018),  there are no alleles within KCNIP3 that are significantly associated with Amyotrophic Lateral Sclerosis.",SNP Disease Relations; Gene Disease Relations
Are there any C12orf41 SNPs that have a statistically significant association with Amyotrophic Lateral Sclerosis?,"No, according to genome-wide analysis of Amyotrophic Lateral Sclerosis (Nicolas et al., 2018),  there are no alleles within C12orf41 that are significantly associated with Amyotrophic Lateral Sclerosis.",SNP Disease Relations; Gene Disease Relations
Are there any RP11-313P13.3 SNPs that have a statistically significant association with Alzheimer's Disease?,"No, according to the largest European genome-wide meta-analysis of Alzheimer's disease (Bellenguez, 2022),  there are no alleles within RP11-313P13.3 that are significantly associated with Alzheimer's Disease.",SNP Disease Relations; Gene Disease Relations
Are there any RP13-638C3.3 SNPs that have a statistically significant association with Parkinson's Disease?,"No, according the largest European genome-wide meta-analysis of Parkinson's disease (Nalls et al., 2019),  there are no alleles within RP13-638C3.3 that are significantly associated with Parkinson's Disease.",SNP Disease Relations; Gene Disease Relations
Are there any PRR14 SNPs that have a statistically significant association with Parkinson's Disease?,"Yes, according the largest European genome-wide meta-analysis of Parkinson's disease (Nalls et al., 2019), there are 1 PRR14 SNPs that are significantly associated with Parkinson's Disease:
• rs4616297 (GWAS P-value: 2.32e-06; b value: -0.0940)",SNP Disease Relations; Gene Disease Relations
Are there any RP11-525K10.3 SNPs that have a statistically significant association with Parkinson's Disease?,"No, according the largest European genome-wide meta-analysis of Parkinson's disease (Nalls et al., 2019),  there are no alleles within RP11-525K10.3 that are significantly associated with Parkinson's Disease.",SNP Disease Relations; Gene Disease Relations
Are there any RP11-1281K21.1 SNPs that have a statistically significant association with Parkinson's Disease?,"No, according the largest European genome-wide meta-analysis of Parkinson's disease (Nalls et al., 2019),  there are no alleles within RP11-1281K21.1 that are significantly associated with Parkinson's Disease.",SNP Disease Relations; Gene Disease Relations
Are there any CCDC169-SOHLH2 SNPs that have a statistically significant association with Parkinson's Disease?,"No, according the largest European genome-wide meta-analysis of Parkinson's disease (Nalls et al., 2019),  there are no alleles within CCDC169-SOHLH2 that are significantly associated with Parkinson's Disease.",SNP Disease Relations; Gene Disease Relations
Are there any PLBD2 SNPs that have a statistically significant association with Progressive supranuclear palsy?,"No, according to genome-wide analysis of progressive supranuclear palsy (Höglinger et al., 2011),  there are no alleles within PLBD2 that are significantly associated with Progressive supranuclear palsy.",SNP Disease Relations; Gene Disease Relations
Are there any ARL17A SNPs that have a statistically significant association with Progressive supranuclear palsy?,"Yes, according to genome-wide analysis of progressive supranuclear palsy (Höglinger et al., 2011), there are 7 ARL17A SNPs that are significantly associated with Progressive supranuclear palsy:
• rs11012 (GWAS P-value: 2.11e-42; b value: 1.6076)
• rs12373139 (GWAS P-value: 4.65e-51; b value: 1.6879)
• rs169201 (GWAS P-value: 8.55e-46; b value: 1.5881)
• rs17692129 (GWAS P-value: 5.79e-22; b value: -0.5568)
• rs1981997 (GWAS P-value: 1.79e-51; b value: 1.7146)
• rs242557 (GWAS P-value: 2.00e-37; b value: 0.7415)
• rs393152 (GWAS P-value: 8.30e-51; b value: 1.6521)",SNP Disease Relations; Gene Disease Relations
Are there any GRIFIN SNPs that have a statistically significant association with Parkinson's Disease?,"No, according the largest European genome-wide meta-analysis of Parkinson's disease (Nalls et al., 2019),  there are no alleles within GRIFIN that are significantly associated with Parkinson's Disease.",SNP Disease Relations; Gene Disease Relations
Are there any AC062031.1 SNPs that have a statistically significant association with Progressive supranuclear palsy?,"No, according to genome-wide analysis of progressive supranuclear palsy (Höglinger et al., 2011),  there are no alleles within AC062031.1 that are significantly associated with Progressive supranuclear palsy.",SNP Disease Relations; Gene Disease Relations
Are there any SFXN4 SNPs that have a statistically significant association with Parkinson's Disease?,"No, according the largest European genome-wide meta-analysis of Parkinson's disease (Nalls et al., 2019),  there are no alleles within SFXN4 that are significantly associated with Parkinson's Disease.",SNP Disease Relations; Gene Disease Relations
Are there any PCDHA9 SNPs that have a statistically significant association with Amyotrophic Lateral Sclerosis?,"No, according to genome-wide analysis of Amyotrophic Lateral Sclerosis (Nicolas et al., 2018),  there are no alleles within PCDHA9 that are significantly associated with Amyotrophic Lateral Sclerosis.",SNP Disease Relations; Gene Disease Relations
Are there any CDKL3 SNPs that have a statistically significant association with Alzheimer's Disease?,"No, according to the largest European genome-wide meta-analysis of Alzheimer's disease (Bellenguez, 2022),  there are no alleles within CDKL3 that are significantly associated with Alzheimer's Disease.",SNP Disease Relations; Gene Disease Relations
Are there any CYGB SNPs that have a statistically significant association with Progressive supranuclear palsy?,"No, according to genome-wide analysis of progressive supranuclear palsy (Höglinger et al., 2011),  there are no alleles within CYGB that are significantly associated with Progressive supranuclear palsy.",SNP Disease Relations; Gene Disease Relations
Are there any TMOD1 SNPs that have a statistically significant association with Parkinson's Disease?,"No, according the largest European genome-wide meta-analysis of Parkinson's disease (Nalls et al., 2019),  there are no alleles within TMOD1 that are significantly associated with Parkinson's Disease.",SNP Disease Relations; Gene Disease Relations
Are there any AC006946.15 SNPs that have a statistically significant association with Progressive supranuclear palsy?,"No, according to genome-wide analysis of progressive supranuclear palsy (Höglinger et al., 2011),  there are no alleles within AC006946.15 that are significantly associated with Progressive supranuclear palsy.",SNP Disease Relations; Gene Disease Relations
Are there any FMNL1 SNPs that have a statistically significant association with Parkinson's Disease?,"Yes, according the largest European genome-wide meta-analysis of Parkinson's disease (Nalls et al., 2019), there are 3 FMNL1 SNPs that are significantly associated with Parkinson's Disease:
• rs12150464 (GWAS P-value: 5.19e-21; b value: 0.2530)
• rs62062283 (GWAS P-value: 5.71e-21; b value: -0.2377)
• rs62063276 (GWAS P-value: 1.61e-20; b value: -0.2507)",SNP Disease Relations; Gene Disease Relations
Are there any RP11-856M7.6 SNPs that have a statistically significant association with Alzheimer's Disease?,"No, according to the largest European genome-wide meta-analysis of Alzheimer's disease (Bellenguez, 2022),  there are no alleles within RP11-856M7.6 that are significantly associated with Alzheimer's Disease.",SNP Disease Relations; Gene Disease Relations
Are there any TNIP1 SNPs that have a statistically significant association with Amyotrophic Lateral Sclerosis?,"Yes, according to genome-wide analysis of Amyotrophic Lateral Sclerosis (Nicolas et al., 2018), there are 2 TNIP1 SNPs that are significantly associated with Amyotrophic Lateral Sclerosis:
• rs12518386 (GWAS P-value: 7.68e-07; b value: 0.0786)
• rs34294852 (GWAS P-value: 7.19e-07; b value: 0.0793)",SNP Disease Relations; Gene Disease Relations
Are there any TRABD2B SNPs that have a statistically significant association with Parkinson's Disease?,"No, according the largest European genome-wide meta-analysis of Parkinson's disease (Nalls et al., 2019),  there are no alleles within TRABD2B that are significantly associated with Parkinson's Disease.",SNP Disease Relations; Gene Disease Relations
Are there any CTC-435M10.6 SNPs that have a statistically significant association with Alzheimer's Disease?,"No, according to the largest European genome-wide meta-analysis of Alzheimer's disease (Bellenguez, 2022),  there are no alleles within CTC-435M10.6 that are significantly associated with Alzheimer's Disease.",SNP Disease Relations; Gene Disease Relations
Are there any C19orf57 SNPs that have a statistically significant association with Progressive supranuclear palsy?,"No, according to genome-wide analysis of progressive supranuclear palsy (Höglinger et al., 2011),  there are no alleles within C19orf57 that are significantly associated with Progressive supranuclear palsy.",SNP Disease Relations; Gene Disease Relations
Are there any SLC41A1 SNPs that have a statistically significant association with Amyotrophic Lateral Sclerosis?,"No, according to genome-wide analysis of Amyotrophic Lateral Sclerosis (Nicolas et al., 2018),  there are no alleles within SLC41A1 that are significantly associated with Amyotrophic Lateral Sclerosis.",SNP Disease Relations; Gene Disease Relations
Are there any RN7SL199P SNPs that have a statistically significant association with Parkinson's Disease?,"Yes, according the largest European genome-wide meta-analysis of Parkinson's disease (Nalls et al., 2019), there are 1 RN7SL199P SNPs that are significantly associated with Parkinson's Disease:
• rs2950694 (GWAS P-value: 3.53e-11; b value: -0.2212)",SNP Disease Relations; Gene Disease Relations
Are there any CTD-2574D22.2 SNPs that have a statistically significant association with Alzheimer's Disease?,"Yes, according to the largest European genome-wide meta-analysis of Alzheimer's disease (Bellenguez, 2022), there are 1 CTD-2574D22.2 SNPs that are significantly associated with Alzheimer's Disease:
• rs4527039 (GWAS P-value: 5.73e-07; b value: 0.0410)",SNP Disease Relations; Gene Disease Relations
Are there any AC118281.1 SNPs that have a statistically significant association with Parkinson's Disease?,"No, according the largest European genome-wide meta-analysis of Parkinson's disease (Nalls et al., 2019),  there are no alleles within AC118281.1 that are significantly associated with Parkinson's Disease.",SNP Disease Relations; Gene Disease Relations
Are there any FCGR2A SNPs that have a statistically significant association with Progressive supranuclear palsy?,"No, according to genome-wide analysis of progressive supranuclear palsy (Höglinger et al., 2011),  there are no alleles within FCGR2A that are significantly associated with Progressive supranuclear palsy.",SNP Disease Relations; Gene Disease Relations
Are there any ZFYVE1 SNPs that have a statistically significant association with Progressive supranuclear palsy?,"No, according to genome-wide analysis of progressive supranuclear palsy (Höglinger et al., 2011),  there are no alleles within ZFYVE1 that are significantly associated with Progressive supranuclear palsy.",SNP Disease Relations; Gene Disease Relations
Are there any PRR11 SNPs that have a statistically significant association with Alzheimer's Disease?,"No, according to the largest European genome-wide meta-analysis of Alzheimer's disease (Bellenguez, 2022),  there are no alleles within PRR11 that are significantly associated with Alzheimer's Disease.",SNP Disease Relations; Gene Disease Relations
Are there any NOS1AP SNPs that have a statistically significant association with Parkinson's Disease?,"No, according the largest European genome-wide meta-analysis of Parkinson's disease (Nalls et al., 2019),  there are no alleles within NOS1AP that are significantly associated with Parkinson's Disease.",SNP Disease Relations; Gene Disease Relations
Are there any PPP1R21 SNPs that have a statistically significant association with Amyotrophic Lateral Sclerosis?,"No, according to genome-wide analysis of Amyotrophic Lateral Sclerosis (Nicolas et al., 2018),  there are no alleles within PPP1R21 that are significantly associated with Amyotrophic Lateral Sclerosis.",SNP Disease Relations; Gene Disease Relations
Are there any WNT3 SNPs that have a statistically significant association with Parkinson's Disease?,"Yes, according the largest European genome-wide meta-analysis of Parkinson's disease (Nalls et al., 2019), there are 2 WNT3 SNPs that are significantly associated with Parkinson's Disease:
• rs199520 (GWAS P-value: 8.38e-16; b value: -0.1827)
• rs199523 (GWAS P-value: 9.68e-16; b value: 0.1823)",SNP Disease Relations; Gene Disease Relations
Are there any BLNK SNPs that have a statistically significant association with Alzheimer's Disease?,"Yes, according to the largest European genome-wide meta-analysis of Alzheimer's disease (Bellenguez, 2022), there are 2 BLNK SNPs that are significantly associated with Alzheimer's Disease:
• rs1902708 (GWAS P-value: 3.38e-07; b value: -0.1112)
• rs79663593 (GWAS P-value: 2.15e-07; b value: 0.1115)",SNP Disease Relations; Gene Disease Relations
Are there any PROCA1 SNPs that have a statistically significant association with Parkinson's Disease?,"No, according the largest European genome-wide meta-analysis of Parkinson's disease (Nalls et al., 2019),  there are no alleles within PROCA1 that are significantly associated with Parkinson's Disease.",SNP Disease Relations; Gene Disease Relations
Are there any RP11-794M8.1 SNPs that have a statistically significant association with Parkinson's Disease?,"No, according the largest European genome-wide meta-analysis of Parkinson's disease (Nalls et al., 2019),  there are no alleles within RP11-794M8.1 that are significantly associated with Parkinson's Disease.",SNP Disease Relations; Gene Disease Relations
Are there any CTC-264K15.6 SNPs that have a statistically significant association with Parkinson's Disease?,"No, according the largest European genome-wide meta-analysis of Parkinson's disease (Nalls et al., 2019),  there are no alleles within CTC-264K15.6 that are significantly associated with Parkinson's Disease.",SNP Disease Relations; Gene Disease Relations
Are there any ZNF549 SNPs that have a statistically significant association with Progressive supranuclear palsy?,"No, according to genome-wide analysis of progressive supranuclear palsy (Höglinger et al., 2011),  there are no alleles within ZNF549 that are significantly associated with Progressive supranuclear palsy.",SNP Disease Relations; Gene Disease Relations
Are there any REXO1 SNPs that have a statistically significant association with Alzheimer's Disease?,"Yes, according to the largest European genome-wide meta-analysis of Alzheimer's disease (Bellenguez, 2022), there are 4 REXO1 SNPs that are significantly associated with Alzheimer's Disease:
• rs11667638 (GWAS P-value: 3.04e-08; b value: 0.0493)
• rs11668832 (GWAS P-value: 2.26e-08; b value: 0.0492)
• rs11669862 (GWAS P-value: 2.85e-08; b value: -0.0494)
• rs12977787 (GWAS P-value: 4.91e-08; b value: -0.0480)",SNP Disease Relations; Gene Disease Relations
Are there any PAXIP1-AS1 SNPs that have a statistically significant association with Amyotrophic Lateral Sclerosis?,"No, according to genome-wide analysis of Amyotrophic Lateral Sclerosis (Nicolas et al., 2018),  there are no alleles within PAXIP1-AS1 that are significantly associated with Amyotrophic Lateral Sclerosis.",SNP Disease Relations; Gene Disease Relations
Are there any CTC-513N18.7 SNPs that have a statistically significant association with Parkinson's Disease?,"No, according the largest European genome-wide meta-analysis of Parkinson's disease (Nalls et al., 2019),  there are no alleles within CTC-513N18.7 that are significantly associated with Parkinson's Disease.",SNP Disease Relations; Gene Disease Relations
Are there any CTNND2 SNPs that have a statistically significant association with Progressive supranuclear palsy?,"No, according to genome-wide analysis of progressive supranuclear palsy (Höglinger et al., 2011),  there are no alleles within CTNND2 that are significantly associated with Progressive supranuclear palsy.",SNP Disease Relations; Gene Disease Relations
Are there any PKNOX1 SNPs that have a statistically significant association with Alzheimer's Disease?,"No, according to the largest European genome-wide meta-analysis of Alzheimer's disease (Bellenguez, 2022),  there are no alleles within PKNOX1 that are significantly associated with Alzheimer's Disease.",SNP Disease Relations; Gene Disease Relations
Are there any RP11-6N17.9 SNPs that have a statistically significant association with Parkinson's Disease?,"No, according the largest European genome-wide meta-analysis of Parkinson's disease (Nalls et al., 2019),  there are no alleles within RP11-6N17.9 that are significantly associated with Parkinson's Disease.",SNP Disease Relations; Gene Disease Relations
Are there any FAM47E SNPs that have a statistically significant association with Parkinson's Disease?,"Yes, according the largest European genome-wide meta-analysis of Parkinson's disease (Nalls et al., 2019), there are 2 FAM47E SNPs that are significantly associated with Parkinson's Disease:
• rs10032423 (GWAS P-value: 2.00e-08; b value: 0.0954)
• rs62303000 (GWAS P-value: 2.72e-08; b value: -0.0945)",SNP Disease Relations; Gene Disease Relations
Are there any RP11-15I11.3 SNPs that have a statistically significant association with Progressive supranuclear palsy?,"No, according to genome-wide analysis of progressive supranuclear palsy (Höglinger et al., 2011),  there are no alleles within RP11-15I11.3 that are significantly associated with Progressive supranuclear palsy.",SNP Disease Relations; Gene Disease Relations
Are there any TIMP4 SNPs that have a statistically significant association with Progressive supranuclear palsy?,"No, according to genome-wide analysis of progressive supranuclear palsy (Höglinger et al., 2011),  there are no alleles within TIMP4 that are significantly associated with Progressive supranuclear palsy.",SNP Disease Relations; Gene Disease Relations
Are there any ZKSCAN1 SNPs that have a statistically significant association with Alzheimer's Disease?,"Yes, according to the largest European genome-wide meta-analysis of Alzheimer's disease (Bellenguez, 2022), there are 3 ZKSCAN1 SNPs that are significantly associated with Alzheimer's Disease:
• rs11771331 (GWAS P-value: 4.51e-07; b value: 0.0439)
• rs4216 (GWAS P-value: 6.45e-07; b value: 0.0438)
• rs6465761 (GWAS P-value: 7.06e-10; b value: -0.0561)",SNP Disease Relations; Gene Disease Relations
Are there any STX1B SNPs that have a statistically significant association with Parkinson's Disease?,"Yes, according the largest European genome-wide meta-analysis of Parkinson's disease (Nalls et al., 2019), there are 14 STX1B SNPs that are significantly associated with Parkinson's Disease.
Here are the top 10:
• rs1046276 (GWAS P-value: 2.57e-10; b value: -0.1176)
• rs2305880 (GWAS P-value: 3.48e-09; b value: -0.1081)
• rs13708 (GWAS P-value: 4.25e-09; b value: -0.1075)
• rs34454770 (GWAS P-value: 5.66e-08; b value: -0.0999)
• rs72800847 (GWAS P-value: 2.89e-07; b value: -0.0944)
• rs732172 (GWAS P-value: 3.05e-07; b value: -0.0937)
• rs58726213 (GWAS P-value: 3.13e-07; b value: -0.0931)
• rs35961830 (GWAS P-value: 5.42e-07; b value: -0.0922)
• rs9673641 (GWAS P-value: 6.24e-07; b value: -0.0917)
• rs57434408 (GWAS P-value: 8.28e-07; b value: -0.0897)",SNP Disease Relations; Gene Disease Relations
Are there any AP001652.1 SNPs that have a statistically significant association with Alzheimer's Disease?,"No, according to the largest European genome-wide meta-analysis of Alzheimer's disease (Bellenguez, 2022),  there are no alleles within AP001652.1 that are significantly associated with Alzheimer's Disease.",SNP Disease Relations; Gene Disease Relations
Are there any CTD-2194D22.4 SNPs that have a statistically significant association with Alzheimer's Disease?,"No, according to the largest European genome-wide meta-analysis of Alzheimer's disease (Bellenguez, 2022),  there are no alleles within CTD-2194D22.4 that are significantly associated with Alzheimer's Disease.",SNP Disease Relations; Gene Disease Relations
Are there any TBC1D9 SNPs that have a statistically significant association with Progressive supranuclear palsy?,"No, according to genome-wide analysis of progressive supranuclear palsy (Höglinger et al., 2011),  there are no alleles within TBC1D9 that are significantly associated with Progressive supranuclear palsy.",SNP Disease Relations; Gene Disease Relations
Are there any SPHKAP SNPs that have a statistically significant association with Amyotrophic Lateral Sclerosis?,"No, according to genome-wide analysis of Amyotrophic Lateral Sclerosis (Nicolas et al., 2018),  there are no alleles within SPHKAP that are significantly associated with Amyotrophic Lateral Sclerosis.",SNP Disease Relations; Gene Disease Relations
Are there any CELSR1 SNPs that have a statistically significant association with Alzheimer's Disease?,"No, according to the largest European genome-wide meta-analysis of Alzheimer's disease (Bellenguez, 2022),  there are no alleles within CELSR1 that are significantly associated with Alzheimer's Disease.",SNP Disease Relations; Gene Disease Relations
Are there any RP11-438F14.3 SNPs that have a statistically significant association with Alzheimer's Disease?,"No, according to the largest European genome-wide meta-analysis of Alzheimer's disease (Bellenguez, 2022),  there are no alleles within RP11-438F14.3 that are significantly associated with Alzheimer's Disease.",SNP Disease Relations; Gene Disease Relations
Are there any RPL35P5 SNPs that have a statistically significant association with Alzheimer's Disease?,"No, according to the largest European genome-wide meta-analysis of Alzheimer's disease (Bellenguez, 2022),  there are no alleles within RPL35P5 that are significantly associated with Alzheimer's Disease.",SNP Disease Relations; Gene Disease Relations
Are there any PIGK SNPs that have a statistically significant association with Progressive supranuclear palsy?,"No, according to genome-wide analysis of progressive supranuclear palsy (Höglinger et al., 2011),  there are no alleles within PIGK that are significantly associated with Progressive supranuclear palsy.",SNP Disease Relations; Gene Disease Relations
Are there any RP13-616I3.1 SNPs that have a statistically significant association with Parkinson's Disease?,"No, according the largest European genome-wide meta-analysis of Parkinson's disease (Nalls et al., 2019),  there are no alleles within RP13-616I3.1 that are significantly associated with Parkinson's Disease.",SNP Disease Relations; Gene Disease Relations
Are there any ERCC8 SNPs that have a statistically significant association with Parkinson's Disease?,"Yes, according the largest European genome-wide meta-analysis of Parkinson's disease (Nalls et al., 2019), there are 1 ERCC8 SNPs that are significantly associated with Parkinson's Disease:
• rs162244 (GWAS P-value: 4.52e-07; b value: 0.0994)",SNP Disease Relations; Gene Disease Relations
Are there any LCN6 SNPs that have a statistically significant association with Alzheimer's Disease?,"No, according to the largest European genome-wide meta-analysis of Alzheimer's disease (Bellenguez, 2022),  there are no alleles within LCN6 that are significantly associated with Alzheimer's Disease.",SNP Disease Relations; Gene Disease Relations
Are there any CREG2 SNPs that have a statistically significant association with Progressive supranuclear palsy?,"No, according to genome-wide analysis of progressive supranuclear palsy (Höglinger et al., 2011),  there are no alleles within CREG2 that are significantly associated with Progressive supranuclear palsy.",SNP Disease Relations; Gene Disease Relations
Are there any NDFIP1 SNPs that have a statistically significant association with Amyotrophic Lateral Sclerosis?,"No, according to genome-wide analysis of Amyotrophic Lateral Sclerosis (Nicolas et al., 2018),  there are no alleles within NDFIP1 that are significantly associated with Amyotrophic Lateral Sclerosis.",SNP Disease Relations; Gene Disease Relations
Are there any SRCAP SNPs that have a statistically significant association with Parkinson's Disease?,"Yes, according the largest European genome-wide meta-analysis of Parkinson's disease (Nalls et al., 2019), there are 2 SRCAP SNPs that are significantly associated with Parkinson's Disease:
• rs11862859 (GWAS P-value: 2.05e-06; b value: 0.0945)
• rs3747481 (GWAS P-value: 1.10e-06; b value: -0.0960)",SNP Disease Relations; Gene Disease Relations
Are there any RP11-553L6.5 SNPs that have a statistically significant association with Alzheimer's Disease?,"No, according to the largest European genome-wide meta-analysis of Alzheimer's disease (Bellenguez, 2022),  there are no alleles within RP11-553L6.5 that are significantly associated with Alzheimer's Disease.",SNP Disease Relations; Gene Disease Relations
Are there any SPPL2C SNPs that have a statistically significant association with Progressive supranuclear palsy?,"Yes, according to genome-wide analysis of progressive supranuclear palsy (Höglinger et al., 2011), there are 2 SPPL2C SNPs that are significantly associated with Progressive supranuclear palsy:
• rs1981997 (GWAS P-value: 1.79e-51; b value: 1.7146)
• rs393152 (GWAS P-value: 8.30e-51; b value: -1.6521)",SNP Disease Relations; Gene Disease Relations
Are there any IL22RA1 SNPs that have a statistically significant association with Parkinson's Disease?,"No, according the largest European genome-wide meta-analysis of Parkinson's disease (Nalls et al., 2019),  there are no alleles within IL22RA1 that are significantly associated with Parkinson's Disease.",SNP Disease Relations; Gene Disease Relations
Are there any SARM1 SNPs that have a statistically significant association with Amyotrophic Lateral Sclerosis?,"Yes, according to genome-wide analysis of Amyotrophic Lateral Sclerosis (Nicolas et al., 2018), there are 1 SARM1 SNPs that are significantly associated with Amyotrophic Lateral Sclerosis:
• rs739439 (GWAS P-value: 2.54e-06; b value: -0.0828)",SNP Disease Relations; Gene Disease Relations
Are there any ZNF165 SNPs that have a statistically significant association with Progressive supranuclear palsy?,"No, according to genome-wide analysis of progressive supranuclear palsy (Höglinger et al., 2011),  there are no alleles within ZNF165 that are significantly associated with Progressive supranuclear palsy.",SNP Disease Relations; Gene Disease Relations
Are there any KANSL1 SNPs that have a statistically significant association with Alzheimer's Disease?,"Yes, according to the largest European genome-wide meta-analysis of Alzheimer's disease (Bellenguez, 2022), there are 23 KANSL1 SNPs that are significantly associated with Alzheimer's Disease.
Here are the top 10:
• rs199451 (GWAS P-value: 2.85e-09; b value: 0.0594)
• rs199457 (GWAS P-value: 3.22e-09; b value: 0.0592)
• rs199447 (GWAS P-value: 6.63e-09; b value: -0.0580)
• rs62062271 (GWAS P-value: 1.10e-08; b value: -0.0560)
• rs70600 (GWAS P-value: 1.27e-08; b value: -0.0569)
• rs199533 (GWAS P-value: 1.29e-08; b value: 0.0563)
• rs199525 (GWAS P-value: 1.35e-08; b value: -0.0568)
• rs12150087 (GWAS P-value: 2.07e-08; b value: -0.0555)
• rs41374248 (GWAS P-value: 2.25e-08; b value: -0.0548)
• rs2668665 (GWAS P-value: 3.11e-08; b value: -0.0548)",SNP Disease Relations; Gene Disease Relations
Are there any AC009120.6 SNPs that have a statistically significant association with Alzheimer's Disease?,"No, according to the largest European genome-wide meta-analysis of Alzheimer's disease (Bellenguez, 2022),  there are no alleles within AC009120.6 that are significantly associated with Alzheimer's Disease.",SNP Disease Relations; Gene Disease Relations
Are there any TRIM71 SNPs that have a statistically significant association with Alzheimer's Disease?,"No, according to the largest European genome-wide meta-analysis of Alzheimer's disease (Bellenguez, 2022),  there are no alleles within TRIM71 that are significantly associated with Alzheimer's Disease.",SNP Disease Relations; Gene Disease Relations
Are there any SH3GL2 SNPs that have a statistically significant association with Parkinson's Disease?,"Yes, according the largest European genome-wide meta-analysis of Parkinson's disease (Nalls et al., 2019), there are 4 SH3GL2 SNPs that are significantly associated with Parkinson's Disease:
• rs1028594 (GWAS P-value: 9.58e-07; b value: 0.0882)
• rs10756899 (GWAS P-value: 2.43e-06; b value: 0.0971)
• rs13294100 (GWAS P-value: 1.22e-06; b value: -0.0859)
• rs3758217 (GWAS P-value: 1.53e-06; b value: -0.0870)",SNP Disease Relations; Gene Disease Relations
Are there any SLC22A31 SNPs that have a statistically significant association with Parkinson's Disease?,"No, according the largest European genome-wide meta-analysis of Parkinson's disease (Nalls et al., 2019),  there are no alleles within SLC22A31 that are significantly associated with Parkinson's Disease.",SNP Disease Relations; Gene Disease Relations
Are there any BCKDK SNPs that have a statistically significant association with Parkinson's Disease?,"Yes, according the largest European genome-wide meta-analysis of Parkinson's disease (Nalls et al., 2019), there are 2 BCKDK SNPs that are significantly associated with Parkinson's Disease:
• rs4889619 (GWAS P-value: 1.37e-07; b value: 0.0938)
• rs749671 (GWAS P-value: 2.12e-06; b value: 0.0844)",SNP Disease Relations; Gene Disease Relations
Are there any ZC3H11A SNPs that have a statistically significant association with Progressive supranuclear palsy?,"No, according to genome-wide analysis of progressive supranuclear palsy (Höglinger et al., 2011),  there are no alleles within ZC3H11A that are significantly associated with Progressive supranuclear palsy.",SNP Disease Relations; Gene Disease Relations
Are there any GCHFR SNPs that have a statistically significant association with Parkinson's Disease?,"No, according the largest European genome-wide meta-analysis of Parkinson's disease (Nalls et al., 2019),  there are no alleles within GCHFR that are significantly associated with Parkinson's Disease.",SNP Disease Relations; Gene Disease Relations
Are there any KLHL2 SNPs that have a statistically significant association with Alzheimer's Disease?,"No, according to the largest European genome-wide meta-analysis of Alzheimer's disease (Bellenguez, 2022),  there are no alleles within KLHL2 that are significantly associated with Alzheimer's Disease.",SNP Disease Relations; Gene Disease Relations
Are there any TREML1 SNPs that have a statistically significant association with Alzheimer's Disease?,"Yes, according to the largest European genome-wide meta-analysis of Alzheimer's disease (Bellenguez, 2022), there are 1 TREML1 SNPs that are significantly associated with Alzheimer's Disease:
• rs10456499 (GWAS P-value: 6.10e-07; b value: 0.0414)",SNP Disease Relations; Gene Disease Relations
Are there any METTL8 SNPs that have a statistically significant association with Amyotrophic Lateral Sclerosis?,"No, according to genome-wide analysis of Amyotrophic Lateral Sclerosis (Nicolas et al., 2018),  there are no alleles within METTL8 that are significantly associated with Amyotrophic Lateral Sclerosis.",SNP Disease Relations; Gene Disease Relations
Are there any MS4A6A SNPs that have a statistically significant association with Alzheimer's Disease?,"Yes, according to the largest European genome-wide meta-analysis of Alzheimer's disease (Bellenguez, 2022), there are 4 MS4A6A SNPs that are significantly associated with Alzheimer's Disease:
• rs1834557 (GWAS P-value: 2.73e-20; b value: -0.0766)
• rs614104 (GWAS P-value: 1.77e-14; b value: -0.0644)
• rs636147 (GWAS P-value: 1.36e-16; b value: 0.0678)
• rs7935829 (GWAS P-value: 3.14e-21; b value: -0.0785)",SNP Disease Relations; Gene Disease Relations
Are there any RPL4P6 SNPs that have a statistically significant association with Alzheimer's Disease?,"No, according to the largest European genome-wide meta-analysis of Alzheimer's disease (Bellenguez, 2022),  there are no alleles within RPL4P6 that are significantly associated with Alzheimer's Disease.",SNP Disease Relations; Gene Disease Relations
Are there any IL10 SNPs that have a statistically significant association with Alzheimer's Disease?,"No, according to the largest European genome-wide meta-analysis of Alzheimer's disease (Bellenguez, 2022),  there are no alleles within IL10 that are significantly associated with Alzheimer's Disease.",SNP Disease Relations; Gene Disease Relations
Are there any FBXW11P1 SNPs that have a statistically significant association with Parkinson's Disease?,"No, according the largest European genome-wide meta-analysis of Parkinson's disease (Nalls et al., 2019),  there are no alleles within FBXW11P1 that are significantly associated with Parkinson's Disease.",SNP Disease Relations; Gene Disease Relations
Are there any RP11-403I13.4 SNPs that have a statistically significant association with Parkinson's Disease?,"No, according the largest European genome-wide meta-analysis of Parkinson's disease (Nalls et al., 2019),  there are no alleles within RP11-403I13.4 that are significantly associated with Parkinson's Disease.",SNP Disease Relations; Gene Disease Relations
Are there any ZC2HC1B SNPs that have a statistically significant association with Alzheimer's Disease?,"No, according to the largest European genome-wide meta-analysis of Alzheimer's disease (Bellenguez, 2022),  there are no alleles within ZC2HC1B that are significantly associated with Alzheimer's Disease.",SNP Disease Relations; Gene Disease Relations
Are there any AC135048.1 SNPs that have a statistically significant association with Parkinson's Disease?,"Yes, according the largest European genome-wide meta-analysis of Parkinson's disease (Nalls et al., 2019), there are 1 AC135048.1 SNPs that are significantly associated with Parkinson's Disease:
• rs7199949 (GWAS P-value: 9.29e-07; b value: 0.0888)",SNP Disease Relations; Gene Disease Relations
Are there any RP11-182N22.8 SNPs that have a statistically significant association with Alzheimer's Disease?,"No, according to the largest European genome-wide meta-analysis of Alzheimer's disease (Bellenguez, 2022),  there are no alleles within RP11-182N22.8 that are significantly associated with Alzheimer's Disease.",SNP Disease Relations; Gene Disease Relations
Are there any RP11-416O18.1 SNPs that have a statistically significant association with Progressive supranuclear palsy?,"No, according to genome-wide analysis of progressive supranuclear palsy (Höglinger et al., 2011),  there are no alleles within RP11-416O18.1 that are significantly associated with Progressive supranuclear palsy.",SNP Disease Relations; Gene Disease Relations
Are there any SMIM7 SNPs that have a statistically significant association with Alzheimer's Disease?,"No, according to the largest European genome-wide meta-analysis of Alzheimer's disease (Bellenguez, 2022),  there are no alleles within SMIM7 that are significantly associated with Alzheimer's Disease.",SNP Disease Relations; Gene Disease Relations
Are there any C21orf33 SNPs that have a statistically significant association with Alzheimer's Disease?,"No, according to the largest European genome-wide meta-analysis of Alzheimer's disease (Bellenguez, 2022),  there are no alleles within C21orf33 that are significantly associated with Alzheimer's Disease.",SNP Disease Relations; Gene Disease Relations
Are there any RAB29 SNPs that have a statistically significant association with Parkinson's Disease?,"Yes, according the largest European genome-wide meta-analysis of Parkinson's disease (Nalls et al., 2019), there are 2 RAB29 SNPs that are significantly associated with Parkinson's Disease:
• rs708723 (GWAS P-value: 1.03e-08; b value: -0.0979)
• rs823118 (GWAS P-value: 5.15e-09; b value: -0.0999)",SNP Disease Relations; Gene Disease Relations
Are there any GCOM2 SNPs that have a statistically significant association with Alzheimer's Disease?,"No, according to the largest European genome-wide meta-analysis of Alzheimer's disease (Bellenguez, 2022),  there are no alleles within GCOM2 that are significantly associated with Alzheimer's Disease.",SNP Disease Relations; Gene Disease Relations
Are there any NSF SNPs that have a statistically significant association with Alzheimer's Disease?,"Yes, according to the largest European genome-wide meta-analysis of Alzheimer's disease (Bellenguez, 2022), there are 1 NSF SNPs that are significantly associated with Alzheimer's Disease:
• rs199437 (GWAS P-value: 8.92e-08; b value: -0.0508)",SNP Disease Relations; Gene Disease Relations
Are there any EZR-AS1 SNPs that have a statistically significant association with Alzheimer's Disease?,"No, according to the largest European genome-wide meta-analysis of Alzheimer's disease (Bellenguez, 2022),  there are no alleles within EZR-AS1 that are significantly associated with Alzheimer's Disease.",SNP Disease Relations; Gene Disease Relations
Are there any PILRA SNPs that have a statistically significant association with Alzheimer's Disease?,"Yes, according to the largest European genome-wide meta-analysis of Alzheimer's disease (Bellenguez, 2022), there are 1 PILRA SNPs that are significantly associated with Alzheimer's Disease:
• rs2005763 (GWAS P-value: 8.92e-10; b value: -0.0576)",SNP Disease Relations; Gene Disease Relations
Are there any RP11-385F7.1 SNPs that have a statistically significant association with Alzheimer's Disease?,"Yes, according to the largest European genome-wide meta-analysis of Alzheimer's disease (Bellenguez, 2022), there are 6 RP11-385F7.1 SNPs that are significantly associated with Alzheimer's Disease:
• rs12195738 (GWAS P-value: 1.60e-12; b value: 0.0650)
• rs1931837 (GWAS P-value: 6.02e-12; b value: 0.0626)
• rs4715019 (GWAS P-value: 5.16e-12; b value: 0.0628)
• rs9369717 (GWAS P-value: 3.23e-12; b value: 0.0641)
• rs9381564 (GWAS P-value: 6.50e-12; b value: 0.0625)
• rs9473119 (GWAS P-value: 5.57e-12; b value: 0.0627)",SNP Disease Relations; Gene Disease Relations
Are there any VPS11 SNPs that have a statistically significant association with Parkinson's Disease?,"No, according the largest European genome-wide meta-analysis of Parkinson's disease (Nalls et al., 2019),  there are no alleles within VPS11 that are significantly associated with Parkinson's Disease.",SNP Disease Relations; Gene Disease Relations
Are there any MAPT SNPs that have a statistically significant association with Parkinson's Disease?,"Yes, according the largest European genome-wide meta-analysis of Parkinson's disease (Nalls et al., 2019), there are 37 MAPT SNPs that are significantly associated with Parkinson's Disease.
Here are the top 10:
• rs3785884 (GWAS P-value: 2.54e-21; b value: -0.2370)
• rs112572874 (GWAS P-value: 3.24e-21; b value: -0.2392)
• rs111970616 (GWAS P-value: 4.91e-21; b value: -0.2381)
• rs17574361 (GWAS P-value: 5.10e-21; b value: -0.2380)
• rs570200944 (GWAS P-value: 5.14e-21; b value: -0.2408)
• rs112746008 (GWAS P-value: 5.71e-21; b value: -0.2377)
• rs112155389 (GWAS P-value: 5.77e-21; b value: -0.2527)
• rs112197756 (GWAS P-value: 6.15e-21; b value: -0.2375)
• rs62055936 (GWAS P-value: 6.68e-21; b value: -0.2551)
• rs10445338 (GWAS P-value: 6.89e-21; b value: -0.2372)",SNP Disease Relations; Gene Disease Relations
Are there any AC079779.5 SNPs that have a statistically significant association with Amyotrophic Lateral Sclerosis?,"No, according to genome-wide analysis of Amyotrophic Lateral Sclerosis (Nicolas et al., 2018),  there are no alleles within AC079779.5 that are significantly associated with Amyotrophic Lateral Sclerosis.",SNP Disease Relations; Gene Disease Relations
Are there any CTD-2007H13.3 SNPs that have a statistically significant association with Amyotrophic Lateral Sclerosis?,"No, according to genome-wide analysis of Amyotrophic Lateral Sclerosis (Nicolas et al., 2018),  there are no alleles within CTD-2007H13.3 that are significantly associated with Amyotrophic Lateral Sclerosis.",SNP Disease Relations; Gene Disease Relations
Are there any IL6STP1 SNPs that have a statistically significant association with Progressive supranuclear palsy?,"No, according to genome-wide analysis of progressive supranuclear palsy (Höglinger et al., 2011),  there are no alleles within IL6STP1 that are significantly associated with Progressive supranuclear palsy.",SNP Disease Relations; Gene Disease Relations
Are there any RP11-707O23.5 SNPs that have a statistically significant association with Progressive supranuclear palsy?,"Yes, according to genome-wide analysis of progressive supranuclear palsy (Höglinger et al., 2011), there are 3 RP11-707O23.5 SNPs that are significantly associated with Progressive supranuclear palsy:
• rs11012 (GWAS P-value: 2.11e-42; b value: 1.6076)
• rs12373139 (GWAS P-value: 4.65e-51; b value: 1.6879)
• rs1981997 (GWAS P-value: 1.79e-51; b value: 1.7146)",SNP Disease Relations; Gene Disease Relations
Are there any CENPW SNPs that have a statistically significant association with Progressive supranuclear palsy?,"No, according to genome-wide analysis of progressive supranuclear palsy (Höglinger et al., 2011),  there are no alleles within CENPW that are significantly associated with Progressive supranuclear palsy.",SNP Disease Relations; Gene Disease Relations
Are there any RP11-797H7.5 SNPs that have a statistically significant association with Alzheimer's Disease?,"No, according to the largest European genome-wide meta-analysis of Alzheimer's disease (Bellenguez, 2022),  there are no alleles within RP11-797H7.5 that are significantly associated with Alzheimer's Disease.",SNP Disease Relations; Gene Disease Relations
Are there any RP11-670E13.2 SNPs that have a statistically significant association with Progressive supranuclear palsy?,"No, according to genome-wide analysis of progressive supranuclear palsy (Höglinger et al., 2011),  there are no alleles within RP11-670E13.2 that are significantly associated with Progressive supranuclear palsy.",SNP Disease Relations; Gene Disease Relations
Are there any CTB-75G16.3 SNPs that have a statistically significant association with Alzheimer's Disease?,"No, according to the largest European genome-wide meta-analysis of Alzheimer's disease (Bellenguez, 2022),  there are no alleles within CTB-75G16.3 that are significantly associated with Alzheimer's Disease.",SNP Disease Relations; Gene Disease Relations
Are there any BIVM SNPs that have a statistically significant association with Alzheimer's Disease?,"No, according to the largest European genome-wide meta-analysis of Alzheimer's disease (Bellenguez, 2022),  there are no alleles within BIVM that are significantly associated with Alzheimer's Disease.",SNP Disease Relations; Gene Disease Relations
Are there any RP11-665C16.6 SNPs that have a statistically significant association with Parkinson's Disease?,"No, according the largest European genome-wide meta-analysis of Parkinson's disease (Nalls et al., 2019),  there are no alleles within RP11-665C16.6 that are significantly associated with Parkinson's Disease.",SNP Disease Relations; Gene Disease Relations
Are there any ARL17B SNPs that have a statistically significant association with Alzheimer's Disease?,"Yes, according to the largest European genome-wide meta-analysis of Alzheimer's disease (Bellenguez, 2022), there are 6 ARL17B SNPs that are significantly associated with Alzheimer's Disease:
• rs199451 (GWAS P-value: 2.85e-09; b value: 0.0594)
• rs199455 (GWAS P-value: 4.36e-07; b value: 0.0480)
• rs199533 (GWAS P-value: 1.29e-08; b value: 0.0563)
• rs4510068 (GWAS P-value: 1.33e-10; b value: -0.0546)
• rs538628 (GWAS P-value: 3.86e-09; b value: 0.0589)
• rs7225002 (GWAS P-value: 1.63e-10; b value: 0.0537)",SNP Disease Relations; Gene Disease Relations
Are there any AP003774.4 SNPs that have a statistically significant association with Parkinson's Disease?,"No, according the largest European genome-wide meta-analysis of Parkinson's disease (Nalls et al., 2019),  there are no alleles within AP003774.4 that are significantly associated with Parkinson's Disease.",SNP Disease Relations; Gene Disease Relations
Are there any SNAP47 SNPs that have a statistically significant association with Progressive supranuclear palsy?,"No, according to genome-wide analysis of progressive supranuclear palsy (Höglinger et al., 2011),  there are no alleles within SNAP47 that are significantly associated with Progressive supranuclear palsy.",SNP Disease Relations; Gene Disease Relations
Are there any LRCH4 SNPs that have a statistically significant association with Alzheimer's Disease?,"No, according to the largest European genome-wide meta-analysis of Alzheimer's disease (Bellenguez, 2022),  there are no alleles within LRCH4 that are significantly associated with Alzheimer's Disease.",SNP Disease Relations; Gene Disease Relations
Are there any VKORC1 SNPs that have a statistically significant association with Parkinson's Disease?,"Yes, according the largest European genome-wide meta-analysis of Parkinson's disease (Nalls et al., 2019), there are 3 VKORC1 SNPs that are significantly associated with Parkinson's Disease:
• rs4527034 (GWAS P-value: 1.85e-07; b value: -0.0928)
• rs57434408 (GWAS P-value: 8.28e-07; b value: -0.0897)
• rs9923231 (GWAS P-value: 1.12e-06; b value: 0.0862)",SNP Disease Relations; Gene Disease Relations
Are there any LINC00930 SNPs that have a statistically significant association with Alzheimer's Disease?,"No, according to the largest European genome-wide meta-analysis of Alzheimer's disease (Bellenguez, 2022),  there are no alleles within LINC00930 that are significantly associated with Alzheimer's Disease.",SNP Disease Relations; Gene Disease Relations
Are there any LINC00320 SNPs that have a statistically significant association with Parkinson's Disease?,"No, according the largest European genome-wide meta-analysis of Parkinson's disease (Nalls et al., 2019),  there are no alleles within LINC00320 that are significantly associated with Parkinson's Disease.",SNP Disease Relations; Gene Disease Relations
Are there any RP11-527H14.4 SNPs that have a statistically significant association with Amyotrophic Lateral Sclerosis?,"No, according to genome-wide analysis of Amyotrophic Lateral Sclerosis (Nicolas et al., 2018),  there are no alleles within RP11-527H14.4 that are significantly associated with Amyotrophic Lateral Sclerosis.",SNP Disease Relations; Gene Disease Relations
Are there any MYLK-AS1 SNPs that have a statistically significant association with Amyotrophic Lateral Sclerosis?,"No, according to genome-wide analysis of Amyotrophic Lateral Sclerosis (Nicolas et al., 2018),  there are no alleles within MYLK-AS1 that are significantly associated with Amyotrophic Lateral Sclerosis.",SNP Disease Relations; Gene Disease Relations
Are there any OR1M1 SNPs that have a statistically significant association with Progressive supranuclear palsy?,"No, according to genome-wide analysis of progressive supranuclear palsy (Höglinger et al., 2011),  there are no alleles within OR1M1 that are significantly associated with Progressive supranuclear palsy.",SNP Disease Relations; Gene Disease Relations
Are there any GTPBP10 SNPs that have a statistically significant association with Amyotrophic Lateral Sclerosis?,"No, according to genome-wide analysis of Amyotrophic Lateral Sclerosis (Nicolas et al., 2018),  there are no alleles within GTPBP10 that are significantly associated with Amyotrophic Lateral Sclerosis.",SNP Disease Relations; Gene Disease Relations
Are there any CCND3 SNPs that have a statistically significant association with Parkinson's Disease?,"No, according the largest European genome-wide meta-analysis of Parkinson's disease (Nalls et al., 2019),  there are no alleles within CCND3 that are significantly associated with Parkinson's Disease.",SNP Disease Relations; Gene Disease Relations
Are there any ABCD2 SNPs that have a statistically significant association with Alzheimer's Disease?,"No, according to the largest European genome-wide meta-analysis of Alzheimer's disease (Bellenguez, 2022),  there are no alleles within ABCD2 that are significantly associated with Alzheimer's Disease.",SNP Disease Relations; Gene Disease Relations
Are there any FBXL19 SNPs that have a statistically significant association with Alzheimer's Disease?,"Yes, according to the largest European genome-wide meta-analysis of Alzheimer's disease (Bellenguez, 2022), there are 2 FBXL19 SNPs that are significantly associated with Alzheimer's Disease:
• rs1458201 (GWAS P-value: 3.71e-07; b value: 0.0488)
• rs7200879 (GWAS P-value: 4.14e-07; b value: -0.0486)",SNP Disease Relations; Gene Disease Relations
Are there any RP11-326K13.4 SNPs that have a statistically significant association with Alzheimer's Disease?,"No, according to the largest European genome-wide meta-analysis of Alzheimer's disease (Bellenguez, 2022),  there are no alleles within RP11-326K13.4 that are significantly associated with Alzheimer's Disease.",SNP Disease Relations; Gene Disease Relations
Are there any LRRC37A SNPs that have a statistically significant association with Alzheimer's Disease?,"Yes, according to the largest European genome-wide meta-analysis of Alzheimer's disease (Bellenguez, 2022), there are 8 LRRC37A SNPs that are significantly associated with Alzheimer's Disease:
• rs12373168 (GWAS P-value: 1.04e-07; b value: -0.0516)
• rs2668632 (GWAS P-value: 4.64e-08; b value: -0.0541)
• rs2696466 (GWAS P-value: 4.51e-10; b value: 0.0530)
• rs383241 (GWAS P-value: 6.74e-08; b value: -0.0529)
• rs4510068 (GWAS P-value: 1.33e-10; b value: -0.0546)
• rs62055515 (GWAS P-value: 3.19e-08; b value: 0.0542)
• rs62062280 (GWAS P-value: 6.52e-08; b value: -0.0535)
• rs7225002 (GWAS P-value: 1.63e-10; b value: -0.0537)",SNP Disease Relations; Gene Disease Relations
Are there any PTCD1 SNPs that have a statistically significant association with Alzheimer's Disease?,"No, according to the largest European genome-wide meta-analysis of Alzheimer's disease (Bellenguez, 2022),  there are no alleles within PTCD1 that are significantly associated with Alzheimer's Disease.",SNP Disease Relations; Gene Disease Relations
Are there any LILRB2 SNPs that have a statistically significant association with Alzheimer's Disease?,"Yes, according to the largest European genome-wide meta-analysis of Alzheimer's disease (Bellenguez, 2022), there are 1 LILRB2 SNPs that are significantly associated with Alzheimer's Disease:
• rs12984962 (GWAS P-value: 3.10e-07; b value: 0.0481)",SNP Disease Relations; Gene Disease Relations
Are there any MAPK13 SNPs that have a statistically significant association with Amyotrophic Lateral Sclerosis?,"No, according to genome-wide analysis of Amyotrophic Lateral Sclerosis (Nicolas et al., 2018),  there are no alleles within MAPK13 that are significantly associated with Amyotrophic Lateral Sclerosis.",SNP Disease Relations; Gene Disease Relations
Are there any FAM215B SNPs that have a statistically significant association with Alzheimer's Disease?,"Yes, according to the largest European genome-wide meta-analysis of Alzheimer's disease (Bellenguez, 2022), there are 3 FAM215B SNPs that are significantly associated with Alzheimer's Disease:
• rs2696466 (GWAS P-value: 4.51e-10; b value: -0.0530)
• rs55974014 (GWAS P-value: 1.54e-08; b value: -0.0560)
• rs9896243 (GWAS P-value: 1.51e-08; b value: -0.0566)",SNP Disease Relations; Gene Disease Relations
Are there any SLC25A48 SNPs that have a statistically significant association with Alzheimer's Disease?,"No, according to the largest European genome-wide meta-analysis of Alzheimer's disease (Bellenguez, 2022),  there are no alleles within SLC25A48 that are significantly associated with Alzheimer's Disease.",SNP Disease Relations; Gene Disease Relations
Are there any USP6NL SNPs that have a statistically significant association with Alzheimer's Disease?,"Yes, according to the largest European genome-wide meta-analysis of Alzheimer's disease (Bellenguez, 2022), there are 2 USP6NL SNPs that are significantly associated with Alzheimer's Disease:
• rs11257157 (GWAS P-value: 2.78e-06; b value: -0.0478)
• rs12766676 (GWAS P-value: 2.78e-06; b value: 0.0478)",SNP Disease Relations; Gene Disease Relations
Are there any MYEF2 SNPs that have a statistically significant association with Progressive supranuclear palsy?,"No, according to genome-wide analysis of progressive supranuclear palsy (Höglinger et al., 2011),  there are no alleles within MYEF2 that are significantly associated with Progressive supranuclear palsy.",SNP Disease Relations; Gene Disease Relations
Are there any C2CD5 SNPs that have a statistically significant association with Progressive supranuclear palsy?,"No, according to genome-wide analysis of progressive supranuclear palsy (Höglinger et al., 2011),  there are no alleles within C2CD5 that are significantly associated with Progressive supranuclear palsy.",SNP Disease Relations; Gene Disease Relations
Are there any REXO2 SNPs that have a statistically significant association with Alzheimer's Disease?,"No, according to the largest European genome-wide meta-analysis of Alzheimer's disease (Bellenguez, 2022),  there are no alleles within REXO2 that are significantly associated with Alzheimer's Disease.",SNP Disease Relations; Gene Disease Relations
Are there any GLYCAM1 SNPs that have a statistically significant association with Parkinson's Disease?,"No, according the largest European genome-wide meta-analysis of Parkinson's disease (Nalls et al., 2019),  there are no alleles within GLYCAM1 that are significantly associated with Parkinson's Disease.",SNP Disease Relations; Gene Disease Relations
Are there any SNORA71D SNPs that have a statistically significant association with Parkinson's Disease?,"No, according the largest European genome-wide meta-analysis of Parkinson's disease (Nalls et al., 2019),  there are no alleles within SNORA71D that are significantly associated with Parkinson's Disease.",SNP Disease Relations; Gene Disease Relations
Are there any RP1-290I10.3 SNPs that have a statistically significant association with Alzheimer's Disease?,"No, according to the largest European genome-wide meta-analysis of Alzheimer's disease (Bellenguez, 2022),  there are no alleles within RP1-290I10.3 that are significantly associated with Alzheimer's Disease.",SNP Disease Relations; Gene Disease Relations
Are there any MRLN SNPs that have a statistically significant association with Progressive supranuclear palsy?,"No, according to genome-wide analysis of progressive supranuclear palsy (Höglinger et al., 2011),  there are no alleles within MRLN that are significantly associated with Progressive supranuclear palsy.",SNP Disease Relations; Gene Disease Relations
Are there any IGHG3 SNPs that have a statistically significant association with Alzheimer's Disease?,"Yes, according to the largest European genome-wide meta-analysis of Alzheimer's disease (Bellenguez, 2022), there are 2 IGHG3 SNPs that are significantly associated with Alzheimer's Disease:
• rs11849582 (GWAS P-value: 5.46e-07; b value: -0.0526)
• rs74093865 (GWAS P-value: 2.78e-08; b value: 0.0611)",SNP Disease Relations; Gene Disease Relations
Are there any MGC29506 SNPs that have a statistically significant association with Parkinson's Disease?,"No, according the largest European genome-wide meta-analysis of Parkinson's disease (Nalls et al., 2019),  there are no alleles within MGC29506 that are significantly associated with Parkinson's Disease.",SNP Disease Relations; Gene Disease Relations
Are there any H2AC4 SNPs that have a statistically significant association with Alzheimer's Disease?,"No, according to the largest European genome-wide meta-analysis of Alzheimer's disease (Bellenguez, 2022),  there are no alleles within H2AC4 that are significantly associated with Alzheimer's Disease.",SNP Disease Relations; Gene Disease Relations
Are there any RP11-532F6.3 SNPs that have a statistically significant association with Alzheimer's Disease?,"No, according to the largest European genome-wide meta-analysis of Alzheimer's disease (Bellenguez, 2022),  there are no alleles within RP11-532F6.3 that are significantly associated with Alzheimer's Disease.",SNP Disease Relations; Gene Disease Relations
Are there any KRT20 SNPs that have a statistically significant association with Progressive supranuclear palsy?,"No, according to genome-wide analysis of progressive supranuclear palsy (Höglinger et al., 2011),  there are no alleles within KRT20 that are significantly associated with Progressive supranuclear palsy.",SNP Disease Relations; Gene Disease Relations
Are there any C16orf45 SNPs that have a statistically significant association with Parkinson's Disease?,"No, according the largest European genome-wide meta-analysis of Parkinson's disease (Nalls et al., 2019),  there are no alleles within C16orf45 that are significantly associated with Parkinson's Disease.",SNP Disease Relations; Gene Disease Relations
Are there any ZNF398 SNPs that have a statistically significant association with Amyotrophic Lateral Sclerosis?,"No, according to genome-wide analysis of Amyotrophic Lateral Sclerosis (Nicolas et al., 2018),  there are no alleles within ZNF398 that are significantly associated with Amyotrophic Lateral Sclerosis.",SNP Disease Relations; Gene Disease Relations
Are there any PWWP2AP1 SNPs that have a statistically significant association with Alzheimer's Disease?,"No, according to the largest European genome-wide meta-analysis of Alzheimer's disease (Bellenguez, 2022),  there are no alleles within PWWP2AP1 that are significantly associated with Alzheimer's Disease.",SNP Disease Relations; Gene Disease Relations
Are there any C6orf10 SNPs that have a statistically significant association with Alzheimer's Disease?,"Yes, according to the largest European genome-wide meta-analysis of Alzheimer's disease (Bellenguez, 2022), there are 5 C6orf10 SNPs that are significantly associated with Alzheimer's Disease:
• rs35265698 (GWAS P-value: 1.17e-16; b value: -0.0928)
• rs601945 (GWAS P-value: 2.48e-16; b value: -0.0918)
• rs679242 (GWAS P-value: 4.46e-17; b value: -0.0966)
• rs9268399 (GWAS P-value: 2.04e-07; b value: -0.0452)
• rs9271543 (GWAS P-value: 4.25e-07; b value: 0.0440)",SNP Disease Relations; Gene Disease Relations
Are there any AC097713.4 SNPs that have a statistically significant association with Alzheimer's Disease?,"No, according to the largest European genome-wide meta-analysis of Alzheimer's disease (Bellenguez, 2022),  there are no alleles within AC097713.4 that are significantly associated with Alzheimer's Disease.",SNP Disease Relations; Gene Disease Relations
Are there any RAB7L1 SNPs that have a statistically significant association with Parkinson's Disease?,"Yes, according the largest European genome-wide meta-analysis of Parkinson's disease (Nalls et al., 2019), there are 7 RAB7L1 SNPs that are significantly associated with Parkinson's Disease:
• rs1775145 (GWAS P-value: 6.04e-07; b value: -0.0988)
• rs1775151 (GWAS P-value: 2.34e-07; b value: 0.1034)
• rs1775158 (GWAS P-value: 4.54e-07; b value: 0.1009)
• rs708723 (GWAS P-value: 1.03e-08; b value: 0.0979)
• rs823118 (GWAS P-value: 5.15e-09; b value: 0.0999)
• rs863725 (GWAS P-value: 4.30e-07; b value: 0.1011)
• rs947211 (GWAS P-value: 3.77e-07; b value: 0.1016)",SNP Disease Relations; Gene Disease Relations
Are there any PLEKHO2 SNPs that have a statistically significant association with Amyotrophic Lateral Sclerosis?,"No, according to genome-wide analysis of Amyotrophic Lateral Sclerosis (Nicolas et al., 2018),  there are no alleles within PLEKHO2 that are significantly associated with Amyotrophic Lateral Sclerosis.",SNP Disease Relations; Gene Disease Relations
Are there any LY6G6C SNPs that have a statistically significant association with Parkinson's Disease?,"No, according the largest European genome-wide meta-analysis of Parkinson's disease (Nalls et al., 2019),  there are no alleles within LY6G6C that are significantly associated with Parkinson's Disease.",SNP Disease Relations; Gene Disease Relations
Are there any FAM171A2 SNPs that have a statistically significant association with Alzheimer's Disease?,"Yes, according to the largest European genome-wide meta-analysis of Alzheimer's disease (Bellenguez, 2022), there are 2 FAM171A2 SNPs that are significantly associated with Alzheimer's Disease:
• rs708384 (GWAS P-value: 6.88e-07; b value: 0.0422)
• rs850733 (GWAS P-value: 1.12e-06; b value: 0.0409)",SNP Disease Relations; Gene Disease Relations
Are there any RP11-638I2.8 SNPs that have a statistically significant association with Parkinson's Disease?,"No, according the largest European genome-wide meta-analysis of Parkinson's disease (Nalls et al., 2019),  there are no alleles within RP11-638I2.8 that are significantly associated with Parkinson's Disease.",SNP Disease Relations; Gene Disease Relations
Are there any SPIRE1 SNPs that have a statistically significant association with Parkinson's Disease?,"No, according the largest European genome-wide meta-analysis of Parkinson's disease (Nalls et al., 2019),  there are no alleles within SPIRE1 that are significantly associated with Parkinson's Disease.",SNP Disease Relations; Gene Disease Relations
Are there any RP11-73G16.3 SNPs that have a statistically significant association with Amyotrophic Lateral Sclerosis?,"No, according to genome-wide analysis of Amyotrophic Lateral Sclerosis (Nicolas et al., 2018),  there are no alleles within RP11-73G16.3 that are significantly associated with Amyotrophic Lateral Sclerosis.",SNP Disease Relations; Gene Disease Relations
Are there any CELA1 SNPs that have a statistically significant association with Progressive supranuclear palsy?,"No, according to genome-wide analysis of progressive supranuclear palsy (Höglinger et al., 2011),  there are no alleles within CELA1 that are significantly associated with Progressive supranuclear palsy.",SNP Disease Relations; Gene Disease Relations
Are there any SNORD12B SNPs that have a statistically significant association with Amyotrophic Lateral Sclerosis?,"No, according to genome-wide analysis of Amyotrophic Lateral Sclerosis (Nicolas et al., 2018),  there are no alleles within SNORD12B that are significantly associated with Amyotrophic Lateral Sclerosis.",SNP Disease Relations; Gene Disease Relations
Are there any CLNK SNPs that have a statistically significant association with Progressive supranuclear palsy?,"No, according to genome-wide analysis of progressive supranuclear palsy (Höglinger et al., 2011),  there are no alleles within CLNK that are significantly associated with Progressive supranuclear palsy.",SNP Disease Relations; Gene Disease Relations
Are there any C16orf92 SNPs that have a statistically significant association with Alzheimer's Disease?,"Yes, according to the largest European genome-wide meta-analysis of Alzheimer's disease (Bellenguez, 2022), there are 1 C16orf92 SNPs that are significantly associated with Alzheimer's Disease:
• rs4788219 (GWAS P-value: 1.16e-09; b value: -0.0499)",SNP Disease Relations; Gene Disease Relations
Are there any POLR2L SNPs that have a statistically significant association with Progressive supranuclear palsy?,"No, according to genome-wide analysis of progressive supranuclear palsy (Höglinger et al., 2011),  there are no alleles within POLR2L that are significantly associated with Progressive supranuclear palsy.",SNP Disease Relations; Gene Disease Relations
Are there any C12orf23 SNPs that have a statistically significant association with Alzheimer's Disease?,"No, according to the largest European genome-wide meta-analysis of Alzheimer's disease (Bellenguez, 2022),  there are no alleles within C12orf23 that are significantly associated with Alzheimer's Disease.",SNP Disease Relations; Gene Disease Relations
Are there any ST8SIA5 SNPs that have a statistically significant association with Progressive supranuclear palsy?,"No, according to genome-wide analysis of progressive supranuclear palsy (Höglinger et al., 2011),  there are no alleles within ST8SIA5 that are significantly associated with Progressive supranuclear palsy.",SNP Disease Relations; Gene Disease Relations
Are there any RP11-750H9.5 SNPs that have a statistically significant association with Alzheimer's Disease?,"Yes, according to the largest European genome-wide meta-analysis of Alzheimer's disease (Bellenguez, 2022), there are 2 RP11-750H9.5 SNPs that are significantly associated with Alzheimer's Disease:
• rs11039244 (GWAS P-value: 1.52e-08; b value: 0.0481)
• rs2293579 (GWAS P-value: 2.69e-11; b value: 0.0553)",SNP Disease Relations; Gene Disease Relations
Are there any IGHV4-4 SNPs that have a statistically significant association with Alzheimer's Disease?,"Yes, according to the largest European genome-wide meta-analysis of Alzheimer's disease (Bellenguez, 2022), there are 1 IGHV4-4 SNPs that are significantly associated with Alzheimer's Disease:
• rs74091715 (GWAS P-value: 7.10e-07; b value: -0.0600)",SNP Disease Relations; Gene Disease Relations
Are there any VPS13C SNPs that have a statistically significant association with Alzheimer's Disease?,"No, according to the largest European genome-wide meta-analysis of Alzheimer's disease (Bellenguez, 2022),  there are no alleles within VPS13C that are significantly associated with Alzheimer's Disease.",SNP Disease Relations; Gene Disease Relations
Are there any OLFML3 SNPs that have a statistically significant association with Progressive supranuclear palsy?,"No, according to genome-wide analysis of progressive supranuclear palsy (Höglinger et al., 2011),  there are no alleles within OLFML3 that are significantly associated with Progressive supranuclear palsy.",SNP Disease Relations; Gene Disease Relations
Are there any AC017028.7 SNPs that have a statistically significant association with Alzheimer's Disease?,"No, according to the largest European genome-wide meta-analysis of Alzheimer's disease (Bellenguez, 2022),  there are no alleles within AC017028.7 that are significantly associated with Alzheimer's Disease.",SNP Disease Relations; Gene Disease Relations
Are there any C12orf43 SNPs that have a statistically significant association with Progressive supranuclear palsy?,"No, according to genome-wide analysis of progressive supranuclear palsy (Höglinger et al., 2011),  there are no alleles within C12orf43 that are significantly associated with Progressive supranuclear palsy.",SNP Disease Relations; Gene Disease Relations
Are there any SNX29 SNPs that have a statistically significant association with Parkinson's Disease?,"No, according the largest European genome-wide meta-analysis of Parkinson's disease (Nalls et al., 2019),  there are no alleles within SNX29 that are significantly associated with Parkinson's Disease.",SNP Disease Relations; Gene Disease Relations
Are there any TPM3P9 SNPs that have a statistically significant association with Progressive supranuclear palsy?,"No, according to genome-wide analysis of progressive supranuclear palsy (Höglinger et al., 2011),  there are no alleles within TPM3P9 that are significantly associated with Progressive supranuclear palsy.",SNP Disease Relations; Gene Disease Relations
Are there any RP11-689P11.3 SNPs that have a statistically significant association with Alzheimer's Disease?,"No, according to the largest European genome-wide meta-analysis of Alzheimer's disease (Bellenguez, 2022),  there are no alleles within RP11-689P11.3 that are significantly associated with Alzheimer's Disease.",SNP Disease Relations; Gene Disease Relations
Are there any SEC24B SNPs that have a statistically significant association with Progressive supranuclear palsy?,"No, according to genome-wide analysis of progressive supranuclear palsy (Höglinger et al., 2011),  there are no alleles within SEC24B that are significantly associated with Progressive supranuclear palsy.",SNP Disease Relations; Gene Disease Relations
Are there any RP11-341G23.4 SNPs that have a statistically significant association with Alzheimer's Disease?,"No, according to the largest European genome-wide meta-analysis of Alzheimer's disease (Bellenguez, 2022),  there are no alleles within RP11-341G23.4 that are significantly associated with Alzheimer's Disease.",SNP Disease Relations; Gene Disease Relations
Are there any PRMT5 SNPs that have a statistically significant association with Alzheimer's Disease?,"No, according to the largest European genome-wide meta-analysis of Alzheimer's disease (Bellenguez, 2022),  there are no alleles within PRMT5 that are significantly associated with Alzheimer's Disease.",SNP Disease Relations; Gene Disease Relations
Are there any TMEM145 SNPs that have a statistically significant association with Parkinson's Disease?,"No, according the largest European genome-wide meta-analysis of Parkinson's disease (Nalls et al., 2019),  there are no alleles within TMEM145 that are significantly associated with Parkinson's Disease.",SNP Disease Relations; Gene Disease Relations
Are there any ASPHD1 SNPs that have a statistically significant association with Alzheimer's Disease?,"Yes, according to the largest European genome-wide meta-analysis of Alzheimer's disease (Bellenguez, 2022), there are 1 ASPHD1 SNPs that are significantly associated with Alzheimer's Disease:
• rs8059619 (GWAS P-value: 8.36e-07; b value: 0.0404)",SNP Disease Relations; Gene Disease Relations
Are there any MIR23A SNPs that have a statistically significant association with Amyotrophic Lateral Sclerosis?,"No, according to genome-wide analysis of Amyotrophic Lateral Sclerosis (Nicolas et al., 2018),  there are no alleles within MIR23A that are significantly associated with Amyotrophic Lateral Sclerosis.",SNP Disease Relations; Gene Disease Relations
Are there any RP11-67M1.1 SNPs that have a statistically significant association with Parkinson's Disease?,"Yes, according the largest European genome-wide meta-analysis of Parkinson's disease (Nalls et al., 2019), there are 1 RP11-67M1.1 SNPs that are significantly associated with Parkinson's Disease:
• rs1551980 (GWAS P-value: 1.45e-10; b value: -0.1218)",SNP Disease Relations; Gene Disease Relations
Are there any LRRC37A2 SNPs that have a statistically significant association with Progressive supranuclear palsy?,"Yes, according to genome-wide analysis of progressive supranuclear palsy (Höglinger et al., 2011), there are 6 LRRC37A2 SNPs that are significantly associated with Progressive supranuclear palsy:
• rs12373139 (GWAS P-value: 4.65e-51; b value: 1.6879)
• rs169201 (GWAS P-value: 8.55e-46; b value: 1.5881)
• rs1981997 (GWAS P-value: 1.79e-51; b value: 1.7146)
• rs393152 (GWAS P-value: 8.30e-51; b value: 1.6521)
• rs7225002 (GWAS P-value: 1.75e-11; b value: 0.3874)
• rs8070723 (GWAS P-value: 2.23e-51; b value: 1.7039)",SNP Disease Relations; Gene Disease Relations
Are there any TLL1 SNPs that have a statistically significant association with Progressive supranuclear palsy?,"No, according to genome-wide analysis of progressive supranuclear palsy (Höglinger et al., 2011),  there are no alleles within TLL1 that are significantly associated with Progressive supranuclear palsy.",SNP Disease Relations; Gene Disease Relations
Are there any CBLIF SNPs that have a statistically significant association with Progressive supranuclear palsy?,"No, according to genome-wide analysis of progressive supranuclear palsy (Höglinger et al., 2011),  there are no alleles within CBLIF that are significantly associated with Progressive supranuclear palsy.",SNP Disease Relations; Gene Disease Relations
Are there any AC009499.1 SNPs that have a statistically significant association with Parkinson's Disease?,"No, according the largest European genome-wide meta-analysis of Parkinson's disease (Nalls et al., 2019),  there are no alleles within AC009499.1 that are significantly associated with Parkinson's Disease.",SNP Disease Relations; Gene Disease Relations
Are there any ADAMTS19-AS1 SNPs that have a statistically significant association with Progressive supranuclear palsy?,"No, according to genome-wide analysis of progressive supranuclear palsy (Höglinger et al., 2011),  there are no alleles within ADAMTS19-AS1 that are significantly associated with Progressive supranuclear palsy.",SNP Disease Relations; Gene Disease Relations
Are there any ST8SIA2 SNPs that have a statistically significant association with Alzheimer's Disease?,"No, according to the largest European genome-wide meta-analysis of Alzheimer's disease (Bellenguez, 2022),  there are no alleles within ST8SIA2 that are significantly associated with Alzheimer's Disease.",SNP Disease Relations; Gene Disease Relations
Are there any SNX31 SNPs that have a statistically significant association with Alzheimer's Disease?,"Yes, according to the largest European genome-wide meta-analysis of Alzheimer's disease (Bellenguez, 2022), there are 4 SNX31 SNPs that are significantly associated with Alzheimer's Disease:
• rs1693551 (GWAS P-value: 1.46e-08; b value: 0.0459)
• rs1693560 (GWAS P-value: 3.54e-08; b value: 0.0452)
• rs1693568 (GWAS P-value: 2.50e-08; b value: 0.0457)
• rs2978102 (GWAS P-value: 3.54e-08; b value: 0.0452)",SNP Disease Relations; Gene Disease Relations
Are there any TNRC6C-AS1 SNPs that have a statistically significant association with Alzheimer's Disease?,"No, according to the largest European genome-wide meta-analysis of Alzheimer's disease (Bellenguez, 2022),  there are no alleles within TNRC6C-AS1 that are significantly associated with Alzheimer's Disease.",SNP Disease Relations; Gene Disease Relations
Are there any SETP20 SNPs that have a statistically significant association with Progressive supranuclear palsy?,"No, according to genome-wide analysis of progressive supranuclear palsy (Höglinger et al., 2011),  there are no alleles within SETP20 that are significantly associated with Progressive supranuclear palsy.",SNP Disease Relations; Gene Disease Relations
Are there any RP11-320L11.2 SNPs that have a statistically significant association with Amyotrophic Lateral Sclerosis?,"No, according to genome-wide analysis of Amyotrophic Lateral Sclerosis (Nicolas et al., 2018),  there are no alleles within RP11-320L11.2 that are significantly associated with Amyotrophic Lateral Sclerosis.",SNP Disease Relations; Gene Disease Relations
Are there any CSNK2A2 SNPs that have a statistically significant association with Alzheimer's Disease?,"No, according to the largest European genome-wide meta-analysis of Alzheimer's disease (Bellenguez, 2022),  there are no alleles within CSNK2A2 that are significantly associated with Alzheimer's Disease.",SNP Disease Relations; Gene Disease Relations
Are there any RP11-1079K10.3 SNPs that have a statistically significant association with Progressive supranuclear palsy?,"No, according to genome-wide analysis of progressive supranuclear palsy (Höglinger et al., 2011),  there are no alleles within RP11-1079K10.3 that are significantly associated with Progressive supranuclear palsy.",SNP Disease Relations; Gene Disease Relations
Are there any RP11-960L18.1 SNPs that have a statistically significant association with Alzheimer's Disease?,"Yes, according to the largest European genome-wide meta-analysis of Alzheimer's disease (Bellenguez, 2022), there are 1 RP11-960L18.1 SNPs that are significantly associated with Alzheimer's Disease:
• rs12446759 (GWAS P-value: 2.79e-12; b value: 0.0587)",SNP Disease Relations; Gene Disease Relations
Are there any ZDHHC11B SNPs that have a statistically significant association with Amyotrophic Lateral Sclerosis?,"No, according to genome-wide analysis of Amyotrophic Lateral Sclerosis (Nicolas et al., 2018),  there are no alleles within ZDHHC11B that are significantly associated with Amyotrophic Lateral Sclerosis.",SNP Disease Relations; Gene Disease Relations
Are there any KLK2 SNPs that have a statistically significant association with Alzheimer's Disease?,"No, according to the largest European genome-wide meta-analysis of Alzheimer's disease (Bellenguez, 2022),  there are no alleles within KLK2 that are significantly associated with Alzheimer's Disease.",SNP Disease Relations; Gene Disease Relations
Are there any NDUFC2 SNPs that have a statistically significant association with Alzheimer's Disease?,"No, according to the largest European genome-wide meta-analysis of Alzheimer's disease (Bellenguez, 2022),  there are no alleles within NDUFC2 that are significantly associated with Alzheimer's Disease.",SNP Disease Relations; Gene Disease Relations
Are there any KRTAP4-5 SNPs that have a statistically significant association with Parkinson's Disease?,"No, according the largest European genome-wide meta-analysis of Parkinson's disease (Nalls et al., 2019),  there are no alleles within KRTAP4-5 that are significantly associated with Parkinson's Disease.",SNP Disease Relations; Gene Disease Relations
Are there any ADAM21P1 SNPs that have a statistically significant association with Parkinson's Disease?,"No, according the largest European genome-wide meta-analysis of Parkinson's disease (Nalls et al., 2019),  there are no alleles within ADAM21P1 that are significantly associated with Parkinson's Disease.",SNP Disease Relations; Gene Disease Relations
Are there any ZNF652 SNPs that have a statistically significant association with Parkinson's Disease?,"No, according the largest European genome-wide meta-analysis of Parkinson's disease (Nalls et al., 2019),  there are no alleles within ZNF652 that are significantly associated with Parkinson's Disease.",SNP Disease Relations; Gene Disease Relations
Are there any KIF19 SNPs that have a statistically significant association with Progressive supranuclear palsy?,"No, according to genome-wide analysis of progressive supranuclear palsy (Höglinger et al., 2011),  there are no alleles within KIF19 that are significantly associated with Progressive supranuclear palsy.",SNP Disease Relations; Gene Disease Relations
Are there any RPS26P8 SNPs that have a statistically significant association with Parkinson's Disease?,"Yes, according the largest European genome-wide meta-analysis of Parkinson's disease (Nalls et al., 2019), there are 2 RPS26P8 SNPs that are significantly associated with Parkinson's Disease:
• rs55974014 (GWAS P-value: 8.84e-21; b value: -0.2571)
• rs566238830 (GWAS P-value: 5.28e-19; b value: -0.2467)",SNP Disease Relations; Gene Disease Relations
Are there any TRAF3IP2-AS1 SNPs that have a statistically significant association with Amyotrophic Lateral Sclerosis?,"No, according to genome-wide analysis of Amyotrophic Lateral Sclerosis (Nicolas et al., 2018),  there are no alleles within TRAF3IP2-AS1 that are significantly associated with Amyotrophic Lateral Sclerosis.",SNP Disease Relations; Gene Disease Relations
Are there any AKR7A3 SNPs that have a statistically significant association with Progressive supranuclear palsy?,"No, according to genome-wide analysis of progressive supranuclear palsy (Höglinger et al., 2011),  there are no alleles within AKR7A3 that are significantly associated with Progressive supranuclear palsy.",SNP Disease Relations; Gene Disease Relations
Are there any RP11-421M1.8 SNPs that have a statistically significant adjusted SMR p-value in association with Frontotemporal Dementia and what tissues are they significant in?,"No, based on the Whole Brain, Whole Blood, Frontal Cortex, Cerebellar Hemisphere, Prefrontal Cortex, Cortex, Caudate Basal Ganglia, Tibial Nerve, Hypothalamus, Cerebellum and Nucleus Accumbens Basal samples tested there are no SNPs within the gene RP11-421M1.8 that are significantly associated with Frontotemporal Dementia.",SMR SNP Disease Relations; SMR Gene Disease Relations
Are there any PTPRJ SNPs that have a statistically significant adjusted SMR p-value in association with Lewy Body Dementia and what tissues are they significant in?,"No, based on the Whole Brain, Whole Blood, Cortex, Tibial Nerve and Multi Ancestry Whole Brain samples tested there are no SNPs within the gene PTPRJ that are significantly associated with Lewy Body Dementia.",SMR SNP Disease Relations; SMR Gene Disease Relations
Are there any LGALS9 SNPs that have a statistically significant adjusted SMR p-value in association with Alzheimer's Disease and what tissues are they significant in?,"No, based on the Cerebellum, Whole Brain, Whole Blood, Cortex, Tibial Nerve, Skeletal Muscle and Multi Ancestry Whole Brain samples tested there are no SNPs within the gene LGALS9 that are significantly associated with Alzheimer's Disease.",SMR SNP Disease Relations; SMR Gene Disease Relations
Are there any PAMR1 SNPs that have a statistically significant adjusted SMR p-value in association with Frontotemporal Dementia and what tissues are they significant in?,"No, based on the Whole Brain, Whole Blood, Cortex, Prefrontal Cortex and Multi Ancestry Whole Brain samples tested there are no SNPs within the gene PAMR1 that are significantly associated with Frontotemporal Dementia.",SMR SNP Disease Relations; SMR Gene Disease Relations
Are there any TNKS2-AS1 SNPs that have a statistically significant adjusted SMR p-value in association with Frontotemporal Dementia and what tissues are they significant in?,"No, based on the Whole Brain, Whole Blood, Frontal Cortex, Cerebellar Hemisphere, Prefrontal Cortex, Cortex, Caudate Basal Ganglia, Tibial Nerve, Skeletal Muscle, Hippocampus, Substantia nigra, Hypothalamus, Liver, Anterior Cingulate Cortex BA24, Putamen Basal Ganglia, Amygdala, Cerebellum and Nucleus Accumbens Basal samples tested there are no SNPs within the gene TNKS2-AS1 that are significantly associated with Frontotemporal Dementia.",SMR SNP Disease Relations; SMR Gene Disease Relations
Are there any GFPT1 SNPs that have a statistically significant adjusted SMR p-value in association with Progressive supranuclear palsy and what tissues are they significant in?,"No, based on the Whole Brain, Whole Blood, Tibial Nerve, Skeletal Muscle and Multi Ancestry Whole Brain samples tested there are no SNPs within the gene GFPT1 that are significantly associated with Progressive supranuclear palsy.",SMR SNP Disease Relations; SMR Gene Disease Relations
Are there any AC068057.2 SNPs that have a statistically significant adjusted SMR p-value in association with Amyotrophic Lateral Sclerosis and what tissues are they significant in?,"No, based on the Frontal Cortex, Cerebellar Hemisphere, Prefrontal Cortex, Cortex, Caudate Basal Ganglia, Hippocampus, Substantia nigra, Anterior Cingulate Cortex BA24, Putamen Basal Ganglia, Amygdala, Whole Brain and Nucleus Accumbens Basal samples tested there are no SNPs within the gene AC068057.2 that are significantly associated with Amyotrophic Lateral Sclerosis.",SMR SNP Disease Relations; SMR Gene Disease Relations
Are there any PRKAR1A SNPs that have a statistically significant adjusted SMR p-value in association with Progressive supranuclear palsy and what tissues are they significant in?,"No, based on the Whole Brain, Skeletal Muscle, Multi Ancestry Whole Brain and Whole Blood samples tested there are no SNPs within the gene PRKAR1A that are significantly associated with Progressive supranuclear palsy.",SMR SNP Disease Relations; SMR Gene Disease Relations
Are there any P2RX4 SNPs that have a statistically significant adjusted SMR p-value in association with Parkinson's Disease and what tissues are they significant in?,"No, based on the Cerebellum, Whole Brain, Whole Blood, Cortex, Frontal Cortex, Cerebellar Hemisphere, Prefrontal Cortex, Tibial Nerve, Skeletal Muscle and Multi Ancestry Whole Brain samples tested there are no SNPs within the gene P2RX4 that are significantly associated with Parkinson's Disease.",SMR SNP Disease Relations; SMR Gene Disease Relations
Are there any ASB8 SNPs that have a statistically significant adjusted SMR p-value in association with Parkinson's Disease and what tissues are they significant in?,"No, based on the Whole Brain, Whole Blood, Cortex, Frontal Cortex, Prefrontal Cortex, Caudate Basal Ganglia, Tibial Nerve, Skeletal Muscle, Hippocampus, Multi Ancestry Whole Brain, Putamen Basal Ganglia, Cerebellum and Nucleus Accumbens Basal samples tested there are no SNPs within the gene ASB8 that are significantly associated with Parkinson's Disease.",SMR SNP Disease Relations; SMR Gene Disease Relations
Are there any ILF3-AS1 SNPs that have a statistically significant adjusted SMR p-value in association with Amyotrophic Lateral Sclerosis and what tissues are they significant in?,"No, based on the Frontal Cortex, Prefrontal Cortex, Cortex, Caudate Basal Ganglia, Tibial Nerve, Skeletal Muscle, Multi Ancestry Whole Brain, Whole Blood and Whole Brain samples tested there are no SNPs within the gene ILF3-AS1 that are significantly associated with Amyotrophic Lateral Sclerosis.",SMR SNP Disease Relations; SMR Gene Disease Relations
Are there any PLEKHA4 SNPs that have a statistically significant adjusted SMR p-value in association with Lewy Body Dementia and what tissues are they significant in?,"No, based on the Whole Brain, Whole Blood, Skeletal Muscle and Multi Ancestry Whole Brain samples tested there are no SNPs within the gene PLEKHA4 that are significantly associated with Lewy Body Dementia.",SMR SNP Disease Relations; SMR Gene Disease Relations
Are there any ZNF780A SNPs that have a statistically significant adjusted SMR p-value in association with Parkinson's Disease and what tissues are they significant in?,"No, based on the Cortex, Tibial Nerve, Skeletal Muscle, Multi Ancestry Whole Brain, Liver, Whole Blood and Nucleus Accumbens Basal samples tested there are no SNPs within the gene ZNF780A that are significantly associated with Parkinson's Disease.",SMR SNP Disease Relations; SMR Gene Disease Relations
Are there any CCT3 SNPs that have a statistically significant adjusted SMR p-value in association with Lewy Body Dementia and what tissues are they significant in?,"No, based on the Whole Brain, Whole Blood, Cerebellar Hemisphere, Tibial Nerve, Multi Ancestry Whole Brain and Cerebellum samples tested there are no SNPs within the gene CCT3 that are significantly associated with Lewy Body Dementia.",SMR SNP Disease Relations; SMR Gene Disease Relations
Are there any LCN15 SNPs that have a statistically significant adjusted SMR p-value in association with Alzheimer's Disease and what tissues are they significant in?,"No, based on the Basal Ganglia, Hippocampus, Whole Brain, Whole Blood, Cortex, Frontal Cortex, Prefrontal Cortex, Caudate Basal Ganglia, Anterior Cingulate Cortex BA24, Putamen Basal Ganglia, Amygdala and Nucleus Accumbens Basal samples tested there are no SNPs within the gene LCN15 that are significantly associated with Alzheimer's Disease.",SMR SNP Disease Relations; SMR Gene Disease Relations
Are there any PILRA SNPs that have a statistically significant adjusted SMR p-value in association with Frontotemporal Dementia and what tissues are they significant in?,"No, based on the Cerebellum, Basal Ganglia, Hippocampus, Whole Brain, Cortex, Frontal Cortex, Cerebellar Hemisphere, Prefrontal Cortex, Caudate Basal Ganglia, Tibial Nerve, Skeletal Muscle, Multi Ancestry Whole Brain, Substantia nigra, Hypothalamus, Liver, Anterior Cingulate Cortex BA24, Whole Blood, Putamen Basal Ganglia, Amygdala and Nucleus Accumbens Basal samples tested there are no SNPs within the gene PILRA that are significantly associated with Frontotemporal Dementia.",SMR SNP Disease Relations; SMR Gene Disease Relations
Are there any NPIPP1 SNPs that have a statistically significant adjusted SMR p-value in association with Frontotemporal Dementia and what tissues are they significant in?,"No, based on the Whole Brain, Whole Blood, Frontal Cortex, Prefrontal Cortex, Cortex, Caudate Basal Ganglia, Tibial Nerve, Skeletal Muscle, Hippocampus, Multi Ancestry Whole Brain, Hypothalamus, Liver, Anterior Cingulate Cortex BA24, Putamen Basal Ganglia, Cerebellum and Nucleus Accumbens Basal samples tested there are no SNPs within the gene NPIPP1 that are significantly associated with Frontotemporal Dementia.",SMR SNP Disease Relations; SMR Gene Disease Relations
Are there any SPPL2C SNPs that have a statistically significant adjusted SMR p-value in association with Alzheimer's Disease and what tissues are they significant in?,"Yes, the SPPL2C gene has 2 SNPs that are statistically significant in Alzheimer's Disease. Here are the SNPs along with their adjusted SMR p-values:
• rs2532233
    • Cerebellum: Adjusted SMR multi-SNP P-value: 2.37e-06; HEIDI: -9.9990e+03
• rs17573607
    • Cerebellum: Adjusted SMR multi-SNP P-value: 2.71e-06; HEIDI: 9.2014e-01
",SMR SNP Disease Relations; SMR Gene Disease Relations
Are there any CR1 SNPs that have a statistically significant adjusted SMR p-value in association with Parkinson's Disease and what tissues are they significant in?,"No, based on the Cerebellum, Basal Ganglia, Whole Brain, Whole Blood, Cortex, Prefrontal Cortex, Caudate Basal Ganglia and Multi Ancestry Whole Brain samples tested there are no SNPs within the gene CR1 that are significantly associated with Parkinson's Disease.",SMR SNP Disease Relations; SMR Gene Disease Relations
Are there any PRDM5 SNPs that have a statistically significant adjusted SMR p-value in association with Frontotemporal Dementia and what tissues are they significant in?,"No, based on the Whole Brain, Whole Blood, Cortex, Prefrontal Cortex, Tibial Nerve, Skeletal Muscle and Multi Ancestry Whole Brain samples tested there are no SNPs within the gene PRDM5 that are significantly associated with Frontotemporal Dementia.",SMR SNP Disease Relations; SMR Gene Disease Relations
Are there any ARL17A SNPs that have a statistically significant adjusted SMR p-value in association with Progressive supranuclear palsy and what tissues are they significant in?,"Yes, the ARL17A gene has 7 SNPs that are statistically significant in Progressive supranuclear palsy. Here are the SNPs along with their adjusted SMR p-values:
• rs1981997
    • Cortex: Adjusted SMR multi-SNP P-value: 9.73e-46; HEIDI: 5.6019e-32
    • Cerebellum: Adjusted SMR multi-SNP P-value: 3.38e-20; HEIDI: 1.0782e-14
    • Frontal Cortex: Adjusted SMR multi-SNP P-value: 4.03e-17; HEIDI: 3.8785e-11
    • Nucleus Accumbens Basal: Adjusted SMR multi-SNP P-value: 6.86e-15; HEIDI: 2.7867e-13
    • Caudate Basal Ganglia: Adjusted SMR multi-SNP P-value: 4.69e-14; HEIDI: 9.9820e-08
• rs12373139
    • Multi Ancestry Whole Brain: Adjusted SMR multi-SNP P-value: 3.40e-32; HEIDI: -9.9990e+03
    • Skeletal Muscle: Adjusted SMR multi-SNP P-value: 9.90e-19; HEIDI: 1.4362e-07
• rs393152
    • Cerebellum: Adjusted SMR multi-SNP P-value: 7.06e-30; HEIDI: 1.3599e-15
    • Hippocampus: Adjusted SMR multi-SNP P-value: 4.36e-15; HEIDI: 6.2719e-08
    • Basal Ganglia: Adjusted SMR multi-SNP P-value: 4.74e-13; HEIDI: 3.6483e-08
    • Anterior Cingulate Cortex BA24: Adjusted SMR multi-SNP P-value: 1.20e-10; HEIDI: 1.3433e-07
    • Amygdala: Adjusted SMR multi-SNP P-value: 6.08e-09; HEIDI: 6.8247e-02
• rs17692129
    • Whole Blood: Adjusted SMR multi-SNP P-value: 1.53e-25; HEIDI: 4.8419e-10
    • Tibial Nerve: Adjusted SMR multi-SNP P-value: 1.34e-13; HEIDI: 9.2953e-06
    • Liver: Adjusted SMR multi-SNP P-value: 5.35e-11; HEIDI: 2.2513e-04
• rs169201
    • Cerebellar Hemisphere: Adjusted SMR multi-SNP P-value: 2.96e-19; HEIDI: 2.9290e-12
    • Hypothalamus: Adjusted SMR multi-SNP P-value: 1.48e-14; HEIDI: 1.3667e-05
    • Putamen Basal Ganglia: Adjusted SMR multi-SNP P-value: 4.14e-10; HEIDI: 2.4061e-05
• rs11012
    • Whole Brain: Adjusted SMR multi-SNP P-value: 3.70e-14; HEIDI: 2.6983e-19
• rs242557
    • Spinalcord: Adjusted SMR multi-SNP P-value: 1.11e-10; HEIDI: 4.4074e-02
",SMR SNP Disease Relations; SMR Gene Disease Relations
Are there any RPS26P8 SNPs that have a statistically significant adjusted SMR p-value in association with Alzheimer's Disease and what tissues are they significant in?,"Yes, the RPS26P8 gene has 2 SNPs that are statistically significant in Alzheimer's Disease. Here are the SNPs along with their adjusted SMR p-values:
• rs2732705
    • Prefrontal Cortex: Adjusted SMR multi-SNP P-value: 1.84e-06; HEIDI: 4.7832e-02
• rs55974014
    • Tibial Nerve: Adjusted SMR multi-SNP P-value: 2.81e-06; HEIDI: -9.9990e+03
",SMR SNP Disease Relations; SMR Gene Disease Relations
Are there any RP11-120K24.3 SNPs that have a statistically significant adjusted SMR p-value in association with Lewy Body Dementia and what tissues are they significant in?,"No, based on the Frontal Cortex, Cerebellar Hemisphere, Prefrontal Cortex, Cortex, Caudate Basal Ganglia, Whole Blood and Whole Brain samples tested there are no SNPs within the gene RP11-120K24.3 that are significantly associated with Lewy Body Dementia.",SMR SNP Disease Relations; SMR Gene Disease Relations
Are there any INO80E SNPs that have a statistically significant adjusted SMR p-value in association with Alzheimer's Disease and what tissues are they significant in?,"Yes, the INO80E gene has 8 SNPs that are statistically significant in Alzheimer's Disease. Here are the SNPs along with their adjusted SMR p-values:
• rs9925915
    • Whole Blood: Adjusted SMR multi-SNP P-value: 2.00e-11; HEIDI: 3.3713e-02
    • Cortex: Adjusted SMR multi-SNP P-value: 7.15e-08; HEIDI: 2.7622e-01
• rs10871451
    • Whole Brain: Adjusted SMR multi-SNP P-value: 2.53e-08; HEIDI: 3.0811e-03
• rs8054556
    • Multi Ancestry Whole Brain: Adjusted SMR multi-SNP P-value: 3.44e-08; HEIDI: 9.6114e-09
    • Cerebellum: Adjusted SMR multi-SNP P-value: 1.69e-06; HEIDI: 2.9176e-01
    • Whole Blood: Adjusted SMR multi-SNP P-value: 2.35e-06; HEIDI: 3.8265e-01
• rs4787491
    • Tibial Nerve: Adjusted SMR multi-SNP P-value: 8.37e-08; HEIDI: 1.4418e-01
• rs4788199
    • Whole Blood: Adjusted SMR multi-SNP P-value: 1.03e-07; HEIDI: 9.6125e-02
• rs9932196
    • Cerebellum: Adjusted SMR multi-SNP P-value: 8.81e-07; HEIDI: 1.9887e-01
• rs4788204
    • Cerebellar Hemisphere: Adjusted SMR multi-SNP P-value: 1.12e-06; HEIDI: 7.3803e-01
• rs12928610
    • Whole Brain: Adjusted SMR multi-SNP P-value: 1.65e-06; HEIDI: 4.4705e-04
",SMR SNP Disease Relations; SMR Gene Disease Relations
Are there any RP11-13K12.1 SNPs that have a statistically significant adjusted SMR p-value in association with Alzheimer's Disease and what tissues are they significant in?,"No, based on the Whole Brain, Whole Blood, Frontal Cortex, Prefrontal Cortex, Cortex, Caudate Basal Ganglia, Anterior Cingulate Cortex BA24, Amygdala and Nucleus Accumbens Basal samples tested there are no SNPs within the gene RP11-13K12.1 that are significantly associated with Alzheimer's Disease.",SMR SNP Disease Relations; SMR Gene Disease Relations
Are there any C10orf107 SNPs that have a statistically significant adjusted SMR p-value in association with Progressive supranuclear palsy and what tissues are they significant in?,"No, based on the Whole Brain, Frontal Cortex, Cerebellar Hemisphere, Cortex, Caudate Basal Ganglia, Tibial Nerve, Hippocampus, Substantia nigra, Hypothalamus, Anterior Cingulate Cortex BA24, Putamen Basal Ganglia, Amygdala, Cerebellum and Nucleus Accumbens Basal samples tested there are no SNPs within the gene C10orf107 that are significantly associated with Progressive supranuclear palsy.",SMR SNP Disease Relations; SMR Gene Disease Relations
Are there any CCDC23 SNPs that have a statistically significant adjusted SMR p-value in association with Alzheimer's Disease and what tissues are they significant in?,"No, based on the Whole Brain, Whole Blood, Frontal Cortex, Cerebellar Hemisphere, Prefrontal Cortex, Cortex, Caudate Basal Ganglia, Tibial Nerve, Skeletal Muscle, Hippocampus, Multi Ancestry Whole Brain, Substantia nigra, Hypothalamus, Liver, Anterior Cingulate Cortex BA24, Putamen Basal Ganglia, Amygdala, Cerebellum and Nucleus Accumbens Basal samples tested there are no SNPs within the gene CCDC23 that are significantly associated with Alzheimer's Disease.",SMR SNP Disease Relations; SMR Gene Disease Relations
Are there any CPVL SNPs that have a statistically significant adjusted SMR p-value in association with Frontotemporal Dementia and what tissues are they significant in?,"No, based on the Cerebellum, Whole Brain, Whole Blood, Cortex, Frontal Cortex, Prefrontal Cortex, Caudate Basal Ganglia, Tibial Nerve, Skeletal Muscle, Hippocampus, Multi Ancestry Whole Brain and Substantia nigra samples tested there are no SNPs within the gene CPVL that are significantly associated with Frontotemporal Dementia.",SMR SNP Disease Relations; SMR Gene Disease Relations
Are there any BCL3 SNPs that have a statistically significant adjusted SMR p-value in association with Alzheimer's Disease and what tissues are they significant in?,"Yes, the BCL3 gene has 4 SNPs that are statistically significant in Alzheimer's Disease. Here are the SNPs along with their adjusted SMR p-values:
• rs62117204
    • Whole Brain: Adjusted SMR multi-SNP P-value: 2.18e-12; HEIDI: 3.0388e-06
• rs8100197
    • Whole Blood: Adjusted SMR multi-SNP P-value: 1.52e-09; HEIDI: 7.1885e-11
• rs17658713
    • Whole Brain: Adjusted SMR multi-SNP P-value: 2.79e-09; HEIDI: 3.0141e-10
• rs1531517
    • Whole Blood: Adjusted SMR multi-SNP P-value: 2.98e-07; HEIDI: 1.5550e-07
",SMR SNP Disease Relations; SMR Gene Disease Relations
Are there any UBE2U SNPs that have a statistically significant adjusted SMR p-value in association with Alzheimer's Disease and what tissues are they significant in?,"No, based on the Hippocampus, Whole Brain, Whole Blood, Cortex, Frontal Cortex, Prefrontal Cortex, Anterior Cingulate Cortex BA24 and Amygdala samples tested there are no SNPs within the gene UBE2U that are significantly associated with Alzheimer's Disease.",SMR SNP Disease Relations; SMR Gene Disease Relations
Are there any DCLRE1A SNPs that have a statistically significant adjusted SMR p-value in association with Lewy Body Dementia and what tissues are they significant in?,"No, based on the Cortex, Prefrontal Cortex, Multi Ancestry Whole Brain, Whole Blood, Whole Brain and Nucleus Accumbens Basal samples tested there are no SNPs within the gene DCLRE1A that are significantly associated with Lewy Body Dementia.",SMR SNP Disease Relations; SMR Gene Disease Relations
Are there any TMED3 SNPs that have a statistically significant adjusted SMR p-value in association with Parkinson's Disease and what tissues are they significant in?,"No, based on the Whole Brain, Whole Blood, Prefrontal Cortex, Tibial Nerve, Multi Ancestry Whole Brain and Amygdala samples tested there are no SNPs within the gene TMED3 that are significantly associated with Parkinson's Disease.",SMR SNP Disease Relations; SMR Gene Disease Relations
Are there any MANBA SNPs that have a statistically significant adjusted SMR p-value in association with Frontotemporal Dementia and what tissues are they significant in?,"No, based on the Whole Brain, Prefrontal Cortex, Multi Ancestry Whole Brain, Whole Blood and Cerebellum samples tested there are no SNPs within the gene MANBA that are significantly associated with Frontotemporal Dementia.",SMR SNP Disease Relations; SMR Gene Disease Relations
Are there any RP11-385F7.1 SNPs that have a statistically significant adjusted SMR p-value in association with Alzheimer's Disease and what tissues are they significant in?,"Yes, the RP11-385F7.1 gene has 6 SNPs that are statistically significant in Alzheimer's Disease. Here are the SNPs along with their adjusted SMR p-values:
• rs4715019
    • Whole Brain: Adjusted SMR multi-SNP P-value: 2.22e-08; HEIDI: 5.4901e-02
• rs1931837
    • Whole Blood: Adjusted SMR multi-SNP P-value: 8.36e-08; HEIDI: 2.1840e-02
• rs9381564
    • Cerebellum: Adjusted SMR multi-SNP P-value: 9.62e-08; HEIDI: 3.9652e-01
• rs9369717
    • Cerebellar Hemisphere: Adjusted SMR multi-SNP P-value: 5.20e-07; HEIDI: 3.8642e-02
• rs12195738
    • Tibial Nerve: Adjusted SMR multi-SNP P-value: 6.49e-07; HEIDI: 3.3618e-01
• rs9473119
    • Whole Brain: Adjusted SMR multi-SNP P-value: 1.41e-06; HEIDI: 5.2478e-02
",SMR SNP Disease Relations; SMR Gene Disease Relations
Are there any OXTR SNPs that have a statistically significant adjusted SMR p-value in association with Lewy Body Dementia and what tissues are they significant in?,"No, based on the Cerebellum, Basal Ganglia, Spinalcord, Hippocampus, Cortex, Frontal Cortex, Prefrontal Cortex, Caudate Basal Ganglia, Tibial Nerve, Hypothalamus, Whole Blood, Putamen Basal Ganglia, Whole Brain and Nucleus Accumbens Basal samples tested there are no SNPs within the gene OXTR that are significantly associated with Lewy Body Dementia.",SMR SNP Disease Relations; SMR Gene Disease Relations
Are there any IL17D SNPs that have a statistically significant adjusted SMR p-value in association with Amyotrophic Lateral Sclerosis and what tissues are they significant in?,"No, based on the Whole Brain, Whole Blood, Cortex, Skeletal Muscle and Multi Ancestry Whole Brain samples tested there are no SNPs within the gene IL17D that are significantly associated with Amyotrophic Lateral Sclerosis.",SMR SNP Disease Relations; SMR Gene Disease Relations
Are there any SCIMP SNPs that have a statistically significant adjusted SMR p-value in association with Alzheimer's Disease and what tissues are they significant in?,"Yes, the SCIMP gene has 2 SNPs that are statistically significant in Alzheimer's Disease. Here are the SNPs along with their adjusted SMR p-values:
• rs4790253
    • Whole Blood: Adjusted SMR multi-SNP P-value: 6.23e-08; HEIDI: 4.1311e-11
• rs12449702
    • Tibial Nerve: Adjusted SMR multi-SNP P-value: 2.46e-06; HEIDI: 2.4375e-02
",SMR SNP Disease Relations; SMR Gene Disease Relations
Are there any DND1P1 SNPs that have a statistically significant adjusted SMR p-value in association with Progressive supranuclear palsy and what tissues are they significant in?,"Yes, the DND1P1 gene has 5 SNPs that are statistically significant in Progressive supranuclear palsy. Here are the SNPs along with their adjusted SMR p-values:
• rs169201
    • Whole Blood: Adjusted SMR multi-SNP P-value: 9.42e-44; HEIDI: 8.5640e-12
    • Whole Brain: Adjusted SMR multi-SNP P-value: 2.27e-22; HEIDI: 6.7663e-09
• rs12373139
    • Skeletal Muscle: Adjusted SMR multi-SNP P-value: 9.20e-33; HEIDI: 5.7418e-23
    • Whole Blood: Adjusted SMR multi-SNP P-value: 1.68e-30; HEIDI: 6.5741e-27
    • Tibial Nerve: Adjusted SMR multi-SNP P-value: 4.95e-28; HEIDI: 1.9527e-19
• rs1981997
    • Cortex: Adjusted SMR multi-SNP P-value: 1.17e-18; HEIDI: 5.5703e-19
    • Liver: Adjusted SMR multi-SNP P-value: 2.01e-18; HEIDI: 3.9152e-20
    • Nucleus Accumbens Basal: Adjusted SMR multi-SNP P-value: 1.98e-15; HEIDI: 1.2228e-14
    • Putamen Basal Ganglia: Adjusted SMR multi-SNP P-value: 3.94e-15; HEIDI: 8.1405e-18
    • Caudate Basal Ganglia: Adjusted SMR multi-SNP P-value: 4.49e-15; HEIDI: 5.5655e-13
    • Frontal Cortex: Adjusted SMR multi-SNP P-value: 2.03e-14; HEIDI: 3.6292e-13
    • Hypothalamus: Adjusted SMR multi-SNP P-value: 1.17e-13; HEIDI: 8.9697e-14
    • Hippocampus: Adjusted SMR multi-SNP P-value: 2.99e-13; HEIDI: 9.8659e-13
    • Anterior Cingulate Cortex BA24: Adjusted SMR multi-SNP P-value: 3.91e-13; HEIDI: 3.6693e-11
    • Cerebellum: Adjusted SMR multi-SNP P-value: 3.09e-12; HEIDI: 8.4170e-12
    • Amygdala: Adjusted SMR multi-SNP P-value: 3.50e-11; HEIDI: 7.6437e-09
    • Substantia nigra: Adjusted SMR multi-SNP P-value: 3.64e-10; HEIDI: 7.4607e-07
• rs11012
    • Whole Blood: Adjusted SMR multi-SNP P-value: 6.36e-18; HEIDI: 1.8465e-09
• rs1635291
    • Cerebellar Hemisphere: Adjusted SMR multi-SNP P-value: 1.17e-10; HEIDI: 1.0030e-05
",SMR SNP Disease Relations; SMR Gene Disease Relations
Are there any VKORC1 SNPs that have a statistically significant adjusted SMR p-value in association with Parkinson's Disease and what tissues are they significant in?,"Yes, the VKORC1 gene has 3 SNPs that are statistically significant in Parkinson's Disease. Here are the SNPs along with their adjusted SMR p-values:
• rs9923231
    • Liver: Adjusted SMR multi-SNP P-value: 2.75e-08; HEIDI: 1.5184e-03
• rs2884737
    • Multi Ancestry Whole Brain: Adjusted SMR multi-SNP P-value: 5.10e-07; HEIDI: 2.0564e-08
    • Whole Blood: Adjusted SMR multi-SNP P-value: 2.03e-06; HEIDI: 1.2408e-02
• rs57434408
    • Skeletal Muscle: Adjusted SMR multi-SNP P-value: 5.48e-07; HEIDI: 1.2806e-01
",SMR SNP Disease Relations; SMR Gene Disease Relations
Are there any SNCA SNPs that have a statistically significant adjusted SMR p-value in association with Lewy Body Dementia and what tissues are they significant in?,"Yes, the SNCA gene has 6 SNPs that are statistically significant in Lewy Body Dementia. Here are the SNPs along with their adjusted SMR p-values:
• rs2301134
    • Whole Blood: Adjusted SMR multi-SNP P-value: 3.12e-10; HEIDI: 8.6050e-01
• rs3756059
    • Whole Brain: Adjusted SMR multi-SNP P-value: 4.82e-10; HEIDI: 2.3214e-04
• rs2245801
    • Whole Blood: Adjusted SMR multi-SNP P-value: 7.16e-10; HEIDI: 2.8788e-01
• rs1372520
    • Whole Blood: Adjusted SMR multi-SNP P-value: 2.06e-09; HEIDI: 3.1127e-02
    • Whole Brain: Adjusted SMR multi-SNP P-value: 3.80e-09; HEIDI: 6.6506e-03
• rs2301135
    • Whole Blood: Adjusted SMR multi-SNP P-value: 1.48e-06; HEIDI: 7.8678e-01
• rs6817026
    • Whole Brain: Adjusted SMR multi-SNP P-value: 2.74e-06; HEIDI: 4.5179e-09
",SMR SNP Disease Relations; SMR Gene Disease Relations
Are there any FAM215B SNPs that have a statistically significant adjusted SMR p-value in association with Progressive supranuclear palsy and what tissues are they significant in?,"Yes, the FAM215B gene has 4 SNPs that are statistically significant in Progressive supranuclear palsy. Here are the SNPs along with their adjusted SMR p-values:
• rs17692129
    • Whole Blood: Adjusted SMR multi-SNP P-value: 1.76e-17; HEIDI: 3.3599e-07
    • Tibial Nerve: Adjusted SMR multi-SNP P-value: 2.73e-12; HEIDI: 3.6995e-05
• rs169201
    • Cerebellum: Adjusted SMR multi-SNP P-value: 6.81e-16; HEIDI: 4.6023e-07
• rs415430
    • Cerebellar Hemisphere: Adjusted SMR multi-SNP P-value: 3.10e-12; HEIDI: 1.4397e-03
• rs11012
    • Whole Brain: Adjusted SMR multi-SNP P-value: 2.49e-07; HEIDI: 1.4103e-06
",SMR SNP Disease Relations; SMR Gene Disease Relations
Are there any STIM1 SNPs that have a statistically significant adjusted SMR p-value in association with Progressive supranuclear palsy and what tissues are they significant in?,"No, based on the Whole Brain, Whole Blood, Cortex, Tibial Nerve and Multi Ancestry Whole Brain samples tested there are no SNPs within the gene STIM1 that are significantly associated with Progressive supranuclear palsy.",SMR SNP Disease Relations; SMR Gene Disease Relations
Are there any MAPT-AS1 SNPs that have a statistically significant adjusted SMR p-value in association with Alzheimer's Disease and what tissues are they significant in?,"Yes, the MAPT-AS1 gene has 4 SNPs that are statistically significant in Alzheimer's Disease. Here are the SNPs along with their adjusted SMR p-values:
• rs1819040
    • Prefrontal Cortex: Adjusted SMR multi-SNP P-value: 1.74e-07; HEIDI: 8.5587e-03
• rs112310745
    • Whole Blood: Adjusted SMR multi-SNP P-value: 7.63e-07; HEIDI: 2.5253e-02
• rs10445363
    • Whole Blood: Adjusted SMR multi-SNP P-value: 1.02e-06; HEIDI: 5.9937e-02
• rs113790915
    • Whole Blood: Adjusted SMR multi-SNP P-value: 1.49e-06; HEIDI: 4.0879e-02
",SMR SNP Disease Relations; SMR Gene Disease Relations
Are there any SLC25A34 SNPs that have a statistically significant adjusted SMR p-value in association with Progressive supranuclear palsy and what tissues are they significant in?,"No, based on the Cerebellum, Cortex, Frontal Cortex, Cerebellar Hemisphere, Caudate Basal Ganglia, Tibial Nerve, Hippocampus, Multi Ancestry Whole Brain, Hypothalamus, Anterior Cingulate Cortex BA24, Whole Blood, Whole Brain and Nucleus Accumbens Basal samples tested there are no SNPs within the gene SLC25A34 that are significantly associated with Progressive supranuclear palsy.",SMR SNP Disease Relations; SMR Gene Disease Relations
Are there any F3 SNPs that have a statistically significant adjusted SMR p-value in association with Lewy Body Dementia and what tissues are they significant in?,"No, based on the Whole Brain, Whole Blood, Prefrontal Cortex and Multi Ancestry Whole Brain samples tested there are no SNPs within the gene F3 that are significantly associated with Lewy Body Dementia.",SMR SNP Disease Relations; SMR Gene Disease Relations
Are there any RP11-521O16.2 SNPs that have a statistically significant adjusted SMR p-value in association with Alzheimer's Disease and what tissues are they significant in?,"Yes, the RP11-521O16.2 gene has 2 SNPs that are statistically significant in Alzheimer's Disease. Here are the SNPs along with their adjusted SMR p-values:
• rs77279236
    • Prefrontal Cortex: Adjusted SMR multi-SNP P-value: 7.65e-07; HEIDI: 2.3597e-01
• rs2404175
    • Whole Brain: Adjusted SMR multi-SNP P-value: 2.63e-06; HEIDI: 4.8245e-06
",SMR SNP Disease Relations; SMR Gene Disease Relations
Are there any KANSL1 SNPs that have a statistically significant adjusted SMR p-value in association with Alzheimer's Disease and what tissues are they significant in?,"Yes, the KANSL1 gene has 9 SNPs that are statistically significant in Alzheimer's Disease. Here are the SNPs along with their adjusted SMR p-values:
• rs2696569
    • Whole Brain: Adjusted SMR multi-SNP P-value: 5.27e-08; HEIDI: 1.2584e-02
• rs199447
    • Prefrontal Cortex: Adjusted SMR multi-SNP P-value: 7.67e-08; HEIDI: 2.5230e-04
    • Multi Ancestry Whole Brain: Adjusted SMR multi-SNP P-value: 8.81e-07; HEIDI: 8.7602e-01
• rs12150087
    • Whole Brain: Adjusted SMR multi-SNP P-value: 1.65e-07; HEIDI: 1.8468e-03
• rs62073098
    • Whole Brain: Adjusted SMR multi-SNP P-value: 3.67e-07; HEIDI: -9.9990e+03
• rs199457
    • Cortex: Adjusted SMR multi-SNP P-value: 7.58e-07; HEIDI: 9.1736e-01
• rs10514904
    • Whole Brain: Adjusted SMR multi-SNP P-value: 7.69e-07; HEIDI: 2.9967e-02
• rs55987700
    • Whole Brain: Adjusted SMR multi-SNP P-value: 1.42e-06; HEIDI: 3.2562e-01
• rs2532233
    • Whole Blood: Adjusted SMR multi-SNP P-value: 1.65e-06; HEIDI: 9.6884e-02
• rs12951057
    • Whole Blood: Adjusted SMR multi-SNP P-value: 2.40e-06; HEIDI: 2.0442e-06
",SMR SNP Disease Relations; SMR Gene Disease Relations
Are there any RP11-798G7.8 SNPs that have a statistically significant adjusted SMR p-value in association with Parkinson's Disease and what tissues are they significant in?,"Yes, the RP11-798G7.8 gene has 5 SNPs that are statistically significant in Parkinson's Disease. Here are the SNPs along with their adjusted SMR p-values:
• rs62055937
    • Skeletal Muscle: Adjusted SMR multi-SNP P-value: 9.49e-10; HEIDI: -9.9990e+03
• rs16940672
    • Whole Brain: Adjusted SMR multi-SNP P-value: 9.64e-10; HEIDI: 3.5602e-05
• rs6503443
    • Cerebellar Hemisphere: Adjusted SMR multi-SNP P-value: 6.65e-09; HEIDI: 6.8928e-02
• rs113564729
    • Whole Blood: Adjusted SMR multi-SNP P-value: 7.04e-09; HEIDI: 5.9720e-11
• rs6503453
    • Tibial Nerve: Adjusted SMR multi-SNP P-value: 1.36e-08; HEIDI: 1.0875e-08
    • Cerebellum: Adjusted SMR multi-SNP P-value: 8.77e-07; HEIDI: 9.1970e-06
",SMR SNP Disease Relations; SMR Gene Disease Relations
Are there any CORO6 SNPs that have a statistically significant adjusted SMR p-value in association with Alzheimer's Disease and what tissues are they significant in?,"No, based on the Whole Brain, Whole Blood, Cortex, Prefrontal Cortex, Multi Ancestry Whole Brain and Cerebellum samples tested there are no SNPs within the gene CORO6 that are significantly associated with Alzheimer's Disease.",SMR SNP Disease Relations; SMR Gene Disease Relations
Are there any STAU2 SNPs that have a statistically significant adjusted SMR p-value in association with Parkinson's Disease and what tissues are they significant in?,"No, based on the Whole Brain, Whole Blood, Cortex, Cerebellar Hemisphere, Tibial Nerve, Multi Ancestry Whole Brain and Cerebellum samples tested there are no SNPs within the gene STAU2 that are significantly associated with Parkinson's Disease.",SMR SNP Disease Relations; SMR Gene Disease Relations
Are there any MRP63 SNPs that have a statistically significant adjusted SMR p-value in association with Amyotrophic Lateral Sclerosis and what tissues are they significant in?,"No, based on the Whole Brain, Whole Blood, Prefrontal Cortex, Skeletal Muscle and Multi Ancestry Whole Brain samples tested there are no SNPs within the gene MRP63 that are significantly associated with Amyotrophic Lateral Sclerosis.",SMR SNP Disease Relations; SMR Gene Disease Relations
Are there any RP11-366M4.11 SNPs that have a statistically significant adjusted SMR p-value in association with Parkinson's Disease and what tissues are they significant in?,"No, based on the Prefrontal Cortex, Caudate Basal Ganglia, Tibial Nerve, Whole Blood and Nucleus Accumbens Basal samples tested there are no SNPs within the gene RP11-366M4.11 that are significantly associated with Parkinson's Disease.",SMR SNP Disease Relations; SMR Gene Disease Relations
Are there any PRKD2 SNPs that have a statistically significant adjusted SMR p-value in association with Lewy Body Dementia and what tissues are they significant in?,"No, based on the Cerebellum, Hippocampus, Whole Brain, Whole Blood, Cortex, Frontal Cortex, Cerebellar Hemisphere, Prefrontal Cortex, Caudate Basal Ganglia, Tibial Nerve, Skeletal Muscle, Multi Ancestry Whole Brain, Hypothalamus, Liver, Anterior Cingulate Cortex BA24, Putamen Basal Ganglia, Amygdala and Nucleus Accumbens Basal samples tested there are no SNPs within the gene PRKD2 that are significantly associated with Lewy Body Dementia.",SMR SNP Disease Relations; SMR Gene Disease Relations
Are there any RP11-173B14.4 SNPs that have a statistically significant adjusted SMR p-value in association with Alzheimer's Disease and what tissues are they significant in?,"No, based on the Cerebellar Hemisphere, Prefrontal Cortex, Tibial Nerve, Whole Blood and Whole Brain samples tested there are no SNPs within the gene RP11-173B14.4 that are significantly associated with Alzheimer's Disease.",SMR SNP Disease Relations; SMR Gene Disease Relations
Are there any RP11-707O23.5 SNPs that have a statistically significant adjusted SMR p-value in association with Parkinson's Disease and what tissues are they significant in?,"Yes, the RP11-707O23.5 gene has 11 SNPs that are statistically significant in Parkinson's Disease. Here are the top 10 SNPs along with their adjusted SMR p-values:
• rs2732615
    • Prefrontal Cortex: Adjusted SMR multi-SNP P-value: 3.43e-16; HEIDI: 1.6379e-04
• rs440778
    • Whole Brain: Adjusted SMR multi-SNP P-value: 9.37e-16; HEIDI: -9.9990e+03
• rs55974014
    • Skeletal Muscle: Adjusted SMR multi-SNP P-value: 1.12e-15; HEIDI: -9.9990e+03
    • Whole Blood: Adjusted SMR multi-SNP P-value: 2.14e-15; HEIDI: 1.0447e-01
    • Tibial Nerve: Adjusted SMR multi-SNP P-value: 6.86e-15; HEIDI: -9.9990e+03
    • Cerebellum: Adjusted SMR multi-SNP P-value: 1.11e-12; HEIDI: 9.0061e-01
    • Hypothalamus: Adjusted SMR multi-SNP P-value: 1.27e-11; HEIDI: 8.5301e-01
    • Frontal Cortex: Adjusted SMR multi-SNP P-value: 1.64e-11; HEIDI: 8.9536e-01
    • Caudate Basal Ganglia: Adjusted SMR multi-SNP P-value: 2.69e-11; HEIDI: 8.8068e-01
    • Anterior Cingulate Cortex BA24: Adjusted SMR multi-SNP P-value: 3.08e-11; HEIDI: 6.6119e-01
    • Substantia nigra: Adjusted SMR multi-SNP P-value: 2.57e-08; HEIDI: 9.3595e-01
• rs9468
    • Liver: Adjusted SMR multi-SNP P-value: 1.44e-12; HEIDI: -9.9990e+03
    • Hippocampus: Adjusted SMR multi-SNP P-value: 6.31e-11; HEIDI: -9.9990e+03
• rs17575507
    • Whole Brain: Adjusted SMR multi-SNP P-value: 2.95e-12; HEIDI: 3.7536e-02
• rs62056812
    • Cortex: Adjusted SMR multi-SNP P-value: 9.06e-12; HEIDI: -9.9990e+03
• rs2942166
    • Nucleus Accumbens Basal: Adjusted SMR multi-SNP P-value: 1.44e-11; HEIDI: 2.2075e-01
• rs56082319
    • Putamen Basal Ganglia: Adjusted SMR multi-SNP P-value: 3.30e-11; HEIDI: 7.2369e-01
• rs8073146
    • Cerebellar Hemisphere: Adjusted SMR multi-SNP P-value: 4.06e-11; HEIDI: -9.9990e+03
• rs56100013
    • Amygdala: Adjusted SMR multi-SNP P-value: 1.29e-10; HEIDI: -9.9990e+03
",SMR SNP Disease Relations; SMR Gene Disease Relations
Are there any UBR4 SNPs that have a statistically significant adjusted SMR p-value in association with Alzheimer's Disease and what tissues are they significant in?,"No, based on the Whole Brain, Whole Blood, Tibial Nerve, Multi Ancestry Whole Brain and Cerebellum samples tested there are no SNPs within the gene UBR4 that are significantly associated with Alzheimer's Disease.",SMR SNP Disease Relations; SMR Gene Disease Relations
Are there any RP11-10C24.2 SNPs that have a statistically significant adjusted SMR p-value in association with Progressive supranuclear palsy and what tissues are they significant in?,"No, based on the Caudate Basal Ganglia, Tibial Nerve, Whole Brain and Nucleus Accumbens Basal samples tested there are no SNPs within the gene RP11-10C24.2 that are significantly associated with Progressive supranuclear palsy.",SMR SNP Disease Relations; SMR Gene Disease Relations
Are there any LDLRAP1 SNPs that have a statistically significant adjusted SMR p-value in association with Progressive supranuclear palsy and what tissues are they significant in?,"No, based on the Cerebellum, Basal Ganglia, Hippocampus, Whole Brain, Whole Blood, Cortex, Frontal Cortex, Cerebellar Hemisphere, Caudate Basal Ganglia, Tibial Nerve, Skeletal Muscle, Multi Ancestry Whole Brain, Substantia nigra, Putamen Basal Ganglia, Amygdala and Nucleus Accumbens Basal samples tested there are no SNPs within the gene LDLRAP1 that are significantly associated with Progressive supranuclear palsy.",SMR SNP Disease Relations; SMR Gene Disease Relations
Are there any RP11-259G18.2 SNPs that have a statistically significant adjusted SMR p-value in association with Parkinson's Disease and what tissues are they significant in?,"Yes, the RP11-259G18.2 gene has 15 SNPs that are statistically significant in Parkinson's Disease. Here are the top 10 SNPs along with their adjusted SMR p-values:
• rs2532233
    • Whole Blood: Adjusted SMR multi-SNP P-value: 7.07e-15; HEIDI: 7.3487e-05
• rs17661015
    • Whole Blood: Adjusted SMR multi-SNP P-value: 1.21e-14; HEIDI: -9.9990e+03
• rs199528
    • Whole Brain: Adjusted SMR multi-SNP P-value: 4.31e-14; HEIDI: 5.3473e-09
• rs2532363
    • Tibial Nerve: Adjusted SMR multi-SNP P-value: 8.57e-13; HEIDI: -9.9990e+03
• rs62056812
    • Cerebellum: Adjusted SMR multi-SNP P-value: 4.27e-12; HEIDI: -9.9990e+03
• rs62055938
    • Liver: Adjusted SMR multi-SNP P-value: 1.11e-11; HEIDI: -9.9990e+03
• rs55974014
    • Nucleus Accumbens Basal: Adjusted SMR multi-SNP P-value: 1.30e-11; HEIDI: 2.7153e-01
    • Frontal Cortex: Adjusted SMR multi-SNP P-value: 5.84e-11; HEIDI: 3.2943e-01
• rs17763086
    • Cerebellar Hemisphere: Adjusted SMR multi-SNP P-value: 1.83e-11; HEIDI: -9.9990e+03
• rs62055888
    • Cortex: Adjusted SMR multi-SNP P-value: 1.95e-11; HEIDI: -9.9990e+03
• rs199533
    • Caudate Basal Ganglia: Adjusted SMR multi-SNP P-value: 2.36e-11; HEIDI: 4.1194e-02
    • Anterior Cingulate Cortex BA24: Adjusted SMR multi-SNP P-value: 9.75e-11; HEIDI: 5.9934e-02
    • Hypothalamus: Adjusted SMR multi-SNP P-value: 1.02e-10; HEIDI: 5.1366e-04
    • Amygdala: Adjusted SMR multi-SNP P-value: 3.78e-10; HEIDI: 3.5452e-02
",SMR SNP Disease Relations; SMR Gene Disease Relations
Are there any CAMLG SNPs that have a statistically significant adjusted SMR p-value in association with Lewy Body Dementia and what tissues are they significant in?,"No, based on the Cerebellum, Basal Ganglia, Hippocampus, Cortex, Frontal Cortex, Cerebellar Hemisphere, Prefrontal Cortex, Caudate Basal Ganglia, Tibial Nerve, Skeletal Muscle, Multi Ancestry Whole Brain, Substantia nigra, Hypothalamus, Anterior Cingulate Cortex BA24, Whole Blood, Putamen Basal Ganglia, Amygdala, Whole Brain and Nucleus Accumbens Basal samples tested there are no SNPs within the gene CAMLG that are significantly associated with Lewy Body Dementia.",SMR SNP Disease Relations; SMR Gene Disease Relations
Are there any CHST15 SNPs that have a statistically significant adjusted SMR p-value in association with Alzheimer's Disease and what tissues are they significant in?,"No, based on the Cerebellum, Whole Brain, Whole Blood, Cortex, Tibial Nerve, Multi Ancestry Whole Brain and Liver samples tested there are no SNPs within the gene CHST15 that are significantly associated with Alzheimer's Disease.",SMR SNP Disease Relations; SMR Gene Disease Relations
Are there any CAPN10 SNPs that have a statistically significant adjusted SMR p-value in association with Parkinson's Disease and what tissues are they significant in?,"No, based on the Whole Brain, Whole Blood, Cortex, Tibial Nerve, Skeletal Muscle, Multi Ancestry Whole Brain and Putamen Basal Ganglia samples tested there are no SNPs within the gene CAPN10 that are significantly associated with Parkinson's Disease.",SMR SNP Disease Relations; SMR Gene Disease Relations
Are there any C12orf43 SNPs that have a statistically significant adjusted SMR p-value in association with Parkinson's Disease and what tissues are they significant in?,"No, based on the Cerebellum, Whole Brain, Whole Blood, Cortex, Cerebellar Hemisphere, Prefrontal Cortex, Caudate Basal Ganglia, Tibial Nerve, Skeletal Muscle, Multi Ancestry Whole Brain, Anterior Cingulate Cortex BA24 and Nucleus Accumbens Basal samples tested there are no SNPs within the gene C12orf43 that are significantly associated with Parkinson's Disease.",SMR SNP Disease Relations; SMR Gene Disease Relations
Are there any SQSTM1 SNPs that have a statistically significant adjusted SMR p-value in association with Parkinson's Disease and what tissues are they significant in?,"No, based on the Whole Brain, Whole Blood, Cortex, Prefrontal Cortex and Multi Ancestry Whole Brain samples tested there are no SNPs within the gene SQSTM1 that are significantly associated with Parkinson's Disease.",SMR SNP Disease Relations; SMR Gene Disease Relations
Are there any HMBS SNPs that have a statistically significant adjusted SMR p-value in association with Amyotrophic Lateral Sclerosis and what tissues are they significant in?,"No, based on the Cerebellum, Whole Brain, Whole Blood, Cortex, Cerebellar Hemisphere, Prefrontal Cortex, Caudate Basal Ganglia, Tibial Nerve, Skeletal Muscle, Multi Ancestry Whole Brain, Substantia nigra, Hypothalamus, Liver, Anterior Cingulate Cortex BA24, Putamen Basal Ganglia and Nucleus Accumbens Basal samples tested there are no SNPs within the gene HMBS that are significantly associated with Amyotrophic Lateral Sclerosis.",SMR SNP Disease Relations; SMR Gene Disease Relations
Are there any SETD1A SNPs that have a statistically significant adjusted SMR p-value in association with Parkinson's Disease and what tissues are they significant in?,"Yes, the SETD1A gene has 3 SNPs that are statistically significant in Parkinson's Disease. Here are the SNPs along with their adjusted SMR p-values:
• rs7206511
    • Whole Blood: Adjusted SMR multi-SNP P-value: 7.31e-09; HEIDI: 4.2541e-01
• rs11150601
    • Whole Brain: Adjusted SMR multi-SNP P-value: 3.40e-07; HEIDI: 8.5353e-05
• rs12934900
    • Multi Ancestry Whole Brain: Adjusted SMR multi-SNP P-value: 1.94e-06; HEIDI: 3.7994e-10
",SMR SNP Disease Relations; SMR Gene Disease Relations
Are there any BTNL2 SNPs that have a statistically significant adjusted SMR p-value in association with Alzheimer's Disease and what tissues are they significant in?,"Yes, the BTNL2 gene has 11 SNPs that are statistically significant in Alzheimer's Disease. Here are the top 10 SNPs along with their adjusted SMR p-values:
• rs116522341
    • Whole Blood: Adjusted SMR multi-SNP P-value: 2.68e-09; HEIDI: 2.2846e-05
• rs115303880
    • Whole Blood: Adjusted SMR multi-SNP P-value: 2.71e-09; HEIDI: 1.6082e-03
• rs112627226
    • Whole Blood: Adjusted SMR multi-SNP P-value: 8.28e-09; HEIDI: 2.4539e-01
• rs9268912
    • Cortex: Adjusted SMR multi-SNP P-value: 1.77e-08; HEIDI: 4.8827e-04
• rs9271430
    • Whole Blood: Adjusted SMR multi-SNP P-value: 8.90e-08; HEIDI: 1.0256e-07
• rs17191234
    • Whole Blood: Adjusted SMR multi-SNP P-value: 1.57e-07; HEIDI: 2.2692e-02
• rs115625939
    • Whole Blood: Adjusted SMR multi-SNP P-value: 3.11e-07; HEIDI: 1.4872e-01
• rs743862
    • Whole Brain: Adjusted SMR multi-SNP P-value: 7.77e-07; HEIDI: 1.0016e-04
• rs28366340
    • Whole Blood: Adjusted SMR multi-SNP P-value: 8.59e-07; HEIDI: 3.3798e-01
• rs28366339
    • Whole Blood: Adjusted SMR multi-SNP P-value: 1.08e-06; HEIDI: 3.1267e-01
",SMR SNP Disease Relations; SMR Gene Disease Relations
Are there any GALNT16 SNPs that have a statistically significant adjusted SMR p-value in association with Parkinson's Disease and what tissues are they significant in?,"No, based on the Cerebellum, Whole Brain, Whole Blood, Cortex, Cerebellar Hemisphere, Prefrontal Cortex, Skeletal Muscle and Multi Ancestry Whole Brain samples tested there are no SNPs within the gene GALNT16 that are significantly associated with Parkinson's Disease.",SMR SNP Disease Relations; SMR Gene Disease Relations
Are there any SFTA2 SNPs that have a statistically significant adjusted SMR p-value in association with Alzheimer's Disease and what tissues are they significant in?,"Yes, the SFTA2 gene has 3 SNPs that are statistically significant in Alzheimer's Disease. Here are the SNPs along with their adjusted SMR p-values:
• rs2233980
    • Whole Blood: Adjusted SMR multi-SNP P-value: 4.14e-08; HEIDI: 2.2532e-02
• rs3132556
    • Whole Blood: Adjusted SMR multi-SNP P-value: 1.03e-07; HEIDI: 1.3240e-01
• rs2233974
    • Whole Blood: Adjusted SMR multi-SNP P-value: 2.04e-07; HEIDI: 1.0480e-01
",SMR SNP Disease Relations; SMR Gene Disease Relations
Are there any TRIM40 SNPs that have a statistically significant adjusted SMR p-value in association with Alzheimer's Disease and what tissues are they significant in?,"Yes, the TRIM40 gene has 3 SNPs that are statistically significant in Alzheimer's Disease. Here are the SNPs along with their adjusted SMR p-values:
• rs115938232
    • Whole Blood: Adjusted SMR multi-SNP P-value: 3.57e-07; HEIDI: 7.8207e-01
• rs114882073
    • Whole Blood: Adjusted SMR multi-SNP P-value: 4.83e-07; HEIDI: 7.9225e-01
• rs17184549
    • Whole Blood: Adjusted SMR multi-SNP P-value: 1.44e-06; HEIDI: 9.0900e-05
",SMR SNP Disease Relations; SMR Gene Disease Relations
Are there any NSF SNPs that have a statistically significant adjusted SMR p-value in association with Progressive supranuclear palsy and what tissues are they significant in?,"Yes, the NSF gene has 2 SNPs that are statistically significant in Progressive supranuclear palsy. Here are the SNPs along with their adjusted SMR p-values:
• rs2074404
    • Whole Blood: Adjusted SMR multi-SNP P-value: 1.62e-21; HEIDI: 8.7939e-06
• rs4792831
    • Skeletal Muscle: Adjusted SMR multi-SNP P-value: 1.18e-07; HEIDI: 1.9198e-08
    • Multi Ancestry Whole Brain: Adjusted SMR multi-SNP P-value: 3.79e-07; HEIDI: 6.5683e-04
",SMR SNP Disease Relations; SMR Gene Disease Relations
Are there any NCCRP1 SNPs that have a statistically significant adjusted SMR p-value in association with Amyotrophic Lateral Sclerosis and what tissues are they significant in?,"No, based on the Cerebellum, Whole Brain, Whole Blood and Cerebellar Hemisphere samples tested there are no SNPs within the gene NCCRP1 that are significantly associated with Amyotrophic Lateral Sclerosis.",SMR SNP Disease Relations; SMR Gene Disease Relations
Are there any ACOT13 SNPs that have a statistically significant adjusted SMR p-value in association with Frontotemporal Dementia and what tissues are they significant in?,"No, based on the Whole Brain, Whole Blood, Prefrontal Cortex, Skeletal Muscle and Multi Ancestry Whole Brain samples tested there are no SNPs within the gene ACOT13 that are significantly associated with Frontotemporal Dementia.",SMR SNP Disease Relations; SMR Gene Disease Relations
Are there any RFFL SNPs that have a statistically significant adjusted SMR p-value in association with Amyotrophic Lateral Sclerosis and what tissues are they significant in?,"No, based on the Cortex, Prefrontal Cortex, Tibial Nerve, Skeletal Muscle, Multi Ancestry Whole Brain, Whole Blood, Whole Brain and Nucleus Accumbens Basal samples tested there are no SNPs within the gene RFFL that are significantly associated with Amyotrophic Lateral Sclerosis.",SMR SNP Disease Relations; SMR Gene Disease Relations
Are there any RP4-753D10.3 SNPs that have a statistically significant adjusted SMR p-value in association with Lewy Body Dementia and what tissues are they significant in?,"No, based on the Whole Brain, Whole Blood, Cerebellum and Nucleus Accumbens Basal samples tested there are no SNPs within the gene RP4-753D10.3 that are significantly associated with Lewy Body Dementia.",SMR SNP Disease Relations; SMR Gene Disease Relations
Are there any MAPK3 SNPs that have a statistically significant adjusted SMR p-value in association with Alzheimer's Disease and what tissues are they significant in?,"Yes, the MAPK3 gene has 2 SNPs that are statistically significant in Alzheimer's Disease. Here are the SNPs along with their adjusted SMR p-values:
• rs55732507
    • Whole Blood: Adjusted SMR multi-SNP P-value: 2.60e-11; HEIDI: 6.3508e-05
• rs8061772
    • Whole Blood: Adjusted SMR multi-SNP P-value: 1.58e-06; HEIDI: 6.2884e-04
",SMR SNP Disease Relations; SMR Gene Disease Relations
Are there any LINC00665 SNPs that have a statistically significant adjusted SMR p-value in association with Progressive supranuclear palsy and what tissues are they significant in?,"No, based on the Whole Brain, Whole Blood, Frontal Cortex, Cerebellar Hemisphere, Cortex, Caudate Basal Ganglia, Tibial Nerve, Skeletal Muscle, Hippocampus, Multi Ancestry Whole Brain, Hypothalamus, Anterior Cingulate Cortex BA24, Putamen Basal Ganglia, Amygdala, Cerebellum and Nucleus Accumbens Basal samples tested there are no SNPs within the gene LINC00665 that are significantly associated with Progressive supranuclear palsy.",SMR SNP Disease Relations; SMR Gene Disease Relations
Are there any LINC00657 SNPs that have a statistically significant adjusted SMR p-value in association with Parkinson's Disease and what tissues are they significant in?,"No, based on the Prefrontal Cortex, Skeletal Muscle and Multi Ancestry Whole Brain samples tested there are no SNPs within the gene LINC00657 that are significantly associated with Parkinson's Disease.",SMR SNP Disease Relations; SMR Gene Disease Relations
Are there any RP3-402G11.26 SNPs that have a statistically significant adjusted SMR p-value in association with Progressive supranuclear palsy and what tissues are they significant in?,"No, based on the Whole Brain, Whole Blood, Frontal Cortex, Cerebellar Hemisphere, Cortex, Caudate Basal Ganglia, Tibial Nerve, Skeletal Muscle, Hippocampus, Multi Ancestry Whole Brain, Substantia nigra, Hypothalamus, Putamen Basal Ganglia, Amygdala, Cerebellum and Nucleus Accumbens Basal samples tested there are no SNPs within the gene RP3-402G11.26 that are significantly associated with Progressive supranuclear palsy.",SMR SNP Disease Relations; SMR Gene Disease Relations
Are there any STYXL1 SNPs that have a statistically significant adjusted SMR p-value in association with Frontotemporal Dementia and what tissues are they significant in?,"No, based on the Cerebellum, Whole Brain, Whole Blood, Cortex, Frontal Cortex, Cerebellar Hemisphere, Prefrontal Cortex, Caudate Basal Ganglia, Tibial Nerve, Skeletal Muscle, Hippocampus, Multi Ancestry Whole Brain, Hypothalamus, Liver, Anterior Cingulate Cortex BA24, Putamen Basal Ganglia and Nucleus Accumbens Basal samples tested there are no SNPs within the gene STYXL1 that are significantly associated with Frontotemporal Dementia.",SMR SNP Disease Relations; SMR Gene Disease Relations
Are there any LEPROTL1 SNPs that have a statistically significant adjusted SMR p-value in association with Amyotrophic Lateral Sclerosis and what tissues are they significant in?,"No, based on the Whole Brain, Whole Blood, Tibial Nerve, Skeletal Muscle and Multi Ancestry Whole Brain samples tested there are no SNPs within the gene LEPROTL1 that are significantly associated with Amyotrophic Lateral Sclerosis.",SMR SNP Disease Relations; SMR Gene Disease Relations
Are there any BTBD7 SNPs that have a statistically significant adjusted SMR p-value in association with Frontotemporal Dementia and what tissues are they significant in?,"No, based on the Whole Brain, Whole Blood, Prefrontal Cortex and Multi Ancestry Whole Brain samples tested there are no SNPs within the gene BTBD7 that are significantly associated with Frontotemporal Dementia.",SMR SNP Disease Relations; SMR Gene Disease Relations
Are there any GPR125 SNPs that have a statistically significant adjusted SMR p-value in association with Progressive supranuclear palsy and what tissues are they significant in?,"No, based on the Whole Brain, Whole Blood, Skeletal Muscle and Multi Ancestry Whole Brain samples tested there are no SNPs within the gene GPR125 that are significantly associated with Progressive supranuclear palsy.",SMR SNP Disease Relations; SMR Gene Disease Relations
Are there any PDLIM7 SNPs that have a statistically significant adjusted SMR p-value in association with Lewy Body Dementia and what tissues are they significant in?,"No, based on the Whole Brain, Whole Blood, Cortex, Prefrontal Cortex, Skeletal Muscle and Multi Ancestry Whole Brain samples tested there are no SNPs within the gene PDLIM7 that are significantly associated with Lewy Body Dementia.",SMR SNP Disease Relations; SMR Gene Disease Relations
Are there any MREG SNPs that have a statistically significant adjusted SMR p-value in association with Alzheimer's Disease and what tissues are they significant in?,"No, based on the Whole Brain, Whole Blood, Cortex, Prefrontal Cortex and Multi Ancestry Whole Brain samples tested there are no SNPs within the gene MREG that are significantly associated with Alzheimer's Disease.",SMR SNP Disease Relations; SMR Gene Disease Relations
Are there any HS3ST3B1 SNPs that have a statistically significant adjusted SMR p-value in association with Parkinson's Disease and what tissues are they significant in?,"No, based on the Cerebellum, Whole Brain, Whole Blood, Cortex, Prefrontal Cortex, Tibial Nerve and Multi Ancestry Whole Brain samples tested there are no SNPs within the gene HS3ST3B1 that are significantly associated with Parkinson's Disease.",SMR SNP Disease Relations; SMR Gene Disease Relations
Are there any C9orf152 SNPs that have a statistically significant adjusted SMR p-value in association with Amyotrophic Lateral Sclerosis and what tissues are they significant in?,"No, based on the Cerebellum, Whole Brain, Whole Blood, Cortex, Cerebellar Hemisphere, Tibial Nerve and Liver samples tested there are no SNPs within the gene C9orf152 that are significantly associated with Amyotrophic Lateral Sclerosis.",SMR SNP Disease Relations; SMR Gene Disease Relations
Are there any RP11-798G7.6 SNPs that have a statistically significant adjusted SMR p-value in association with Progressive supranuclear palsy and what tissues are they significant in?,"Yes, the RP11-798G7.6 gene has 3 SNPs that are statistically significant in Progressive supranuclear palsy. Here are the SNPs along with their adjusted SMR p-values:
• rs173365
    • Whole Blood: Adjusted SMR multi-SNP P-value: 5.74e-14; HEIDI: -9.9990e+03
• rs169201
    • Whole Brain: Adjusted SMR multi-SNP P-value: 2.68e-12; HEIDI: 4.1297e-12
• rs7220988
    • Whole Blood: Adjusted SMR multi-SNP P-value: 8.96e-07; HEIDI: 1.0827e-04
",SMR SNP Disease Relations; SMR Gene Disease Relations
Are there any C16orf93 SNPs that have a statistically significant adjusted SMR p-value in association with Parkinson's Disease and what tissues are they significant in?,"Yes, the C16orf93 gene has 2 SNPs that are statistically significant in Parkinson's Disease. Here are the SNPs along with their adjusted SMR p-values:
• rs885107
    • Whole Brain: Adjusted SMR multi-SNP P-value: 1.69e-07; HEIDI: 1.8775e-01
• rs3747486
    • Prefrontal Cortex: Adjusted SMR multi-SNP P-value: 6.40e-07; HEIDI: 4.6721e-03
",SMR SNP Disease Relations; SMR Gene Disease Relations
Are there any CTD-2020K17.1 SNPs that have a statistically significant adjusted SMR p-value in association with Parkinson's Disease and what tissues are they significant in?,"Yes, the CTD-2020K17.1 gene has 2 SNPs that are statistically significant in Parkinson's Disease. Here are the SNPs along with their adjusted SMR p-values:
• rs62063276
    • Cerebellum: Adjusted SMR multi-SNP P-value: 8.99e-08; HEIDI: 8.1330e-01
    • Multi Ancestry Whole Brain: Adjusted SMR multi-SNP P-value: 2.55e-07; HEIDI: 9.0697e-01
• rs1358071
    • Cerebellar Hemisphere: Adjusted SMR multi-SNP P-value: 2.44e-06; HEIDI: 1.0007e-01
",SMR SNP Disease Relations; SMR Gene Disease Relations
Are there any DDX27 SNPs that have a statistically significant adjusted SMR p-value in association with Amyotrophic Lateral Sclerosis and what tissues are they significant in?,"No, based on the Prefrontal Cortex, Multi Ancestry Whole Brain and Whole Blood samples tested there are no SNPs within the gene DDX27 that are significantly associated with Amyotrophic Lateral Sclerosis.",SMR SNP Disease Relations; SMR Gene Disease Relations
Are there any PHLDA3 SNPs that have a statistically significant adjusted SMR p-value in association with Lewy Body Dementia and what tissues are they significant in?,"No, based on the Whole Brain, Whole Blood, Cortex, Frontal Cortex, Prefrontal Cortex, Skeletal Muscle, Multi Ancestry Whole Brain and Nucleus Accumbens Basal samples tested there are no SNPs within the gene PHLDA3 that are significantly associated with Lewy Body Dementia.",SMR SNP Disease Relations; SMR Gene Disease Relations
Are there any WBP2NL SNPs that have a statistically significant adjusted SMR p-value in association with Frontotemporal Dementia and what tissues are they significant in?,"No, based on the Cerebellum, Spinalcord, Hippocampus, Whole Brain, Whole Blood, Cortex, Frontal Cortex, Cerebellar Hemisphere, Prefrontal Cortex, Caudate Basal Ganglia, Tibial Nerve, Skeletal Muscle, Hypothalamus, Anterior Cingulate Cortex BA24, Putamen Basal Ganglia and Nucleus Accumbens Basal samples tested there are no SNPs within the gene WBP2NL that are significantly associated with Frontotemporal Dementia.",SMR SNP Disease Relations; SMR Gene Disease Relations
Are there any KIAA1841 SNPs that have a statistically significant adjusted SMR p-value in association with Alzheimer's Disease and what tissues are they significant in?,"No, based on the Whole Brain, Cortex, Prefrontal Cortex, Multi Ancestry Whole Brain and Whole Blood samples tested there are no SNPs within the gene KIAA1841 that are significantly associated with Alzheimer's Disease.",SMR SNP Disease Relations; SMR Gene Disease Relations
Are there any UNC13C SNPs that have a statistically significant adjusted SMR p-value in association with Alzheimer's Disease and what tissues are they significant in?,"No, based on the Whole Brain, Whole Blood, Cortex, Prefrontal Cortex and Skeletal Muscle samples tested there are no SNPs within the gene UNC13C that are significantly associated with Alzheimer's Disease.",SMR SNP Disease Relations; SMR Gene Disease Relations
Are there any HSPA4 SNPs that have a statistically significant adjusted SMR p-value in association with Frontotemporal Dementia and what tissues are they significant in?,"No, based on the Cerebellar Hemisphere, Cortex, Caudate Basal Ganglia, Tibial Nerve, Skeletal Muscle, Multi Ancestry Whole Brain, Whole Blood, Whole Brain and Nucleus Accumbens Basal samples tested there are no SNPs within the gene HSPA4 that are significantly associated with Frontotemporal Dementia.",SMR SNP Disease Relations; SMR Gene Disease Relations
Are there any BX322557.10 SNPs that have a statistically significant adjusted SMR p-value in association with Lewy Body Dementia and what tissues are they significant in?,"No, based on the Whole Brain, Whole Blood, Frontal Cortex, Cerebellar Hemisphere, Prefrontal Cortex, Cortex, Caudate Basal Ganglia, Hippocampus, Multi Ancestry Whole Brain, Hypothalamus, Anterior Cingulate Cortex BA24, Putamen Basal Ganglia, Amygdala, Cerebellum and Nucleus Accumbens Basal samples tested there are no SNPs within the gene BX322557.10 that are significantly associated with Lewy Body Dementia.",SMR SNP Disease Relations; SMR Gene Disease Relations
Are there any IDUA SNPs that have a statistically significant adjusted SMR p-value in association with Parkinson's Disease and what tissues are they significant in?,"Yes, the IDUA gene has 15 SNPs that are statistically significant in Parkinson's Disease. Here are the top 10 SNPs along with their adjusted SMR p-values:
• rs1051613
    • Whole Brain: Adjusted SMR multi-SNP P-value: 4.55e-13; HEIDI: 2.2131e-05
• rs6599388
    • Whole Brain: Adjusted SMR multi-SNP P-value: 1.87e-12; HEIDI: 1.9149e-02
    • Skeletal Muscle: Adjusted SMR multi-SNP P-value: 1.39e-09; HEIDI: 5.6506e-03
• rs11724804
    • Whole Blood: Adjusted SMR multi-SNP P-value: 3.50e-11; HEIDI: 2.1160e-03
• rs11936407
    • Whole Blood: Adjusted SMR multi-SNP P-value: 1.16e-09; HEIDI: 4.7751e-12
• rs11248061
    • Whole Brain: Adjusted SMR multi-SNP P-value: 3.55e-09; HEIDI: 8.5096e-02
    • Tibial Nerve: Adjusted SMR multi-SNP P-value: 3.54e-08; HEIDI: 1.9435e-03
    • Whole Blood: Adjusted SMR multi-SNP P-value: 4.08e-07; HEIDI: 2.4358e-02
• rs10010999
    • Whole Blood: Adjusted SMR multi-SNP P-value: 1.21e-08; HEIDI: 1.0798e-04
• rs62294519
    • Whole Blood: Adjusted SMR multi-SNP P-value: 2.00e-08; HEIDI: 5.2135e-02
• rs115435541
    • Whole Blood: Adjusted SMR multi-SNP P-value: 2.12e-08; HEIDI: 2.6075e-07
• rs73211813
    • Cortex: Adjusted SMR multi-SNP P-value: 2.39e-08; HEIDI: 3.8647e-02
• rs4690219
    • Whole Brain: Adjusted SMR multi-SNP P-value: 1.05e-07; HEIDI: 3.0223e-07
",SMR SNP Disease Relations; SMR Gene Disease Relations
Are there any RUFY4 SNPs that have a statistically significant adjusted SMR p-value in association with Frontotemporal Dementia and what tissues are they significant in?,"No, based on the Whole Brain, Whole Blood, Cortex, Tibial Nerve and Anterior Cingulate Cortex BA24 samples tested there are no SNPs within the gene RUFY4 that are significantly associated with Frontotemporal Dementia.",SMR SNP Disease Relations; SMR Gene Disease Relations
Are there any PM20D1 SNPs that have a statistically significant adjusted SMR p-value in association with Parkinson's Disease and what tissues are they significant in?,"Yes, the PM20D1 gene has 3 SNPs that are statistically significant in Parkinson's Disease. Here are the SNPs along with their adjusted SMR p-values:
• rs823080
    • Whole Blood: Adjusted SMR multi-SNP P-value: 3.84e-07; HEIDI: 7.3549e-05
• rs9438393
    • Cortex: Adjusted SMR multi-SNP P-value: 6.36e-07; HEIDI: 1.9440e-05
• rs1772143
    • Whole Blood: Adjusted SMR multi-SNP P-value: 7.75e-07; HEIDI: 2.3287e-06
",SMR SNP Disease Relations; SMR Gene Disease Relations
Are there any CPSF1 SNPs that have a statistically significant adjusted SMR p-value in association with Amyotrophic Lateral Sclerosis and what tissues are they significant in?,"No, based on the Cerebellum, Basal Ganglia, Spinalcord, Hippocampus, Whole Brain, Whole Blood, Cortex, Frontal Cortex, Cerebellar Hemisphere, Prefrontal Cortex, Caudate Basal Ganglia, Tibial Nerve, Skeletal Muscle, Multi Ancestry Whole Brain, Substantia nigra, Hypothalamus, Liver, Anterior Cingulate Cortex BA24, Putamen Basal Ganglia, Amygdala and Nucleus Accumbens Basal samples tested there are no SNPs within the gene CPSF1 that are significantly associated with Amyotrophic Lateral Sclerosis.",SMR SNP Disease Relations; SMR Gene Disease Relations
Are there any PRDM7 SNPs that have a statistically significant adjusted SMR p-value in association with Alzheimer's Disease and what tissues are they significant in?,"Yes, the PRDM7 gene has 2 SNPs that are statistically significant in Alzheimer's Disease. Here are the SNPs along with their adjusted SMR p-values:
• rs34101249
    • Whole Brain: Adjusted SMR multi-SNP P-value: 7.20e-07; HEIDI: 1.8986e-01
• rs62054657
    • Whole Brain: Adjusted SMR multi-SNP P-value: 1.27e-06; HEIDI: 1.2372e-01
",SMR SNP Disease Relations; SMR Gene Disease Relations
Are there any ETV1 SNPs that have a statistically significant adjusted SMR p-value in association with Amyotrophic Lateral Sclerosis and what tissues are they significant in?,"No, based on the Whole Brain, Prefrontal Cortex and Multi Ancestry Whole Brain samples tested there are no SNPs within the gene ETV1 that are significantly associated with Amyotrophic Lateral Sclerosis.",SMR SNP Disease Relations; SMR Gene Disease Relations
Are there any ATP5G1 SNPs that have a statistically significant adjusted SMR p-value in association with Amyotrophic Lateral Sclerosis and what tissues are they significant in?,"No, based on the Whole Blood, Frontal Cortex, Cerebellar Hemisphere, Prefrontal Cortex, Cortex, Tibial Nerve, Skeletal Muscle, Multi Ancestry Whole Brain, Whole Brain and Cerebellum samples tested there are no SNPs within the gene ATP5G1 that are significantly associated with Amyotrophic Lateral Sclerosis.",SMR SNP Disease Relations; SMR Gene Disease Relations
Are there any SAT2 SNPs that have a statistically significant adjusted SMR p-value in association with Frontotemporal Dementia and what tissues are they significant in?,"No, based on the Cerebellum, Cortex, Frontal Cortex, Cerebellar Hemisphere, Prefrontal Cortex, Tibial Nerve, Skeletal Muscle, Multi Ancestry Whole Brain, Anterior Cingulate Cortex BA24, Whole Blood, Whole Brain and Nucleus Accumbens Basal samples tested there are no SNPs within the gene SAT2 that are significantly associated with Frontotemporal Dementia.",SMR SNP Disease Relations; SMR Gene Disease Relations
Are there any GMPS SNPs that have a statistically significant adjusted SMR p-value in association with Lewy Body Dementia and what tissues are they significant in?,"No, based on the Whole Brain, Whole Blood, Tibial Nerve, Skeletal Muscle and Multi Ancestry Whole Brain samples tested there are no SNPs within the gene GMPS that are significantly associated with Lewy Body Dementia.",SMR SNP Disease Relations; SMR Gene Disease Relations
Are there any CTC-459F4.1 SNPs that have a statistically significant adjusted SMR p-value in association with Amyotrophic Lateral Sclerosis and what tissues are they significant in?,"No, based on the Frontal Cortex, Cerebellar Hemisphere, Prefrontal Cortex, Cortex, Caudate Basal Ganglia, Tibial Nerve, Skeletal Muscle, Hippocampus, Multi Ancestry Whole Brain, Substantia nigra, Hypothalamus, Liver, Anterior Cingulate Cortex BA24, Whole Blood, Putamen Basal Ganglia, Amygdala, Whole Brain, Cerebellum and Nucleus Accumbens Basal samples tested there are no SNPs within the gene CTC-459F4.1 that are significantly associated with Amyotrophic Lateral Sclerosis.",SMR SNP Disease Relations; SMR Gene Disease Relations
Are there any KANSL1-AS1 SNPs that have a statistically significant adjusted SMR p-value in association with Frontotemporal Dementia and what tissues are they significant in?,"No, based on the Frontal Cortex, Cerebellar Hemisphere, Prefrontal Cortex, Cortex, Caudate Basal Ganglia, Tibial Nerve, Skeletal Muscle, Hippocampus, Multi Ancestry Whole Brain, Substantia nigra, Hypothalamus, Liver, Anterior Cingulate Cortex BA24, Whole Blood, Putamen Basal Ganglia, Amygdala, Whole Brain, Cerebellum and Nucleus Accumbens Basal samples tested there are no SNPs within the gene KANSL1-AS1 that are significantly associated with Frontotemporal Dementia.",SMR SNP Disease Relations; SMR Gene Disease Relations
Are there any SMG5 SNPs that have a statistically significant adjusted SMR p-value in association with Frontotemporal Dementia and what tissues are they significant in?,"No, based on the Cerebellum, Whole Brain, Whole Blood, Cortex, Prefrontal Cortex, Tibial Nerve, Multi Ancestry Whole Brain and Liver samples tested there are no SNPs within the gene SMG5 that are significantly associated with Frontotemporal Dementia.",SMR SNP Disease Relations; SMR Gene Disease Relations
Are there any RP11-707O23.5 SNPs that have a statistically significant adjusted SMR p-value in association with Alzheimer's Disease and what tissues are they significant in?,"Yes, the RP11-707O23.5 gene has 3 SNPs that are statistically significant in Alzheimer's Disease. Here are the SNPs along with their adjusted SMR p-values:
• rs62066086
    • Whole Brain: Adjusted SMR multi-SNP P-value: 5.93e-07; HEIDI: -9.9990e+03
• rs2732705
    • Prefrontal Cortex: Adjusted SMR multi-SNP P-value: 8.70e-07; HEIDI: 2.2845e-02
• rs55974014
    • Skeletal Muscle: Adjusted SMR multi-SNP P-value: 1.25e-06; HEIDI: -9.9990e+03
    • Whole Blood: Adjusted SMR multi-SNP P-value: 1.54e-06; HEIDI: 6.6050e-01
    • Tibial Nerve: Adjusted SMR multi-SNP P-value: 2.54e-06; HEIDI: -9.9990e+03
",SMR SNP Disease Relations; SMR Gene Disease Relations
What other names are there for the drug Testosterone?,"Some additional names for Testosterone are Delatestryl, Testim 1%, Striant sr, Testosterone ciii, Natesto, Vogelxo, Testim, Striant, Axiron, NSC-9700, Testopatch, Testoderm, TESTIM, Andropatch, Intrinsa, Androderm, Testogel, Androgel, Tostran, Androgel 1%, Testoral, Testoderm tts, Fortesta, and Testopel.",Drug Meta
What other names are there for the drug Nilotinib Hydrochloride Monohydrate?,"Some additional names for Nilotinib Hydrochloride Monohydrate are Tasigna, Nilotinib hydrochloride monohydrate, Nilotinib hydrochloride anhydrous, Nilotinib hydrochloride hydrate, Nilotinib (as hydrochloride), and Nilotinib hydrochloride.",Drug Meta
What other names are there for the drug Butorphanol Tartrate?,"Some additional names for Butorphanol Tartrate are LEVO-BC-2627 TARTRATE, Butorphanol tartrate preservative free, Stadol preservative free, Stadol ns, Butorphanol tartrate civ, Torbugesic, Dolorex, Stadol, Butorphanol tartrate, and Torbutrol.",Drug Meta
What other names are there for the drug Paclitaxel?,"Some additional names for Paclitaxel are Taxol a, Onxal, Genexol-pm, Capxol, Taxus liberte, Endotag 1, BMS-181339-01, NSC-125973, Taxus stent, Lep-etu, Genetaxyl, Abraxane, DHP-107, ABI-007, Tocosol paclitaxel, Taxol 100, Ebetaxel, ABI-007 COMPONENT PACLITAXEL, Empac, Oncogel, Yewtaxan, DHP 107, Genexol, NK-105, MBT 0206, Taxol, Taxus, Paxene, MBT-0206, BMS 181339-01, QW-8184, Paclitaxel (taxus canadensis), Cyclopax, Plaxicel, Mitotax, Pacliex, Paclitaxol, Intaxel, Onxol, Taxalbin, NK 105, Pacitaxel, (-)-paclitaxel, and Genaxol.",Drug Meta
What other names are there for the drug Isotretinoin?,"Some additional names for Isotretinoin are Absorica ld, Absorica, Claravis, Vitamin a acid,  13-cis, Myorisan, Amnesteem, RO 4-3780, RO-43780, Isotrex, Retinoic acid,  13-cis-, Retinoic acid 13-cis-form, Zenatane, NSC-758156, 13 Cis-Retinoic Acid, RO-4-3780, PAT-001, Roaccutane, Sotret, Accutane, and 13-cis-retinoic acid.",Drug Meta
What other names are there for the drug Oxyphenbutazone?,"Some additional names for Oxyphenbutazone are Oxiphenbutazone, Oxyphenbutazone hydrate, Oxyphenbutazone monohydrate, Phlogase, NSC-757261, Phlogistol, Phlogont, Tanderil, Tanderil chloramphen, Tandearil, and Oxazolidin.",Drug Meta
What other names are there for the drug Duvoglustat Hydrochloride?,"Some additional names for Duvoglustat Hydrochloride are Duvoglustat hcl, AT2220, 1 deoxynojirimycin hydrochloride, Duvoglustat hydrochloride, AT-2220, 1-deoxynojirimycin hydrochloride, and Moranoline hydrochloride.",Drug Meta
What other names are there for the drug Ondansetron Hydrochloride?,"Some additional names for Ondansetron Hydrochloride are GR 38032F, Ondansetron hydrochloride hydrate, Zophren, Zofran preservative free, NSC-665799, Ondansetron hydrochloride dihydrate, Ondansetron hydrochloride preservative free, SN-307, Setofilm, Odansetron hydrochloride, GR-38032F, Ondansetron monohydrochloride, Ondansetron hcl, SN 307, Ondansetron (as hydrochloride), Ondemet, Demorem, Zofran, and Ondansetron hydrochloride.",Drug Meta
What other names are there for the drug Testosterone Cypionate?,"Some additional names for Testosterone Cypionate are Testosterone cypionate ciii, Testosterone cypionate, Depandro, Depotest, NSC-9157, Testosterone, Depo-Testadiol, Testosterone 17.beta.-cyclopentanepropionate, Testosterone cipionate, Andro-Cyp, Testosterone cyclopentylpropionate, and Depo-testosterone.",Drug Meta
What other names are there for the drug Theophylline Sodium Glycinate?,"Some additional names for Theophylline Sodium Glycinate are Glycin theophyllinate, Synophylate, Theophylline sodium glycinate, Bronchoparat, Glytheonate, Asbron, Panophylline, Theonate sodium, and Englate.",Drug Meta
What other names are there for the drug Atenolol?,"Some additional names for Atenolol are ICI 66, 082, Antipressan, Kentol, C07AB03, Novaten, Atenix-100, Duraatenolol, Atenix-25, Tenormin l.s., Atenamin, Vasaten, Corotenol, Urosin, Myocord, Totamol, Prenormine, Tenormin, Atenix-50, Unibloc, Juvental, Esatenolol, ICI 66082, ICI-66082, Ibinolo, Atenololum, Tenormin 25, NSC-757832, and Betacard.",Drug Meta
What other names are there for the drug Tranexamic Acid?,"Some additional names for Tranexamic Acid are Rikavarin, Menstralite, Exacyl, NSC-291305, Lysteda, RP-18429, Amcha, Tranexamic acid, LB-1148, TRANS AMCHA, Femstrual, LB1148, CL 65336, Trans AMCHA, Cyclokapron, Cyclo-f, Haematrix, Espercil, TRANS-AMCHA, Transamin, CL-65336, Cyklokapron, Cyklo-f heavy period relief, and Cyclocapron.",Drug Meta
What other names are there for the drug Diazoxide?,"Some additional names for Diazoxide are SRG 95213, Hyperstat, Eudemine, SCH 6783, SRG-95213, Eudimine, Mutabase, Proglycem, NSC-76130, Eudemine injection, Hypertonalum, SCH-6783, NSC-64198, and Diazoxidum.",Drug Meta
What other names are there for the drug Dexfenfluramine Hydrochloride?,"Some additional names for Dexfenfluramine Hydrochloride are Dexfenfluramine hydrochloride, S 5614 HCL, Dexfenfluramine hcl, D-fenfluramine hydrochloride, Redux, Glypolix, Adifax, Fenfluramine d-form hydrochloride, Adipomin, Isomeride, and S-5614 HCL.",Drug Meta
What other names are there for the drug Glycopyrrolate?,"Some additional names for Glycopyrrolate are NSC-251251, Glycopyrrone bromide, CHF5259, Dartisla odt, PT001, ORG-NC-45, Robinul forte, AD-237, Glycopyrrolate,  erythro-, Glycopyrronium bromide, Glyrx-pf, Robinul fte, NSC-251252, AHR-504, Cuvposa, NVA-237, Lonhala magnair kit, Nodapton, Tarodyn, Seebri, Tarodyl, CHF-5259, Sialanar, NSC-250836, Robanul, Glycopyrronium (as bromide), PT-001, NVA237, and Robinul.",Drug Meta
What other names are there for the drug Clonidine?,"Some additional names for Clonidine are ST-155-BS, Catapres-tts-1, Nexiclon xr, Duraclon, Clorpres, Catapres-tts-2, Catarpres-tts, Catapres-tts-3, Clonidine extended release, Catapres, ST-155BS, and Combipres.",Drug Meta
What other names are there for the drug Dinoprostone?,"Some additional names for Dinoprostone are U-12, 062, Propess, Enzaprost e, Prepidil, U-12062, NSC-165560, Dinoprostone beta-cyclodextrin clathrate, Prostaglandin e2, Minprostin e2, Prostin e2, Cervidil, and NSC-196514.",Drug Meta
What other names are there for the drug Galantamine Hydrobromide?,"Some additional names for Galantamine Hydrobromide are Jilkon hydrobromide, Galantamine hydrobromide, Nivaline, (-)-galantamine hydrobromide, Razadyne er, Galanthamine hydrobromide, Tamilin, Nivalin, Lycoremine hydrobromide, and Razadyne.",Drug Meta
What other names are there for the drug Chenodiol?,"Some additional names for Chenodiol are Xenbilox, Anthropododesoxycholic acid, Anthropodeoxycholic acid, Chenocedon, Chenix, Chenodeoxycholic acid, Chenossil, NSC-657949, NSC-757798, Chendol 125, Chenocol, Chendol, Lithofalk, Anthropodesoxycholic acid, Chenofalk, Chenodesoxycholic acid, Fluibil, Chenic acid, Gallodesoxycholic acid, Chendol 250, Cholanorm, Combidol, and Chenodeoxycholate.",Drug Meta
What other names are there for the drug Tegafur?,"Some additional names for Tegafur are Lifril, Atillon, Lamar, NSC-148958, FT-207, Fental, Fulaid, Furafluor, Tefsiel c, J356.722B, BMS-200604, Franrose, Fulfeel, Exonal, Coparogin, Ftorafur, Furofutran, Sinoflurol, Uftoral, Neberk, Tegafur-uracil, Sunfural, MJF-12264, Nitobanil, Youfuding, Futraful, and Citofur.",Drug Meta
What other names are there for the drug Loperamide Hydrochloride?,"Some additional names for Loperamide Hydrochloride are Imodium classic, Diasorb, Imodium instant melts, Diocalm, Diareze, NSC-696356, Entrocalm, Arret, Dioraleze, Loperagen, Norimode, Imodium instants, Imodium a-d, Loperamide hcl, Imodium a-d ez chews, Loperamide hydrochloride, Normaloe, Lodiar, R-18553, Imodium ibs relief, Imodium liquicaps, Imodium, Gppe pack, Diarrhoea relief, R 18, 553, Diocaps, Imodium Advanced, Loperamidi hydrochloridum, Diah-limit, and Diaquitte.",Drug Meta
What other names are there for the drug Estradiol?,"Some additional names for Estradiol are Estradiol hemihydrate, WC3011, Estraderm mx 50, Alora, Estrace, Fempatch, Zumenon, Alfatradiol, Dermestril septem 25, Estrogel, Oestradiol, Estring, Gynergon, Dihydroxyestrin, Elleste solo mx 80, Menorest 37.5, Fematrix 40, Bedol, Evorel 25, 17-.beta.-oestradiol, Climara, Menoring 50, Evamist, Evorel 75, Estrasorb, Vivelle-dot, Imvexxy, 17.beta.-estradiol, Esclim, Estradiol 17-beta, Vagifem, Adgyn estro, Estradiol valerate metabolite e2, Gynoestryl, Estraderm tts 25, Vagifem 18, Gvnodiol, Estraderm tts 50, Gynogen, Gynodiol, NSC-20293, Estraderm mx 75, NSC-9895, Femseven 50, Depo-Estradiol, Elestrim, Menorest 75, Dihydrotheelin, Dermestril 100, Elleste solo, Vagifem 8, Elestrin, Vivelle, E-Cypionate, Estraderm, Climara Pro, 17beta-estradiol, Fematrix 80, Dermestril septem 75, Dermestril septem 50, Divigel, Estradiol anhydrous, Estraderm mx 25, Progynova ts, 17-beta-oestradiol, Estraderm mx 100, Destradiol, Estraderm tts 100, Evorel 50, Menorest 50, Evorel 100, WC-3011, Agofollin, Femseven 75, Dermestril 50, Innofem, Menostar, Minivelle, Aquagen, Sandrena, Dermestril 25, Elleste solo mx 40, and Femseven 100.",Drug Meta
What other names are there for the drug Articaine Hydrochloride?,"Some additional names for Articaine Hydrochloride are 40 045, Ubistesine, Ultracain, HOE-40045, Carticaine hydrochloride, HOE-045, Septocaine, Septanest, HOE 045, Ultracaine, Articaine hydrochloride, and Articaine hcl.",Drug Meta
What other names are there for the drug Albuterol Sulfate?,"Some additional names for Albuterol Sulfate are NSC-289928, Ventolin, Sch-13949w sulphate, Albuterol sulphate, Vospire er, Proventil-hfa, Sultanol, Salbutamol sulfate, SCH 13949W SULFATE, Salbumol, Volmax, R03CC02, Buventol, Ventolin hfa, Salbutamol sulphate, Venetlin, Vospire, Salamol, SCH-13949W SULFATE, Salbutamol (as sulfate), Proair, Torpex, Accuneb, Proair respiclick, Hexotonal, Salbutamoli sulfas, Sch 13949w sulphate, Ecovent, Ventolin rotacaps, Loftan, Proventil, Ventilastin, Proair hfa, Proair digihaler, Sulbutamol (as sulphate), R03AC02, and Albuterol sulfate.",Drug Meta
What other names are there for the drug Beclomethasone Dipropionate?,"Some additional names for Beclomethasone Dipropionate are Beclomethasone dipropionate monohydrate, Becloforte integra, Qvar 50 e-breathe, Clenil modulite, Aerobec 50, Beclomet hayfever, Vanceril double strength, Aerobec 100, Becotide 200, Qvar redihaler, NSC-755901, Beclazone 250 e-breathe, Qnasl, Qvar 100, Beclazone 50 e-breathe, Filair 100, Vancenase pockethaler, Becotide, Zonivent aquanasal, Qvar 80, Vancenase, Fostair, Nasobec hayfever, SGX-201, Beclomethasone, Becotide 100, Nasobec aq, Beclomist, Beclometasone dipropionate, Fostair nexthaler, Beclotaide, Filair 50, Beclazone 50, Clipper, Becloforte, Becloforte e-breathe, Asmabec clickhaler, Becloaqua 50, Propaderm fte, Propaderm, Qvar 40, SCH 18020W, Aerobec fte 250, Vanceril, Qvar 50, Propaderm-c, SGX-203, Rino clenil, Becloforte-vm, Propaderm-a, Filair fte, Beclovent, Qvar 100 e-breathe, Becodisks, Asmabec spacehaler, Ventide, Becotide 50, SCH-18020W, Beclazone 100, SCH 8020W, Beconase aq, Becotide 50 e-breathe, Beclomet diprop, Beclazone 200, Vivabec, Beclomethasone dipropionate, Beclazone 100 e-breathe, Pulvinal beclomet, Beclazone 250, Becotide 100 e-breathe, Beconase, Vancenase aq, SGX-202, and Beclometasone.",Drug Meta
"What Small molecule therapies have been approved by the FDA to treat Rhinitis, Allergic, Perennial?","There are 8 Small molecule therapy drugs that are approved to treat Rhinitis, Allergic, Perennial which are as follows: Ciclesonide, Beclomethasone Dipropionate, Budesonide, Fluticasone Furoate, Carbinoxamine Maleate, Azelastine Hydrochloride, Levocetirizine Dihydrochloride, and Montelukast Sodium.",Pharmacology; Drug Disease Relations; Drug Meta
What Small molecule therapies have been approved by the FDA to treat papillary renal cell carcinoma?,"There are 4 Small molecule therapy drugs that are approved to treat papillary renal cell carcinoma which are as follows: Pazopanib Hydrochloride, Cabozantinib S-Malate, Sorafenib Tosylate, and Axitinib.",Pharmacology; Drug Disease Relations; Drug Meta
What Small molecule therapies have been approved by the FDA to treat prostate cancer?,"There are 7 Small molecule therapy drugs that are approved to treat prostate cancer which are as follows: Cabazitaxel, Enzalutamide, Apalutamide, Darolutamide, Lutetium Lu 177 Vipivotide Tetraxetan, Abiraterone Acetate, and Zoledronic Acid.",Pharmacology; Drug Disease Relations; Drug Meta
What Small molecule therapies have been approved by the FDA to treat ulcerative colitis?,"There are 6 Small molecule therapy drugs that are approved to treat ulcerative colitis which are as follows: Prednisone, Budesonide, Dexamethasone, Hydrocortisone, Balsalazide Disodium, and Mesalamine.",Pharmacology; Drug Disease Relations; Drug Meta
What Small molecule therapies have been approved by the FDA to treat Back pain?,"There are 8 Small molecule therapy drugs that are approved to treat Back pain which are as follows: Lidocaine Hydrochloride, Lidocaine, Acetaminophen, Aspirin, Naproxen Sodium, Naproxen, Ibuprofen, and Capsaicin.",Pharmacology; Drug Disease Relations; Drug Meta
What Small molecule therapies have been approved by the FDA to treat chronic bronchitis?,"There are 9 Small molecule therapy drugs that are approved to treat chronic bronchitis which are as follows: Budesonide, Fluticasone Propionate, Roflumilast, Umeclidinium Bromide, Aclidinium Bromide, Ipratropium Bromide, Tiotropium Bromide, Olodaterol Hydrochloride, and Indacaterol Maleate.",Pharmacology; Drug Disease Relations; Drug Meta
What Small molecule therapies have been approved by the FDA to treat Nausea and vomiting?,"There are 8 Small molecule therapy drugs that are approved to treat Nausea and vomiting which are as follows: Amisulpride, Metoclopramide Hydrochloride, Palonosetron Hydrochloride, Granisetron, Ondansetron, Aprepitant, Fosaprepitant Dimeglumine, and Dronabinol.",Pharmacology; Drug Disease Relations; Drug Meta
What Small molecule therapies have been approved by the FDA to treat psychosis?,"There are 10 Small molecule therapy drugs that are approved to treat psychosis which are as follows: Loxapine, Risperidone, Amisulpride, Brexpiprazole, Clozapine, Aripiprazole, Asenapine, Lurasidone, Iloperidone, and Pimavanserin Tartrate.",Pharmacology; Drug Disease Relations; Drug Meta
What Small molecule therapies have been approved by the FDA to treat chronic myelogenous leukemia?,"There are 6 Small molecule therapy drugs that are approved to treat chronic myelogenous leukemia which are as follows: Bosutinib, Dasatinib, Imatinib Mesylate, Nilotinib Hydrochloride Monohydrate, Asciminib Hydrochloride, and Ponatinib Hydrochloride.",Pharmacology; Drug Disease Relations; Drug Meta
What gene does the drug Ocriplasmin target?,"The drug Ocriplasmin targets 38 genes: LAMA1, LAMA3, LAMB4, COL2A1, LAMA4, LAMC1, COL28A1, COL6A2, COL18A1, COL11A2, COL4A1, COL6A6, COL15A1, COL4A5, LAMC3, LAMB3, COL5A3, COL6A3, COL4A3, COL24A1, COL4A6, COL4A4, COL1A1, LAMB1, LAMC2, COL4A2, COL6A5, COL27A1, COL11A1, FN1, COL1A2, COL3A1, COL5A1, LAMA2, LAMA5, COL6A1, COL5A2 and LAMB2.",Drug Gene Relations
What gene does the drug Glembatumumab Vedotin target?,"The drug Glembatumumab Vedotin is not approved by the FDA. However, it is currently undergoing clinical trials and indicated to target 16 genes: TUBB, TUBA4A, TUBA3E, TUBB3, GPNMB, TUBB4B, TUBB2A, TUBA1A, TUBA1C, TUBB1, TUBB2B, TUBB8, TUBB6, TUBB4A, TUBA3C and TUBA1B",Drug Gene Relations
What gene does the drug Ixazomib Citrate target?,"The drug Ixazomib Citrate targets 38 genes: PSMD6, PSMC5, PSMB11, PSMA4, PSMC6, PSMC2, PSMB2, PSMA6, PSMA2, PSMD13, PSMB9, ADRM1, PSMD2, PSMB8, PSMB4, PSMD11, SEM1, PSMB10, PSMD14, PSMA3, PSMB1, PSMD4, PSMB3, PSMA5, PSMD12, PSMB6, PSMD7, PSMB5, PSMD8, PSMD1, PSMC4, PSMA1, PSMA8, PSMC3, PSMC1, PSMA7, PSMD3 and PSMB7.",Drug Gene Relations
What gene does the drug Bms-275183 target?,"The drug Bms-275183 is not approved by the FDA. However, it is currently undergoing clinical trials and indicated to target 15 genes: TUBB, TUBA4A, TUBA3E, TUBB3, TUBB4B, TUBB2A, TUBA1A, TUBA1C, TUBB1, TUBB2B, TUBB8, TUBB6, TUBB4A, TUBA3C and TUBA1B",Drug Gene Relations
What gene does the drug Ladiratuzumab Vedotin target?,"The drug Ladiratuzumab Vedotin is not approved by the FDA. However, it is currently undergoing clinical trials and indicated to target 16 genes: TUBB, TUBA4A, TUBA3E, TUBB3, TUBB4B, TUBB2A, TUBA1A, TUBA1C, TUBB1, TUBB2B, TUBB8, TUBB6, TUBB4A, TUBA3C, SLC39A6 and TUBA1B",Drug Gene Relations
What gene does the drug Pregabalin target?,"The drug Pregabalin targets 26 genes: CACNA1C, CACNA1H, CACNG2, CACNG7, CACNA2D1, CACNG6, CACNA1B, CACNG5, CACNG3, CACNG1, CACNB3, CACNB4, CACNA1S, CACNA2D3, CACNA1A, CACNA2D4, CACNA1D, CACNB2, CACNA1G, CACNA1I, CACNG8, CACNB1, CACNG4, CACNA1E, CACNA2D2 and CACNA1F.",Drug Gene Relations
What gene does the drug Amifampridine Phosphate target?,"The drug Amifampridine Phosphate targets 40 genes: KCNB1, KCND2, KCNA7, KCNG3, KCNA4, KCNQ1, KCNQ3, KCNA1, KCNC4, KCNS1, KCNG2, KCNA6, KCNV2, KCNA5, KCNH2, KCNS3, KCNQ4, KCND3, KCNG1, KCNB2, KCNH6, KCNC3, KCNG4, KCNF1, KCNH8, KCNS2, KCNA3, KCNQ2, KCNH4, KCNA10, KCNC2, KCNC1, KCNH1, KCNH3, KCNV1, KCNQ5, KCND1, KCNA2, KCNH7 and KCNH5.",Drug Gene Relations
What gene does the drug Nerispirdine target?,"The drug Nerispirdine is not approved by the FDA. However, it is currently undergoing clinical trials and indicated to target 50 genes: KCNB1, KCND2, KCNA7, KCNG3, SCN7A, SCN9A, SCN10A, KCNA4, SCN4A, KCNQ1, KCNQ3, KCNA1, KCNC4, KCNS1, KCNG2, KCNA6, SCN8A, SCN2A, KCNV2, KCNA5, KCNH2, KCNS3, SCN3A, KCNQ4, KCND3, KCNG1, KCNB2, KCNH6, KCNC3, KCNG4, KCNF1, SCN5A, KCNH8, KCNS2, KCNA3, KCNQ2, SCN1A, KCNH4, KCNA10, KCNC2, KCNC1, KCNH1, SCN11A, KCNH3, KCNV1, KCNQ5, KCND1, KCNA2, KCNH7 and KCNH5",Drug Gene Relations
Which SNP is most significantly associated with AD in the Anterior Cingulate Cortex BA24?,"The most significantly associated SNP with AD in the Anterior Cingulate Cortex BA24 is rs56971664, located in the LRRC37A2 gene, with an adjusted SMR multi-SNP P-value of 1.03e-06 and a HEIDI value of 6.8694e-01.",Tissue; SMR SNP Disease Relations
Which SNP is most significantly associated with AD in the Nucleus Accumbens Basal?,"The most significantly associated SNP with AD in the Nucleus Accumbens Basal is rs2070215, located in the STAG3 gene, with an adjusted SMR multi-SNP P-value of 1.58e-08 and a HEIDI value of 1.8185e-01.",Tissue; SMR SNP Disease Relations
Which SNP is most significantly associated with PD in the Nucleus Accumbens Basal?,"The most significantly associated SNP with PD in the Nucleus Accumbens Basal is rs55974014, located in the KANSL1-AS1 gene, with an adjusted SMR multi-SNP P-value of 1.08e-12 and a HEIDI value of 7.2357e-02.",Tissue; SMR SNP Disease Relations
Which SNP is most significantly associated with AD in the Multi Ancestry Whole Brain?,"The most significantly associated SNP with AD in the Multi Ancestry Whole Brain is rs2897358, located in the PILRB gene, with an adjusted SMR multi-SNP P-value of 1.21e-09 and a HEIDI value of 6.5833e-02.",Tissue; SMR SNP Disease Relations
Which SNP is most significantly associated with PD in the Cerebellar Hemisphere?,"The most significantly associated SNP with PD in the Cerebellar Hemisphere is rs55974014, located in the RP11-259G18.3 gene, with an adjusted SMR multi-SNP P-value of 6.75e-12 and a HEIDI value of 1.6448e-01.",Tissue; SMR SNP Disease Relations
Which SNP is most significantly associated with PD in the Putamen Basal Ganglia?,"The most significantly associated SNP with PD in the Putamen Basal Ganglia is rs55974014, located in the KANSL1-AS1 gene, with an adjusted SMR multi-SNP P-value of 1.42e-12 and a HEIDI value of 4.0248e-01.",Tissue; SMR SNP Disease Relations
Which SNP is most significantly associated with LBD in the Prefrontal Cortex?,"The most significantly associated SNP with LBD in the Prefrontal Cortex is rs3806789, located in the RP11-67M1.1 gene, with an adjusted SMR multi-SNP P-value of 1.43e-06 and a HEIDI value of 1.2764e-01.",Tissue; SMR SNP Disease Relations
Which SNP is most significantly associated with PSP in the Anterior Cingulate Cortex BA24?,"The most significantly associated SNP with PSP in the Anterior Cingulate Cortex BA24 is rs11012, located in the PLEKHM1 gene, with an adjusted SMR multi-SNP P-value of 8.50e-08 and a HEIDI value of 4.8750e-01.",Tissue; SMR SNP Disease Relations
Which SNP is most significantly associated with PSP in the Putamen Basal Ganglia?,"The most significantly associated SNP with PSP in the Putamen Basal Ganglia is rs17692129, located in the NSFP1 gene, with an adjusted SMR multi-SNP P-value of 1.45e-11 and a HEIDI value of 3.9510e-01.",Tissue; SMR SNP Disease Relations
Which SNP is most significantly associated with PD in the Caudate Basal Ganglia?,"The most significantly associated SNP with PD in the Caudate Basal Ganglia is rs55974014, located in the RP11-259G18.3 gene, with an adjusted SMR multi-SNP P-value of 1.39e-12 and a HEIDI value of 2.2080e-01.",Tissue; SMR SNP Disease Relations
Which SNP is most significantly associated with PD in the Prefrontal Cortex?,"The most significantly associated SNP with PD in the Prefrontal Cortex is rs570200944, located in the LRRC37A4P gene, with an adjusted SMR multi-SNP P-value of 3.01e-15 and a HEIDI value of 6.2418e-01.",Tissue; SMR SNP Disease Relations
Which SNP is most significantly associated with PD in the Multi Ancestry Whole Brain?,"The most significantly associated SNP with PD in the Multi Ancestry Whole Brain is rs55974014, located in the KANSL1-AS1 gene, with an adjusted SMR multi-SNP P-value of 5.69e-16 and a HEIDI value of 1.4916e-02.",Tissue; SMR SNP Disease Relations
Which SNP is most significantly associated with PD in the Anterior Cingulate Cortex BA24?,"The most significantly associated SNP with PD in the Anterior Cingulate Cortex BA24 is rs55974014, located in the RP11-707O23.5 gene, with an adjusted SMR multi-SNP P-value of 3.08e-11 and a HEIDI value of 6.6119e-01.",Tissue; SMR SNP Disease Relations
What is the allele frequency of the SNP rs7622082 in a Parkinson's Disease study involving a European cohort?,"According to the largest European genome-wide meta-analysis of Parkinson's disease from Nalls (2019), single nucleotide polymorphism rs7622082 has an effect allele T frequency of 0.0560 and non-effect allele G frequency of 0.9440.",SNP Disease Relations
What is the allele frequency of the SNP rs1319705 in a Parkinson's Disease study involving a European cohort?,"According to the largest European genome-wide meta-analysis of Parkinson's disease from Nalls (2019), single nucleotide polymorphism rs1319705 has an effect allele T frequency of 0.2137 and non-effect allele C frequency of 0.7863.",SNP Disease Relations
What is the allele frequency of the SNP rs34101866 in a Parkinson's Disease study involving a European cohort?,"According to the largest European genome-wide meta-analysis of Parkinson's disease from Nalls (2019), single nucleotide polymorphism rs34101866 has an effect allele G frequency of 0.0293 and non-effect allele C frequency of 0.9707.",SNP Disease Relations
What is the allele frequency of the SNP rs2523032 in a Parkinson's Disease study involving a European cohort?,"According to the largest European genome-wide meta-analysis of Parkinson's disease from Nalls (2019), single nucleotide polymorphism rs2523032 has an effect allele G frequency of 0.4039 and non-effect allele A frequency of 0.5961.",SNP Disease Relations
What is the allele frequency of the SNP rs116099715 in a Parkinson's Disease study involving a European cohort?,"According to the largest European genome-wide meta-analysis of Parkinson's disease from Nalls (2019), single nucleotide polymorphism rs116099715 has an effect allele A frequency of 0.0233 and non-effect allele G frequency of 0.9767.",SNP Disease Relations
What is the allele frequency of the SNP rs309272 in a Parkinson's Disease study involving a European cohort?,"According to the largest European genome-wide meta-analysis of Parkinson's disease from Nalls (2019), single nucleotide polymorphism rs309272 has an effect allele T frequency of 0.3311 and non-effect allele C frequency of 0.6689.",SNP Disease Relations
What is the allele frequency of the SNP rs147657894 in a Parkinson's Disease study involving a European cohort?,"According to the largest European genome-wide meta-analysis of Parkinson's disease from Nalls (2019), single nucleotide polymorphism rs147657894 has an effect allele G frequency of 0.0079 and non-effect allele C frequency of 0.9921.",SNP Disease Relations
What is the allele frequency of the SNP rs76816864 in a Parkinson's Disease study involving a European cohort?,"According to the largest European genome-wide meta-analysis of Parkinson's disease from Nalls (2019), single nucleotide polymorphism rs76816864 has an effect allele T frequency of 0.0367 and non-effect allele A frequency of 0.9633.",SNP Disease Relations
What is the allele frequency of the SNP rs10752098 in a Parkinson's Disease study involving a European cohort?,"According to the largest European genome-wide meta-analysis of Parkinson's disease from Nalls (2019), single nucleotide polymorphism rs10752098 has an effect allele G frequency of 0.2819 and non-effect allele A frequency of 0.7181.",SNP Disease Relations
What is the allele frequency of the SNP rs4350391 in a Parkinson's Disease study involving a European cohort?,"According to the largest European genome-wide meta-analysis of Parkinson's disease from Nalls (2019), single nucleotide polymorphism rs4350391 has an effect allele G frequency of 0.0587 and non-effect allele C frequency of 0.9413.",SNP Disease Relations
What is the allele frequency of the SNP rs10848154 in a Parkinson's Disease study involving a European cohort?,"According to the largest European genome-wide meta-analysis of Parkinson's disease from Nalls (2019), single nucleotide polymorphism rs10848154 has an effect allele C frequency of 0.1648 and non-effect allele G frequency of 0.8352.",SNP Disease Relations
What is the allele frequency of the SNP rs10241562 in a Parkinson's Disease study involving a European cohort?,"According to the largest European genome-wide meta-analysis of Parkinson's disease from Nalls (2019), single nucleotide polymorphism rs10241562 has an effect allele T frequency of 0.3730 and non-effect allele C frequency of 0.6270.",SNP Disease Relations
What is the allele frequency of the SNP rs10850358 in a Parkinson's Disease study involving a European cohort?,"According to the largest European genome-wide meta-analysis of Parkinson's disease from Nalls (2019), single nucleotide polymorphism rs10850358 has an effect allele A frequency of 0.4660 and non-effect allele G frequency of 0.5340.",SNP Disease Relations
What is the allele frequency of the SNP rs204416 in a Parkinson's Disease study involving a European cohort?,"According to the largest European genome-wide meta-analysis of Parkinson's disease from Nalls (2019), single nucleotide polymorphism rs204416 has an effect allele A frequency of 0.0351 and non-effect allele G frequency of 0.9649.",SNP Disease Relations
What is the allele frequency of the SNP rs117211748 in a Parkinson's Disease study involving a European cohort?,"According to the largest European genome-wide meta-analysis of Parkinson's disease from Nalls (2019), single nucleotide polymorphism rs117211748 has an effect allele G frequency of 0.0698 and non-effect allele A frequency of 0.9302.",SNP Disease Relations
What is the allele frequency of the SNP rs10948725 in a Parkinson's Disease study involving a European cohort?,"According to the largest European genome-wide meta-analysis of Parkinson's disease from Nalls (2019), single nucleotide polymorphism rs10948725 has an effect allele G frequency of 0.4313 and non-effect allele C frequency of 0.5687.",SNP Disease Relations
What is the allele frequency of the SNP rs654384 in a Parkinson's Disease study involving a European cohort?,"According to the largest European genome-wide meta-analysis of Parkinson's disease from Nalls (2019), single nucleotide polymorphism rs654384 has an effect allele A frequency of 0.4050 and non-effect allele G frequency of 0.5950.",SNP Disease Relations
What is the allele frequency of the SNP rs2319102 in a Parkinson's Disease study involving a European cohort?,"According to the largest European genome-wide meta-analysis of Parkinson's disease from Nalls (2019), single nucleotide polymorphism rs2319102 has an effect allele C frequency of 0.3630 and non-effect allele G frequency of 0.6370.",SNP Disease Relations
What is the allele frequency of the SNP rs1346945 in a Parkinson's Disease study involving a European cohort?,"According to the largest European genome-wide meta-analysis of Parkinson's disease from Nalls (2019), single nucleotide polymorphism rs1346945 has an effect allele C frequency of 0.1059 and non-effect allele G frequency of 0.8941.",SNP Disease Relations
What is the allele frequency of the SNP rs10837451 in a Parkinson's Disease study involving a European cohort?,"According to the largest European genome-wide meta-analysis of Parkinson's disease from Nalls (2019), single nucleotide polymorphism rs10837451 has an effect allele T frequency of 0.2125 and non-effect allele A frequency of 0.7875.",SNP Disease Relations
What is the allele frequency of the SNP rs11792762 in a Parkinson's Disease study involving a European cohort?,"According to the largest European genome-wide meta-analysis of Parkinson's disease from Nalls (2019), single nucleotide polymorphism rs11792762 has an effect allele A frequency of 0.1607 and non-effect allele G frequency of 0.8393.",SNP Disease Relations
What is the allele frequency of the SNP rs114267329 in a Parkinson's Disease study involving a European cohort?,"According to the largest European genome-wide meta-analysis of Parkinson's disease from Nalls (2019), single nucleotide polymorphism rs114267329 has an effect allele G frequency of 0.0369 and non-effect allele A frequency of 0.9631.",SNP Disease Relations
What is the allele frequency of the SNP rs115398144 in a Parkinson's Disease study involving a European cohort?,"According to the largest European genome-wide meta-analysis of Parkinson's disease from Nalls (2019), single nucleotide polymorphism rs115398144 has an effect allele C frequency of 0.0437 and non-effect allele T frequency of 0.9563.",SNP Disease Relations
What is the allele frequency of the SNP rs143518281 in a Parkinson's Disease study involving a European cohort?,"According to the largest European genome-wide meta-analysis of Parkinson's disease from Nalls (2019), single nucleotide polymorphism rs143518281 has an effect allele T frequency of 0.1436 and non-effect allele C frequency of 0.8564.",SNP Disease Relations
What is the allele frequency of the SNP rs9528994 in a Parkinson's Disease study involving a European cohort?,"According to the largest European genome-wide meta-analysis of Parkinson's disease from Nalls (2019), single nucleotide polymorphism rs9528994 has an effect allele G frequency of 0.4618 and non-effect allele T frequency of 0.5382.",SNP Disease Relations
What is the allele frequency of the SNP rs12145182 in a Parkinson's Disease study involving a European cohort?,"According to the largest European genome-wide meta-analysis of Parkinson's disease from Nalls (2019), single nucleotide polymorphism rs12145182 has an effect allele G frequency of 0.2597 and non-effect allele A frequency of 0.7403.",SNP Disease Relations
What is the allele frequency of the SNP rs2832876 in a Parkinson's Disease study involving a European cohort?,"According to the largest European genome-wide meta-analysis of Parkinson's disease from Nalls (2019), single nucleotide polymorphism rs2832876 has an effect allele G frequency of 0.4129 and non-effect allele A frequency of 0.5871.",SNP Disease Relations
What is the allele frequency of the SNP rs6467311 in a Parkinson's Disease study involving a European cohort?,"According to the largest European genome-wide meta-analysis of Parkinson's disease from Nalls (2019), single nucleotide polymorphism rs6467311 has an effect allele C frequency of 0.0481 and non-effect allele A frequency of 0.9519.",SNP Disease Relations
What is the allele frequency of the SNP rs57926772 in a Parkinson's Disease study involving a European cohort?,"According to the largest European genome-wide meta-analysis of Parkinson's disease from Nalls (2019), single nucleotide polymorphism rs57926772 has an effect allele T frequency of 0.3913 and non-effect allele G frequency of 0.6087.",SNP Disease Relations
What is the allele frequency of the SNP rs6829673 in a Parkinson's Disease study involving a European cohort?,"According to the largest European genome-wide meta-analysis of Parkinson's disease from Nalls (2019), single nucleotide polymorphism rs6829673 has an effect allele C frequency of 0.0285 and non-effect allele T frequency of 0.9715.",SNP Disease Relations
What is the allele frequency of the SNP rs2381931 in a Parkinson's Disease study involving a European cohort?,"According to the largest European genome-wide meta-analysis of Parkinson's disease from Nalls (2019), single nucleotide polymorphism rs2381931 has an effect allele T frequency of 0.4257 and non-effect allele C frequency of 0.5743.",SNP Disease Relations
What is the allele frequency of the SNP rs3912446 in a Parkinson's Disease study involving a European cohort?,"According to the largest European genome-wide meta-analysis of Parkinson's disease from Nalls (2019), single nucleotide polymorphism rs3912446 has an effect allele T frequency of 0.0090 and non-effect allele G frequency of 0.9910.",SNP Disease Relations
What is the allele frequency of the SNP rs6061521 in a Parkinson's Disease study involving a European cohort?,"According to the largest European genome-wide meta-analysis of Parkinson's disease from Nalls (2019), single nucleotide polymorphism rs6061521 has an effect allele A frequency of 0.4390 and non-effect allele G frequency of 0.5610.",SNP Disease Relations
What is the allele frequency of the SNP rs41463851 in a Parkinson's Disease study involving a European cohort?,"According to the largest European genome-wide meta-analysis of Parkinson's disease from Nalls (2019), single nucleotide polymorphism rs41463851 has an effect allele T frequency of 0.1464 and non-effect allele C frequency of 0.8536.",SNP Disease Relations
What is the allele frequency of the SNP rs2569094 in a Parkinson's Disease study involving a European cohort?,"According to the largest European genome-wide meta-analysis of Parkinson's disease from Nalls (2019), single nucleotide polymorphism rs2569094 has an effect allele T frequency of 0.4959 and non-effect allele C frequency of 0.5041.",SNP Disease Relations
What is the allele frequency of the SNP rs10943475 in a Parkinson's Disease study involving a European cohort?,"According to the largest European genome-wide meta-analysis of Parkinson's disease from Nalls (2019), single nucleotide polymorphism rs10943475 has an effect allele A frequency of 0.2849 and non-effect allele C frequency of 0.7151.",SNP Disease Relations
What is the allele frequency of the SNP rs12471113 in a Parkinson's Disease study involving a European cohort?,"According to the largest European genome-wide meta-analysis of Parkinson's disease from Nalls (2019), single nucleotide polymorphism rs12471113 has an effect allele T frequency of 0.2427 and non-effect allele C frequency of 0.7573.",SNP Disease Relations
What is the allele frequency of the SNP rs2832456 in a Parkinson's Disease study involving a European cohort?,"According to the largest European genome-wide meta-analysis of Parkinson's disease from Nalls (2019), single nucleotide polymorphism rs2832456 has an effect allele T frequency of 0.0661 and non-effect allele C frequency of 0.9339.",SNP Disease Relations
What is the allele frequency of the SNP rs2418573 in a Parkinson's Disease study involving a European cohort?,"According to the largest European genome-wide meta-analysis of Parkinson's disease from Nalls (2019), single nucleotide polymorphism rs2418573 has an effect allele C frequency of 0.3972 and non-effect allele T frequency of 0.6028.",SNP Disease Relations
What is the allele frequency of the SNP rs78618349 in a Parkinson's Disease study involving a European cohort?,"According to the largest European genome-wide meta-analysis of Parkinson's disease from Nalls (2019), single nucleotide polymorphism rs78618349 has an effect allele G frequency of 0.1209 and non-effect allele A frequency of 0.8791.",SNP Disease Relations
What is the allele frequency of the SNP rs11181242 in a Parkinson's Disease study involving a European cohort?,"According to the largest European genome-wide meta-analysis of Parkinson's disease from Nalls (2019), single nucleotide polymorphism rs11181242 has an effect allele A frequency of 0.0368 and non-effect allele G frequency of 0.9632.",SNP Disease Relations
What is the allele frequency of the SNP rs987865 in a Parkinson's Disease study involving a European cohort?,"According to the largest European genome-wide meta-analysis of Parkinson's disease from Nalls (2019), single nucleotide polymorphism rs987865 has an effect allele T frequency of 0.1590 and non-effect allele C frequency of 0.8410.",SNP Disease Relations
What is the allele frequency of the SNP rs12570864 in a Parkinson's Disease study involving a European cohort?,"According to the largest European genome-wide meta-analysis of Parkinson's disease from Nalls (2019), single nucleotide polymorphism rs12570864 has an effect allele C frequency of 0.1379 and non-effect allele T frequency of 0.8621.",SNP Disease Relations
What is the allele frequency of the SNP rs4625093 in a Parkinson's Disease study involving a European cohort?,"According to the largest European genome-wide meta-analysis of Parkinson's disease from Nalls (2019), single nucleotide polymorphism rs4625093 has an effect allele G frequency of 0.4225 and non-effect allele A frequency of 0.5775.",SNP Disease Relations
What is the allele frequency of the SNP rs73130310 in a Parkinson's Disease study involving a European cohort?,"According to the largest European genome-wide meta-analysis of Parkinson's disease from Nalls (2019), single nucleotide polymorphism rs73130310 has an effect allele T frequency of 0.2528 and non-effect allele C frequency of 0.7472.",SNP Disease Relations
What is the allele frequency of the SNP rs28851019 in a Parkinson's Disease study involving a European cohort?,"According to the largest European genome-wide meta-analysis of Parkinson's disease from Nalls (2019), single nucleotide polymorphism rs28851019 has an effect allele T frequency of 0.3877 and non-effect allele C frequency of 0.6123.",SNP Disease Relations
What is the allele frequency of the SNP rs2682461 in a Parkinson's Disease study involving a European cohort?,"According to the largest European genome-wide meta-analysis of Parkinson's disease from Nalls (2019), single nucleotide polymorphism rs2682461 has an effect allele A frequency of 0.0211 and non-effect allele G frequency of 0.9789.",SNP Disease Relations
What is the allele frequency of the SNP rs723616 in a Parkinson's Disease study involving a European cohort?,"According to the largest European genome-wide meta-analysis of Parkinson's disease from Nalls (2019), single nucleotide polymorphism rs723616 has an effect allele T frequency of 0.0822 and non-effect allele G frequency of 0.9178.",SNP Disease Relations
What is the allele frequency of the SNP rs2026436 in a Parkinson's Disease study involving a European cohort?,"According to the largest European genome-wide meta-analysis of Parkinson's disease from Nalls (2019), single nucleotide polymorphism rs2026436 has an effect allele T frequency of 0.2732 and non-effect allele C frequency of 0.7268.",SNP Disease Relations
What is the allele frequency of the SNP rs8103053 in a Parkinson's Disease study involving a European cohort?,"According to the largest European genome-wide meta-analysis of Parkinson's disease from Nalls (2019), single nucleotide polymorphism rs8103053 has an effect allele G frequency of 0.1053 and non-effect allele C frequency of 0.8947.",SNP Disease Relations
What is the allele frequency of the SNP rs113259922 in a Parkinson's Disease study involving a European cohort?,"According to the largest European genome-wide meta-analysis of Parkinson's disease from Nalls (2019), single nucleotide polymorphism rs113259922 has an effect allele T frequency of 0.0796 and non-effect allele C frequency of 0.9204.",SNP Disease Relations
What is the allele frequency of the SNP rs1496117 in a Parkinson's Disease study involving a European cohort?,"According to the largest European genome-wide meta-analysis of Parkinson's disease from Nalls (2019), single nucleotide polymorphism rs1496117 has an effect allele G frequency of 0.1475 and non-effect allele A frequency of 0.8525.",SNP Disease Relations
What is the allele frequency of the SNP rs182383894 in a Parkinson's Disease study involving a European cohort?,"According to the largest European genome-wide meta-analysis of Parkinson's disease from Nalls (2019), single nucleotide polymorphism rs182383894 has an effect allele G frequency of 0.0170 and non-effect allele T frequency of 0.9830.",SNP Disease Relations
What is the allele frequency of the SNP rs7785473 in a Parkinson's Disease study involving a European cohort?,"According to the largest European genome-wide meta-analysis of Parkinson's disease from Nalls (2019), single nucleotide polymorphism rs7785473 has an effect allele A frequency of 0.4484 and non-effect allele G frequency of 0.5516.",SNP Disease Relations
What is the allele frequency of the SNP rs224121 in a Parkinson's Disease study involving a European cohort?,"According to the largest European genome-wide meta-analysis of Parkinson's disease from Nalls (2019), single nucleotide polymorphism rs224121 has an effect allele A frequency of 0.2409 and non-effect allele C frequency of 0.7591.",SNP Disease Relations
What is the allele frequency of the SNP rs9554812 in a Parkinson's Disease study involving a European cohort?,"According to the largest European genome-wide meta-analysis of Parkinson's disease from Nalls (2019), single nucleotide polymorphism rs9554812 has an effect allele C frequency of 0.2395 and non-effect allele T frequency of 0.7605.",SNP Disease Relations
What is the allele frequency of the SNP rs72842060 in a Parkinson's Disease study involving a European cohort?,"According to the largest European genome-wide meta-analysis of Parkinson's disease from Nalls (2019), single nucleotide polymorphism rs72842060 has an effect allele A frequency of 0.2072 and non-effect allele T frequency of 0.7928.",SNP Disease Relations
What is the allele frequency of the SNP rs6850344 in a Parkinson's Disease study involving a European cohort?,"According to the largest European genome-wide meta-analysis of Parkinson's disease from Nalls (2019), single nucleotide polymorphism rs6850344 has an effect allele T frequency of 0.1349 and non-effect allele G frequency of 0.8651.",SNP Disease Relations
What is the allele frequency of the SNP rs3098570 in a Parkinson's Disease study involving a European cohort?,"According to the largest European genome-wide meta-analysis of Parkinson's disease from Nalls (2019), single nucleotide polymorphism rs3098570 has an effect allele T frequency of 0.0143 and non-effect allele C frequency of 0.9857.",SNP Disease Relations
What is the allele frequency of the SNP rs2159709 in a Parkinson's Disease study involving a European cohort?,"According to the largest European genome-wide meta-analysis of Parkinson's disease from Nalls (2019), single nucleotide polymorphism rs2159709 has an effect allele C frequency of 0.3034 and non-effect allele A frequency of 0.6966.",SNP Disease Relations
What is the allele frequency of the SNP rs11103276 in a Parkinson's Disease study involving a European cohort?,"According to the largest European genome-wide meta-analysis of Parkinson's disease from Nalls (2019), single nucleotide polymorphism rs11103276 has an effect allele G frequency of 0.1236 and non-effect allele A frequency of 0.8764.",SNP Disease Relations
What is the allele frequency of the SNP rs73037676 in a Parkinson's Disease study involving a European cohort?,"According to the largest European genome-wide meta-analysis of Parkinson's disease from Nalls (2019), single nucleotide polymorphism rs73037676 has an effect allele G frequency of 0.1099 and non-effect allele A frequency of 0.8901.",SNP Disease Relations
What is the allele frequency of the SNP rs4424040 in a Parkinson's Disease study involving a European cohort?,"According to the largest European genome-wide meta-analysis of Parkinson's disease from Nalls (2019), single nucleotide polymorphism rs4424040 has an effect allele G frequency of 0.0477 and non-effect allele A frequency of 0.9523.",SNP Disease Relations
What is the allele frequency of the SNP rs10908471 in a Parkinson's Disease study involving a European cohort?,"According to the largest European genome-wide meta-analysis of Parkinson's disease from Nalls (2019), single nucleotide polymorphism rs10908471 has an effect allele G frequency of 0.2623 and non-effect allele A frequency of 0.7377.",SNP Disease Relations
What is the allele frequency of the SNP rs41529545 in a Parkinson's Disease study involving a European cohort?,"According to the largest European genome-wide meta-analysis of Parkinson's disease from Nalls (2019), single nucleotide polymorphism rs41529545 has an effect allele C frequency of 0.0424 and non-effect allele A frequency of 0.9576.",SNP Disease Relations
What is the allele frequency of the SNP rs9289823 in a Parkinson's Disease study involving a European cohort?,"According to the largest European genome-wide meta-analysis of Parkinson's disease from Nalls (2019), single nucleotide polymorphism rs9289823 has an effect allele T frequency of 0.2443 and non-effect allele G frequency of 0.7557.",SNP Disease Relations
What is the allele frequency of the SNP rs62139933 in a Parkinson's Disease study involving a European cohort?,"According to the largest European genome-wide meta-analysis of Parkinson's disease from Nalls (2019), single nucleotide polymorphism rs62139933 has an effect allele A frequency of 0.0765 and non-effect allele G frequency of 0.9235.",SNP Disease Relations
What is the allele frequency of the SNP rs6583820 in a Parkinson's Disease study involving a European cohort?,"According to the largest European genome-wide meta-analysis of Parkinson's disease from Nalls (2019), single nucleotide polymorphism rs6583820 has an effect allele G frequency of 0.0849 and non-effect allele A frequency of 0.9151.",SNP Disease Relations
What is the allele frequency of the SNP rs78450459 in a Parkinson's Disease study involving a European cohort?,"According to the largest European genome-wide meta-analysis of Parkinson's disease from Nalls (2019), single nucleotide polymorphism rs78450459 has an effect allele A frequency of 0.0190 and non-effect allele T frequency of 0.9810.",SNP Disease Relations
What is the allele frequency of the SNP rs992506 in a Parkinson's Disease study involving a European cohort?,"According to the largest European genome-wide meta-analysis of Parkinson's disease from Nalls (2019), single nucleotide polymorphism rs992506 has an effect allele C frequency of 0.1349 and non-effect allele G frequency of 0.8651.",SNP Disease Relations
What is the allele frequency of the SNP rs6933000 in a Parkinson's Disease study involving a European cohort?,"According to the largest European genome-wide meta-analysis of Parkinson's disease from Nalls (2019), single nucleotide polymorphism rs6933000 has an effect allele T frequency of 0.4060 and non-effect allele C frequency of 0.5940.",SNP Disease Relations
What is the allele frequency of the SNP rs12058729 in a Parkinson's Disease study involving a European cohort?,"According to the largest European genome-wide meta-analysis of Parkinson's disease from Nalls (2019), single nucleotide polymorphism rs12058729 has an effect allele C frequency of 0.1295 and non-effect allele T frequency of 0.8705.",SNP Disease Relations
What is the allele frequency of the SNP rs643844 in a Parkinson's Disease study involving a European cohort?,"According to the largest European genome-wide meta-analysis of Parkinson's disease from Nalls (2019), single nucleotide polymorphism rs643844 has an effect allele G frequency of 0.4329 and non-effect allele T frequency of 0.5671.",SNP Disease Relations
What is the allele frequency of the SNP rs140528644 in a Parkinson's Disease study involving a European cohort?,"According to the largest European genome-wide meta-analysis of Parkinson's disease from Nalls (2019), single nucleotide polymorphism rs140528644 has an effect allele C frequency of 0.0146 and non-effect allele G frequency of 0.9854.",SNP Disease Relations
What is the allele frequency of the SNP rs422496 in a Parkinson's Disease study involving a European cohort?,"According to the largest European genome-wide meta-analysis of Parkinson's disease from Nalls (2019), single nucleotide polymorphism rs422496 has an effect allele G frequency of 0.3069 and non-effect allele A frequency of 0.6931.",SNP Disease Relations
What is the allele frequency of the SNP rs114600853 in a Parkinson's Disease study involving a European cohort?,"According to the largest European genome-wide meta-analysis of Parkinson's disease from Nalls (2019), single nucleotide polymorphism rs114600853 has an effect allele C frequency of 0.0227 and non-effect allele T frequency of 0.9773.",SNP Disease Relations
What is the allele frequency of the SNP rs6045070 in a Parkinson's Disease study involving a European cohort?,"According to the largest European genome-wide meta-analysis of Parkinson's disease from Nalls (2019), single nucleotide polymorphism rs6045070 has an effect allele G frequency of 0.0946 and non-effect allele A frequency of 0.9054.",SNP Disease Relations
What is the allele frequency of the SNP rs8062709 in a Parkinson's Disease study involving a European cohort?,"According to the largest European genome-wide meta-analysis of Parkinson's disease from Nalls (2019), single nucleotide polymorphism rs8062709 has an effect allele T frequency of 0.0153 and non-effect allele C frequency of 0.9847.",SNP Disease Relations
What is the allele frequency of the SNP rs1813625 in a Parkinson's Disease study involving a European cohort?,"According to the largest European genome-wide meta-analysis of Parkinson's disease from Nalls (2019), single nucleotide polymorphism rs1813625 has an effect allele C frequency of 0.2007 and non-effect allele T frequency of 0.7993.",SNP Disease Relations
What is the allele frequency of the SNP rs115157402 in a Parkinson's Disease study involving a European cohort?,"According to the largest European genome-wide meta-analysis of Parkinson's disease from Nalls (2019), single nucleotide polymorphism rs115157402 has an effect allele T frequency of 0.0074 and non-effect allele C frequency of 0.9926.",SNP Disease Relations
What is the allele frequency of the SNP rs249181 in a Parkinson's Disease study involving a European cohort?,"According to the largest European genome-wide meta-analysis of Parkinson's disease from Nalls (2019), single nucleotide polymorphism rs249181 has an effect allele G frequency of 0.1553 and non-effect allele A frequency of 0.8447.",SNP Disease Relations
What is the allele frequency of the SNP rs2518167 in a Parkinson's Disease study involving a European cohort?,"According to the largest European genome-wide meta-analysis of Parkinson's disease from Nalls (2019), single nucleotide polymorphism rs2518167 has an effect allele A frequency of 0.3204 and non-effect allele T frequency of 0.6796.",SNP Disease Relations
What is the allele frequency of the SNP rs12096532 in a Parkinson's Disease study involving a European cohort?,"According to the largest European genome-wide meta-analysis of Parkinson's disease from Nalls (2019), single nucleotide polymorphism rs12096532 has an effect allele C frequency of 0.0971 and non-effect allele T frequency of 0.9029.",SNP Disease Relations
What is the allele frequency of the SNP rs17466482 in a Parkinson's Disease study involving a European cohort?,"According to the largest European genome-wide meta-analysis of Parkinson's disease from Nalls (2019), single nucleotide polymorphism rs17466482 has an effect allele C frequency of 0.2442 and non-effect allele T frequency of 0.7558.",SNP Disease Relations
What is the allele frequency of the SNP rs7330113 in a Parkinson's Disease study involving a European cohort?,"According to the largest European genome-wide meta-analysis of Parkinson's disease from Nalls (2019), single nucleotide polymorphism rs7330113 has an effect allele A frequency of 0.1762 and non-effect allele G frequency of 0.8238.",SNP Disease Relations
What is the allele frequency of the SNP rs117651012 in a Parkinson's Disease study involving a European cohort?,"According to the largest European genome-wide meta-analysis of Parkinson's disease from Nalls (2019), single nucleotide polymorphism rs117651012 has an effect allele C frequency of 0.0823 and non-effect allele T frequency of 0.9177.",SNP Disease Relations
What is the allele frequency of the SNP rs1361497 in a Parkinson's Disease study involving a European cohort?,"According to the largest European genome-wide meta-analysis of Parkinson's disease from Nalls (2019), single nucleotide polymorphism rs1361497 has an effect allele T frequency of 0.2756 and non-effect allele A frequency of 0.7244.",SNP Disease Relations
What is the allele frequency of the SNP rs59452907 in a Parkinson's Disease study involving a European cohort?,"According to the largest European genome-wide meta-analysis of Parkinson's disease from Nalls (2019), single nucleotide polymorphism rs59452907 has an effect allele A frequency of 0.0280 and non-effect allele G frequency of 0.9720.",SNP Disease Relations
What is the allele frequency of the SNP rs79354422 in a Parkinson's Disease study involving a European cohort?,"According to the largest European genome-wide meta-analysis of Parkinson's disease from Nalls (2019), single nucleotide polymorphism rs79354422 has an effect allele A frequency of 0.0166 and non-effect allele T frequency of 0.9834.",SNP Disease Relations
What is the allele frequency of the SNP rs2426233 in a Parkinson's Disease study involving a European cohort?,"According to the largest European genome-wide meta-analysis of Parkinson's disease from Nalls (2019), single nucleotide polymorphism rs2426233 has an effect allele A frequency of 0.1199 and non-effect allele T frequency of 0.8801.",SNP Disease Relations
What is the allele frequency of the SNP rs76493211 in a Parkinson's Disease study involving a European cohort?,"According to the largest European genome-wide meta-analysis of Parkinson's disease from Nalls (2019), single nucleotide polymorphism rs76493211 has an effect allele A frequency of 0.0447 and non-effect allele G frequency of 0.9553.",SNP Disease Relations
What is the allele frequency of the SNP rs35174115 in a Parkinson's Disease study involving a European cohort?,"According to the largest European genome-wide meta-analysis of Parkinson's disease from Nalls (2019), single nucleotide polymorphism rs35174115 has an effect allele G frequency of 0.0640 and non-effect allele T frequency of 0.9360.",SNP Disease Relations
What is the allele frequency of the SNP rs6009205 in a Parkinson's Disease study involving a European cohort?,"According to the largest European genome-wide meta-analysis of Parkinson's disease from Nalls (2019), single nucleotide polymorphism rs6009205 has an effect allele C frequency of 0.1266 and non-effect allele T frequency of 0.8734.",SNP Disease Relations
What is the allele frequency of the SNP rs61977060 in a Parkinson's Disease study involving a European cohort?,"According to the largest European genome-wide meta-analysis of Parkinson's disease from Nalls (2019), single nucleotide polymorphism rs61977060 has an effect allele G frequency of 0.1261 and non-effect allele T frequency of 0.8739.",SNP Disease Relations
What is the allele frequency of the SNP rs4800096 in a Parkinson's Disease study involving a European cohort?,"According to the largest European genome-wide meta-analysis of Parkinson's disease from Nalls (2019), single nucleotide polymorphism rs4800096 has an effect allele T frequency of 0.0720 and non-effect allele C frequency of 0.9280.",SNP Disease Relations
What is the allele frequency of the SNP rs60793280 in a Parkinson's Disease study involving a European cohort?,"According to the largest European genome-wide meta-analysis of Parkinson's disease from Nalls (2019), single nucleotide polymorphism rs60793280 has an effect allele T frequency of 0.0365 and non-effect allele C frequency of 0.9635.",SNP Disease Relations
What is the allele frequency of the SNP rs57384594 in a Parkinson's Disease study involving a European cohort?,"According to the largest European genome-wide meta-analysis of Parkinson's disease from Nalls (2019), single nucleotide polymorphism rs57384594 has an effect allele A frequency of 0.0178 and non-effect allele G frequency of 0.9822.",SNP Disease Relations
What is the allele frequency of the SNP rs141168043 in a Parkinson's Disease study involving a European cohort?,"According to the largest European genome-wide meta-analysis of Parkinson's disease from Nalls (2019), single nucleotide polymorphism rs141168043 has an effect allele T frequency of 0.0572 and non-effect allele G frequency of 0.9428.",SNP Disease Relations
What is the allele frequency of the SNP rs55828101 in a Parkinson's Disease study involving a European cohort?,"According to the largest European genome-wide meta-analysis of Parkinson's disease from Nalls (2019), single nucleotide polymorphism rs55828101 has an effect allele A frequency of 0.1745 and non-effect allele G frequency of 0.8255.",SNP Disease Relations
What is the allele frequency of the SNP rs78464229 in a Parkinson's Disease study involving a European cohort?,"According to the largest European genome-wide meta-analysis of Parkinson's disease from Nalls (2019), single nucleotide polymorphism rs78464229 has an effect allele C frequency of 0.1320 and non-effect allele T frequency of 0.8680.",SNP Disease Relations
What is the allele frequency of the SNP rs10109863 in a Parkinson's Disease study involving a European cohort?,"According to the largest European genome-wide meta-analysis of Parkinson's disease from Nalls (2019), single nucleotide polymorphism rs10109863 has an effect allele A frequency of 0.3591 and non-effect allele G frequency of 0.6409.",SNP Disease Relations
What is the allele frequency of the SNP rs12683173 in a Parkinson's Disease study involving a European cohort?,"According to the largest European genome-wide meta-analysis of Parkinson's disease from Nalls (2019), single nucleotide polymorphism rs12683173 has an effect allele A frequency of 0.1672 and non-effect allele T frequency of 0.8328.",SNP Disease Relations
What is the allele frequency of the SNP rs56377442 in a Parkinson's Disease study involving a European cohort?,"According to the largest European genome-wide meta-analysis of Parkinson's disease from Nalls (2019), single nucleotide polymorphism rs56377442 has an effect allele T frequency of 0.1601 and non-effect allele C frequency of 0.8399.",SNP Disease Relations
What is the allele frequency of the SNP rs6988040 in a Parkinson's Disease study involving a European cohort?,"According to the largest European genome-wide meta-analysis of Parkinson's disease from Nalls (2019), single nucleotide polymorphism rs6988040 has an effect allele C frequency of 0.1485 and non-effect allele T frequency of 0.8515.",SNP Disease Relations
What is the allele frequency of the SNP rs7826943 in a Parkinson's Disease study involving a European cohort?,"According to the largest European genome-wide meta-analysis of Parkinson's disease from Nalls (2019), single nucleotide polymorphism rs7826943 has an effect allele A frequency of 0.0554 and non-effect allele G frequency of 0.9446.",SNP Disease Relations
What is the allele frequency of the SNP rs190427354 in a Parkinson's Disease study involving a European cohort?,"According to the largest European genome-wide meta-analysis of Parkinson's disease from Nalls (2019), single nucleotide polymorphism rs190427354 has an effect allele C frequency of 0.0101 and non-effect allele G frequency of 0.9899.",SNP Disease Relations
What is the allele frequency of the SNP rs62209222 in a Parkinson's Disease study involving a European cohort?,"According to the largest European genome-wide meta-analysis of Parkinson's disease from Nalls (2019), single nucleotide polymorphism rs62209222 has an effect allele C frequency of 0.0124 and non-effect allele T frequency of 0.9876.",SNP Disease Relations
What is the allele frequency of the SNP rs59439225 in a Parkinson's Disease study involving a European cohort?,"According to the largest European genome-wide meta-analysis of Parkinson's disease from Nalls (2019), single nucleotide polymorphism rs59439225 has an effect allele A frequency of 0.0445 and non-effect allele G frequency of 0.9555.",SNP Disease Relations
What is the allele frequency of the SNP rs4364889 in a Parkinson's Disease study involving a European cohort?,"According to the largest European genome-wide meta-analysis of Parkinson's disease from Nalls (2019), single nucleotide polymorphism rs4364889 has an effect allele A frequency of 0.1338 and non-effect allele G frequency of 0.8662.",SNP Disease Relations
What is the allele frequency of the SNP rs73554810 in a Parkinson's Disease study involving a European cohort?,"According to the largest European genome-wide meta-analysis of Parkinson's disease from Nalls (2019), single nucleotide polymorphism rs73554810 has an effect allele C frequency of 0.0253 and non-effect allele T frequency of 0.9747.",SNP Disease Relations
What is the allele frequency of the SNP rs116871135 in a Parkinson's Disease study involving a European cohort?,"According to the largest European genome-wide meta-analysis of Parkinson's disease from Nalls (2019), single nucleotide polymorphism rs116871135 has an effect allele C frequency of 0.0136 and non-effect allele T frequency of 0.9864.",SNP Disease Relations
What is the allele frequency of the SNP rs9925644 in a Parkinson's Disease study involving a European cohort?,"According to the largest European genome-wide meta-analysis of Parkinson's disease from Nalls (2019), single nucleotide polymorphism rs9925644 has an effect allele C frequency of 0.3783 and non-effect allele G frequency of 0.6217.",SNP Disease Relations
What is the allele frequency of the SNP rs2467094 in a Parkinson's Disease study involving a European cohort?,"According to the largest European genome-wide meta-analysis of Parkinson's disease from Nalls (2019), single nucleotide polymorphism rs2467094 has an effect allele A frequency of 0.3134 and non-effect allele G frequency of 0.6866.",SNP Disease Relations
What is the allele frequency of the SNP rs10116650 in a Parkinson's Disease study involving a European cohort?,"According to the largest European genome-wide meta-analysis of Parkinson's disease from Nalls (2019), single nucleotide polymorphism rs10116650 has an effect allele A frequency of 0.2954 and non-effect allele G frequency of 0.7046.",SNP Disease Relations
What is the allele frequency of the SNP rs6456677 in a Parkinson's Disease study involving a European cohort?,"According to the largest European genome-wide meta-analysis of Parkinson's disease from Nalls (2019), single nucleotide polymorphism rs6456677 has an effect allele G frequency of 0.0119 and non-effect allele A frequency of 0.9881.",SNP Disease Relations
What is the allele frequency of the SNP rs201393564 in a Parkinson's Disease study involving a European cohort?,"According to the largest European genome-wide meta-analysis of Parkinson's disease from Nalls (2019), single nucleotide polymorphism rs201393564 has an effect allele T frequency of 0.0376 and non-effect allele C frequency of 0.9624.",SNP Disease Relations
What is the allele frequency of the SNP rs7515817 in a Parkinson's Disease study involving a European cohort?,"According to the largest European genome-wide meta-analysis of Parkinson's disease from Nalls (2019), single nucleotide polymorphism rs7515817 has an effect allele A frequency of 0.1032 and non-effect allele G frequency of 0.8968.",SNP Disease Relations
What is the allele frequency of the SNP rs168689 in a Parkinson's Disease study involving a European cohort?,"According to the largest European genome-wide meta-analysis of Parkinson's disease from Nalls (2019), single nucleotide polymorphism rs168689 has an effect allele T frequency of 0.3826 and non-effect allele C frequency of 0.6174.",SNP Disease Relations
What is the allele frequency of the SNP rs34466453 in a Parkinson's Disease study involving a European cohort?,"According to the largest European genome-wide meta-analysis of Parkinson's disease from Nalls (2019), single nucleotide polymorphism rs34466453 has an effect allele C frequency of 0.0565 and non-effect allele T frequency of 0.9435.",SNP Disease Relations
What is the allele frequency of the SNP rs139496542 in a Parkinson's Disease study involving a European cohort?,"According to the largest European genome-wide meta-analysis of Parkinson's disease from Nalls (2019), single nucleotide polymorphism rs139496542 has an effect allele C frequency of 0.0145 and non-effect allele T frequency of 0.9855.",SNP Disease Relations
What is the allele frequency of the SNP rs113884844 in a Parkinson's Disease study involving a European cohort?,"According to the largest European genome-wide meta-analysis of Parkinson's disease from Nalls (2019), single nucleotide polymorphism rs113884844 has an effect allele C frequency of 0.0147 and non-effect allele T frequency of 0.9853.",SNP Disease Relations
What is the allele frequency of the SNP rs1467331 in a Parkinson's Disease study involving a European cohort?,"According to the largest European genome-wide meta-analysis of Parkinson's disease from Nalls (2019), single nucleotide polymorphism rs1467331 has an effect allele A frequency of 0.3047 and non-effect allele T frequency of 0.6953.",SNP Disease Relations
What is the allele frequency of the SNP rs76526137 in a Parkinson's Disease study involving a European cohort?,"According to the largest European genome-wide meta-analysis of Parkinson's disease from Nalls (2019), single nucleotide polymorphism rs76526137 has an effect allele A frequency of 0.0784 and non-effect allele C frequency of 0.9216.",SNP Disease Relations
What is the allele frequency of the SNP rs142576328 in a Parkinson's Disease study involving a European cohort?,"According to the largest European genome-wide meta-analysis of Parkinson's disease from Nalls (2019), single nucleotide polymorphism rs142576328 has an effect allele G frequency of 0.0199 and non-effect allele A frequency of 0.9801.",SNP Disease Relations
What is the allele frequency of the SNP rs11698242 in a Parkinson's Disease study involving a European cohort?,"According to the largest European genome-wide meta-analysis of Parkinson's disease from Nalls (2019), single nucleotide polymorphism rs11698242 has an effect allele A frequency of 0.0645 and non-effect allele G frequency of 0.9355.",SNP Disease Relations
What is the allele frequency of the SNP rs11100388 in a Parkinson's Disease study involving a European cohort?,"According to the largest European genome-wide meta-analysis of Parkinson's disease from Nalls (2019), single nucleotide polymorphism rs11100388 has an effect allele C frequency of 0.0395 and non-effect allele A frequency of 0.9605.",SNP Disease Relations
What is the allele frequency of the SNP rs362116 in a Parkinson's Disease study involving a European cohort?,"According to the largest European genome-wide meta-analysis of Parkinson's disease from Nalls (2019), single nucleotide polymorphism rs362116 has an effect allele A frequency of 0.1002 and non-effect allele G frequency of 0.8998.",SNP Disease Relations
What is the allele frequency of the SNP rs9463165 in a Parkinson's Disease study involving a European cohort?,"According to the largest European genome-wide meta-analysis of Parkinson's disease from Nalls (2019), single nucleotide polymorphism rs9463165 has an effect allele A frequency of 0.2160 and non-effect allele G frequency of 0.7840.",SNP Disease Relations
What is the allele frequency of the SNP rs34124897 in a Parkinson's Disease study involving a European cohort?,"According to the largest European genome-wide meta-analysis of Parkinson's disease from Nalls (2019), single nucleotide polymorphism rs34124897 has an effect allele A frequency of 0.0173 and non-effect allele G frequency of 0.9827.",SNP Disease Relations
What is the allele frequency of the SNP rs1490459 in a Parkinson's Disease study involving a European cohort?,"According to the largest European genome-wide meta-analysis of Parkinson's disease from Nalls (2019), single nucleotide polymorphism rs1490459 has an effect allele C frequency of 0.1562 and non-effect allele T frequency of 0.8438.",SNP Disease Relations
What is the allele frequency of the SNP rs11172722 in a Parkinson's Disease study involving a European cohort?,"According to the largest European genome-wide meta-analysis of Parkinson's disease from Nalls (2019), single nucleotide polymorphism rs11172722 has an effect allele C frequency of 0.1521 and non-effect allele A frequency of 0.8479.",SNP Disease Relations
What is the allele frequency of the SNP rs35670734 in a Parkinson's Disease study involving a European cohort?,"According to the largest European genome-wide meta-analysis of Parkinson's disease from Nalls (2019), single nucleotide polymorphism rs35670734 has an effect allele C frequency of 0.4167 and non-effect allele T frequency of 0.5833.",SNP Disease Relations
What is the allele frequency of the SNP rs7902125 in a Parkinson's Disease study involving a European cohort?,"According to the largest European genome-wide meta-analysis of Parkinson's disease from Nalls (2019), single nucleotide polymorphism rs7902125 has an effect allele T frequency of 0.4041 and non-effect allele C frequency of 0.5959.",SNP Disease Relations
What is the allele frequency of the SNP rs9389467 in a Parkinson's Disease study involving a European cohort?,"According to the largest European genome-wide meta-analysis of Parkinson's disease from Nalls (2019), single nucleotide polymorphism rs9389467 has an effect allele A frequency of 0.0885 and non-effect allele G frequency of 0.9115.",SNP Disease Relations
What is the allele frequency of the SNP rs146787172 in a Parkinson's Disease study involving a European cohort?,"According to the largest European genome-wide meta-analysis of Parkinson's disease from Nalls (2019), single nucleotide polymorphism rs146787172 has an effect allele A frequency of 0.0119 and non-effect allele G frequency of 0.9881.",SNP Disease Relations
What is the allele frequency of the SNP rs73875117 in a Parkinson's Disease study involving a European cohort?,"According to the largest European genome-wide meta-analysis of Parkinson's disease from Nalls (2019), single nucleotide polymorphism rs73875117 has an effect allele T frequency of 0.0610 and non-effect allele G frequency of 0.9390.",SNP Disease Relations
What is the allele frequency of the SNP rs117016929 in a Parkinson's Disease study involving a European cohort?,"According to the largest European genome-wide meta-analysis of Parkinson's disease from Nalls (2019), single nucleotide polymorphism rs117016929 has an effect allele G frequency of 0.0178 and non-effect allele A frequency of 0.9822.",SNP Disease Relations
What is the allele frequency of the SNP rs75287600 in a Parkinson's Disease study involving a European cohort?,"According to the largest European genome-wide meta-analysis of Parkinson's disease from Nalls (2019), single nucleotide polymorphism rs75287600 has an effect allele C frequency of 0.0145 and non-effect allele G frequency of 0.9855.",SNP Disease Relations
What is the allele frequency of the SNP rs75307211 in a Parkinson's Disease study involving a European cohort?,"According to the largest European genome-wide meta-analysis of Parkinson's disease from Nalls (2019), single nucleotide polymorphism rs75307211 has an effect allele A frequency of 0.1140 and non-effect allele G frequency of 0.8860.",SNP Disease Relations
What is the allele frequency of the SNP rs2722239 in a Parkinson's Disease study involving a European cohort?,"According to the largest European genome-wide meta-analysis of Parkinson's disease from Nalls (2019), single nucleotide polymorphism rs2722239 has an effect allele G frequency of 0.2764 and non-effect allele A frequency of 0.7236.",SNP Disease Relations
What is the allele frequency of the SNP rs34130864 in a Parkinson's Disease study involving a European cohort?,"According to the largest European genome-wide meta-analysis of Parkinson's disease from Nalls (2019), single nucleotide polymorphism rs34130864 has an effect allele G frequency of 0.1177 and non-effect allele T frequency of 0.8823.",SNP Disease Relations
What is the allele frequency of the SNP rs13188267 in a Parkinson's Disease study involving a European cohort?,"According to the largest European genome-wide meta-analysis of Parkinson's disease from Nalls (2019), single nucleotide polymorphism rs13188267 has an effect allele C frequency of 0.0201 and non-effect allele T frequency of 0.9799.",SNP Disease Relations
What is the allele frequency of the SNP rs7674462 in a Parkinson's Disease study involving a European cohort?,"According to the largest European genome-wide meta-analysis of Parkinson's disease from Nalls (2019), single nucleotide polymorphism rs7674462 has an effect allele A frequency of 0.2835 and non-effect allele G frequency of 0.7165.",SNP Disease Relations
What is the allele frequency of the SNP rs9267980 in a Parkinson's Disease study involving a European cohort?,"According to the largest European genome-wide meta-analysis of Parkinson's disease from Nalls (2019), single nucleotide polymorphism rs9267980 has an effect allele A frequency of 0.0706 and non-effect allele G frequency of 0.9294.",SNP Disease Relations
What is the allele frequency of the SNP rs117399262 in a Parkinson's Disease study involving a European cohort?,"According to the largest European genome-wide meta-analysis of Parkinson's disease from Nalls (2019), single nucleotide polymorphism rs117399262 has an effect allele C frequency of 0.0157 and non-effect allele G frequency of 0.9843.",SNP Disease Relations
What is the allele frequency of the SNP rs8099192 in a Parkinson's Disease study involving a European cohort?,"According to the largest European genome-wide meta-analysis of Parkinson's disease from Nalls (2019), single nucleotide polymorphism rs8099192 has an effect allele C frequency of 0.1009 and non-effect allele A frequency of 0.8991.",SNP Disease Relations
What is the allele frequency of the SNP rs59124302 in a Parkinson's Disease study involving a European cohort?,"According to the largest European genome-wide meta-analysis of Parkinson's disease from Nalls (2019), single nucleotide polymorphism rs59124302 has an effect allele A frequency of 0.0332 and non-effect allele G frequency of 0.9668.",SNP Disease Relations
What is the allele frequency of the SNP rs8003038 in a Parkinson's Disease study involving a European cohort?,"According to the largest European genome-wide meta-analysis of Parkinson's disease from Nalls (2019), single nucleotide polymorphism rs8003038 has an effect allele A frequency of 0.4809 and non-effect allele T frequency of 0.5191.",SNP Disease Relations
What is the allele frequency of the SNP rs11070698 in a Parkinson's Disease study involving a European cohort?,"According to the largest European genome-wide meta-analysis of Parkinson's disease from Nalls (2019), single nucleotide polymorphism rs11070698 has an effect allele C frequency of 0.0181 and non-effect allele T frequency of 0.9819.",SNP Disease Relations
What is the allele frequency of the SNP rs2477717 in a Parkinson's Disease study involving a European cohort?,"According to the largest European genome-wide meta-analysis of Parkinson's disease from Nalls (2019), single nucleotide polymorphism rs2477717 has an effect allele C frequency of 0.0130 and non-effect allele T frequency of 0.9870.",SNP Disease Relations
What is the allele frequency of the SNP rs1880551 in a Parkinson's Disease study involving a European cohort?,"According to the largest European genome-wide meta-analysis of Parkinson's disease from Nalls (2019), single nucleotide polymorphism rs1880551 has an effect allele G frequency of 0.1587 and non-effect allele T frequency of 0.8413.",SNP Disease Relations
What is the allele frequency of the SNP rs6497099 in a Parkinson's Disease study involving a European cohort?,"According to the largest European genome-wide meta-analysis of Parkinson's disease from Nalls (2019), single nucleotide polymorphism rs6497099 has an effect allele C frequency of 0.4484 and non-effect allele A frequency of 0.5516.",SNP Disease Relations
What is the allele frequency of the SNP rs112016107 in a Parkinson's Disease study involving a European cohort?,"According to the largest European genome-wide meta-analysis of Parkinson's disease from Nalls (2019), single nucleotide polymorphism rs112016107 has an effect allele T frequency of 0.0724 and non-effect allele C frequency of 0.9276.",SNP Disease Relations
What is the allele frequency of the SNP rs9608546 in a Parkinson's Disease study involving a European cohort?,"According to the largest European genome-wide meta-analysis of Parkinson's disease from Nalls (2019), single nucleotide polymorphism rs9608546 has an effect allele T frequency of 0.1073 and non-effect allele G frequency of 0.8927.",SNP Disease Relations
What is the allele frequency of the SNP rs7981996 in a Parkinson's Disease study involving a European cohort?,"According to the largest European genome-wide meta-analysis of Parkinson's disease from Nalls (2019), single nucleotide polymorphism rs7981996 has an effect allele T frequency of 0.0228 and non-effect allele C frequency of 0.9772.",SNP Disease Relations
What is the allele frequency of the SNP rs73195844 in a Parkinson's Disease study involving a European cohort?,"According to the largest European genome-wide meta-analysis of Parkinson's disease from Nalls (2019), single nucleotide polymorphism rs73195844 has an effect allele T frequency of 0.0829 and non-effect allele C frequency of 0.9171.",SNP Disease Relations
What is the allele frequency of the SNP rs10027524 in a Parkinson's Disease study involving a European cohort?,"According to the largest European genome-wide meta-analysis of Parkinson's disease from Nalls (2019), single nucleotide polymorphism rs10027524 has an effect allele T frequency of 0.2202 and non-effect allele C frequency of 0.7798.",SNP Disease Relations
What is the allele frequency of the SNP rs181115158 in a Parkinson's Disease study involving a European cohort?,"According to the largest European genome-wide meta-analysis of Parkinson's disease from Nalls (2019), single nucleotide polymorphism rs181115158 has an effect allele A frequency of 0.0216 and non-effect allele G frequency of 0.9784.",SNP Disease Relations
What is the allele frequency of the SNP rs13202911 in a Parkinson's Disease study involving a European cohort?,"According to the largest European genome-wide meta-analysis of Parkinson's disease from Nalls (2019), single nucleotide polymorphism rs13202911 has an effect allele C frequency of 0.0996 and non-effect allele A frequency of 0.9004.",SNP Disease Relations
What is the allele frequency of the SNP rs3825084 in a Parkinson's Disease study involving a European cohort?,"According to the largest European genome-wide meta-analysis of Parkinson's disease from Nalls (2019), single nucleotide polymorphism rs3825084 has an effect allele G frequency of 0.1426 and non-effect allele T frequency of 0.8574.",SNP Disease Relations
What is the allele frequency of the SNP rs12202706 in a Parkinson's Disease study involving a European cohort?,"According to the largest European genome-wide meta-analysis of Parkinson's disease from Nalls (2019), single nucleotide polymorphism rs12202706 has an effect allele G frequency of 0.2731 and non-effect allele C frequency of 0.7269.",SNP Disease Relations
What is the allele frequency of the SNP rs10113359 in a Parkinson's Disease study involving a European cohort?,"According to the largest European genome-wide meta-analysis of Parkinson's disease from Nalls (2019), single nucleotide polymorphism rs10113359 has an effect allele G frequency of 0.1562 and non-effect allele A frequency of 0.8438.",SNP Disease Relations
What is the allele frequency of the SNP rs11685312 in a Parkinson's Disease study involving a European cohort?,"According to the largest European genome-wide meta-analysis of Parkinson's disease from Nalls (2019), single nucleotide polymorphism rs11685312 has an effect allele C frequency of 0.1049 and non-effect allele T frequency of 0.8951.",SNP Disease Relations
What is the allele frequency of the SNP rs5751684 in a Parkinson's Disease study involving a European cohort?,"According to the largest European genome-wide meta-analysis of Parkinson's disease from Nalls (2019), single nucleotide polymorphism rs5751684 has an effect allele G frequency of 0.3131 and non-effect allele A frequency of 0.6869.",SNP Disease Relations
What is the allele frequency of the SNP rs10124970 in a Parkinson's Disease study involving a European cohort?,"According to the largest European genome-wide meta-analysis of Parkinson's disease from Nalls (2019), single nucleotide polymorphism rs10124970 has an effect allele T frequency of 0.2841 and non-effect allele C frequency of 0.7159.",SNP Disease Relations
What is the allele frequency of the SNP rs3968756 in a Parkinson's Disease study involving a European cohort?,"According to the largest European genome-wide meta-analysis of Parkinson's disease from Nalls (2019), single nucleotide polymorphism rs3968756 has an effect allele A frequency of 0.3104 and non-effect allele G frequency of 0.6896.",SNP Disease Relations
What is the allele frequency of the SNP rs7792449 in a Parkinson's Disease study involving a European cohort?,"According to the largest European genome-wide meta-analysis of Parkinson's disease from Nalls (2019), single nucleotide polymorphism rs7792449 has an effect allele G frequency of 0.3212 and non-effect allele A frequency of 0.6788.",SNP Disease Relations
What is the allele frequency of the SNP rs17366825 in a Parkinson's Disease study involving a European cohort?,"According to the largest European genome-wide meta-analysis of Parkinson's disease from Nalls (2019), single nucleotide polymorphism rs17366825 has an effect allele A frequency of 0.0582 and non-effect allele C frequency of 0.9418.",SNP Disease Relations
What is the allele frequency of the SNP rs1037333 in a Parkinson's Disease study involving a European cohort?,"According to the largest European genome-wide meta-analysis of Parkinson's disease from Nalls (2019), single nucleotide polymorphism rs1037333 has an effect allele C frequency of 0.3539 and non-effect allele T frequency of 0.6461.",SNP Disease Relations
What is the allele frequency of the SNP rs72773686 in a Parkinson's Disease study involving a European cohort?,"According to the largest European genome-wide meta-analysis of Parkinson's disease from Nalls (2019), single nucleotide polymorphism rs72773686 has an effect allele G frequency of 0.0379 and non-effect allele A frequency of 0.9621.",SNP Disease Relations
What is the allele frequency of the SNP rs8010289 in a Parkinson's Disease study involving a European cohort?,"According to the largest European genome-wide meta-analysis of Parkinson's disease from Nalls (2019), single nucleotide polymorphism rs8010289 has an effect allele C frequency of 0.3347 and non-effect allele G frequency of 0.6653.",SNP Disease Relations
What is the allele frequency of the SNP rs11706123 in a Parkinson's Disease study involving a European cohort?,"According to the largest European genome-wide meta-analysis of Parkinson's disease from Nalls (2019), single nucleotide polymorphism rs11706123 has an effect allele T frequency of 0.2564 and non-effect allele C frequency of 0.7436.",SNP Disease Relations
What is the allele frequency of the SNP rs77074463 in a Parkinson's Disease study involving a European cohort?,"According to the largest European genome-wide meta-analysis of Parkinson's disease from Nalls (2019), single nucleotide polymorphism rs77074463 has an effect allele C frequency of 0.0763 and non-effect allele G frequency of 0.9237.",SNP Disease Relations
What is the allele frequency of the SNP rs9258223 in a Parkinson's Disease study involving a European cohort?,"According to the largest European genome-wide meta-analysis of Parkinson's disease from Nalls (2019), single nucleotide polymorphism rs9258223 has an effect allele G frequency of 0.1061 and non-effect allele C frequency of 0.8939.",SNP Disease Relations
What is the allele frequency of the SNP rs144450459 in a Parkinson's Disease study involving a European cohort?,"According to the largest European genome-wide meta-analysis of Parkinson's disease from Nalls (2019), single nucleotide polymorphism rs144450459 has an effect allele G frequency of 0.0181 and non-effect allele T frequency of 0.9819.",SNP Disease Relations
What is the allele frequency of the SNP rs146262462 in a Parkinson's Disease study involving a European cohort?,"According to the largest European genome-wide meta-analysis of Parkinson's disease from Nalls (2019), single nucleotide polymorphism rs146262462 has an effect allele T frequency of 0.0104 and non-effect allele C frequency of 0.9896.",SNP Disease Relations
What is the allele frequency of the SNP rs6548902 in a Parkinson's Disease study involving a European cohort?,"According to the largest European genome-wide meta-analysis of Parkinson's disease from Nalls (2019), single nucleotide polymorphism rs6548902 has an effect allele A frequency of 0.1363 and non-effect allele G frequency of 0.8637.",SNP Disease Relations
What is the allele frequency of the SNP rs235912 in a Parkinson's Disease study involving a European cohort?,"According to the largest European genome-wide meta-analysis of Parkinson's disease from Nalls (2019), single nucleotide polymorphism rs235912 has an effect allele A frequency of 0.1702 and non-effect allele G frequency of 0.8298.",SNP Disease Relations
What is the allele frequency of the SNP rs75488969 in a Parkinson's Disease study involving a European cohort?,"According to the largest European genome-wide meta-analysis of Parkinson's disease from Nalls (2019), single nucleotide polymorphism rs75488969 has an effect allele T frequency of 0.0978 and non-effect allele C frequency of 0.9022.",SNP Disease Relations
What is the allele frequency of the SNP rs12670348 in a Parkinson's Disease study involving a European cohort?,"According to the largest European genome-wide meta-analysis of Parkinson's disease from Nalls (2019), single nucleotide polymorphism rs12670348 has an effect allele G frequency of 0.0630 and non-effect allele A frequency of 0.9370.",SNP Disease Relations
What is the allele frequency of the SNP rs111734474 in a Parkinson's Disease study involving a European cohort?,"According to the largest European genome-wide meta-analysis of Parkinson's disease from Nalls (2019), single nucleotide polymorphism rs111734474 has an effect allele A frequency of 0.0866 and non-effect allele G frequency of 0.9134.",SNP Disease Relations
What is the allele frequency of the SNP rs12770745 in a Parkinson's Disease study involving a European cohort?,"According to the largest European genome-wide meta-analysis of Parkinson's disease from Nalls (2019), single nucleotide polymorphism rs12770745 has an effect allele G frequency of 0.0607 and non-effect allele A frequency of 0.9393.",SNP Disease Relations
What is the allele frequency of the SNP rs1396529 in a Parkinson's Disease study involving a European cohort?,"According to the largest European genome-wide meta-analysis of Parkinson's disease from Nalls (2019), single nucleotide polymorphism rs1396529 has an effect allele T frequency of 0.1937 and non-effect allele C frequency of 0.8063.",SNP Disease Relations
What is the allele frequency of the SNP rs28661429 in a Parkinson's Disease study involving a European cohort?,"According to the largest European genome-wide meta-analysis of Parkinson's disease from Nalls (2019), single nucleotide polymorphism rs28661429 has an effect allele A frequency of 0.4260 and non-effect allele G frequency of 0.5740.",SNP Disease Relations
What is the allele frequency of the SNP rs2819737 in a Parkinson's Disease study involving a European cohort?,"According to the largest European genome-wide meta-analysis of Parkinson's disease from Nalls (2019), single nucleotide polymorphism rs2819737 has an effect allele G frequency of 0.2377 and non-effect allele T frequency of 0.7623.",SNP Disease Relations
What is the allele frequency of the SNP rs61999023 in a Parkinson's Disease study involving a European cohort?,"According to the largest European genome-wide meta-analysis of Parkinson's disease from Nalls (2019), single nucleotide polymorphism rs61999023 has an effect allele T frequency of 0.4305 and non-effect allele G frequency of 0.5695.",SNP Disease Relations
What is the allele frequency of the SNP rs34377385 in a Parkinson's Disease study involving a European cohort?,"According to the largest European genome-wide meta-analysis of Parkinson's disease from Nalls (2019), single nucleotide polymorphism rs34377385 has an effect allele T frequency of 0.1266 and non-effect allele C frequency of 0.8734.",SNP Disease Relations
What is the allele frequency of the SNP rs12744388 in a Parkinson's Disease study involving a European cohort?,"According to the largest European genome-wide meta-analysis of Parkinson's disease from Nalls (2019), single nucleotide polymorphism rs12744388 has an effect allele G frequency of 0.0581 and non-effect allele A frequency of 0.9419.",SNP Disease Relations
What is the allele frequency of the SNP rs142336835 in a Parkinson's Disease study involving a European cohort?,"According to the largest European genome-wide meta-analysis of Parkinson's disease from Nalls (2019), single nucleotide polymorphism rs142336835 has an effect allele T frequency of 0.0305 and non-effect allele C frequency of 0.9695.",SNP Disease Relations
What is the allele frequency of the SNP rs7120255 in a Parkinson's Disease study involving a European cohort?,"According to the largest European genome-wide meta-analysis of Parkinson's disease from Nalls (2019), single nucleotide polymorphism rs7120255 has an effect allele A frequency of 0.1709 and non-effect allele G frequency of 0.8291.",SNP Disease Relations
What is the allele frequency of the SNP rs62024780 in a Parkinson's Disease study involving a European cohort?,"According to the largest European genome-wide meta-analysis of Parkinson's disease from Nalls (2019), single nucleotide polymorphism rs62024780 has an effect allele G frequency of 0.0524 and non-effect allele A frequency of 0.9476.",SNP Disease Relations
What is the allele frequency of the SNP rs149770331 in a Parkinson's Disease study involving a European cohort?,"According to the largest European genome-wide meta-analysis of Parkinson's disease from Nalls (2019), single nucleotide polymorphism rs149770331 has an effect allele C frequency of 0.0177 and non-effect allele T frequency of 0.9823.",SNP Disease Relations
What is the allele frequency of the SNP rs12921483 in a Parkinson's Disease study involving a European cohort?,"According to the largest European genome-wide meta-analysis of Parkinson's disease from Nalls (2019), single nucleotide polymorphism rs12921483 has an effect allele T frequency of 0.2691 and non-effect allele G frequency of 0.7309.",SNP Disease Relations
What is the allele frequency of the SNP rs6538799 in a Parkinson's Disease study involving a European cohort?,"According to the largest European genome-wide meta-analysis of Parkinson's disease from Nalls (2019), single nucleotide polymorphism rs6538799 has an effect allele G frequency of 0.3749 and non-effect allele A frequency of 0.6251.",SNP Disease Relations
What is the allele frequency of the SNP rs4851946 in a Parkinson's Disease study involving a European cohort?,"According to the largest European genome-wide meta-analysis of Parkinson's disease from Nalls (2019), single nucleotide polymorphism rs4851946 has an effect allele G frequency of 0.4341 and non-effect allele A frequency of 0.5659.",SNP Disease Relations
What is the allele frequency of the SNP rs4327677 in a Parkinson's Disease study involving a European cohort?,"According to the largest European genome-wide meta-analysis of Parkinson's disease from Nalls (2019), single nucleotide polymorphism rs4327677 has an effect allele C frequency of 0.4753 and non-effect allele T frequency of 0.5247.",SNP Disease Relations
What is the allele frequency of the SNP rs41279908 in a Parkinson's Disease study involving a European cohort?,"According to the largest European genome-wide meta-analysis of Parkinson's disease from Nalls (2019), single nucleotide polymorphism rs41279908 has an effect allele A frequency of 0.1148 and non-effect allele G frequency of 0.8852.",SNP Disease Relations
What is the allele frequency of the SNP rs10006324 in a Parkinson's Disease study involving a European cohort?,"According to the largest European genome-wide meta-analysis of Parkinson's disease from Nalls (2019), single nucleotide polymorphism rs10006324 has an effect allele A frequency of 0.4544 and non-effect allele G frequency of 0.5456.",SNP Disease Relations
What is the allele frequency of the SNP rs6903219 in a Parkinson's Disease study involving a European cohort?,"According to the largest European genome-wide meta-analysis of Parkinson's disease from Nalls (2019), single nucleotide polymorphism rs6903219 has an effect allele A frequency of 0.4729 and non-effect allele G frequency of 0.5271.",SNP Disease Relations
What is the allele frequency of the SNP rs72939216 in a Parkinson's Disease study involving a European cohort?,"According to the largest European genome-wide meta-analysis of Parkinson's disease from Nalls (2019), single nucleotide polymorphism rs72939216 has an effect allele C frequency of 0.0803 and non-effect allele T frequency of 0.9197.",SNP Disease Relations
What is the allele frequency of the SNP rs117428864 in a Parkinson's Disease study involving a European cohort?,"According to the largest European genome-wide meta-analysis of Parkinson's disease from Nalls (2019), single nucleotide polymorphism rs117428864 has an effect allele T frequency of 0.0180 and non-effect allele G frequency of 0.9820.",SNP Disease Relations
What is the allele frequency of the SNP rs4639266 in a Parkinson's Disease study involving a European cohort?,"According to the largest European genome-wide meta-analysis of Parkinson's disease from Nalls (2019), single nucleotide polymorphism rs4639266 has an effect allele T frequency of 0.1661 and non-effect allele C frequency of 0.8339.",SNP Disease Relations
What is the allele frequency of the SNP rs75679157 in a Parkinson's Disease study involving a European cohort?,"According to the largest European genome-wide meta-analysis of Parkinson's disease from Nalls (2019), single nucleotide polymorphism rs75679157 has an effect allele A frequency of 0.0291 and non-effect allele C frequency of 0.9709.",SNP Disease Relations
What is the allele frequency of the SNP rs2141258 in a Parkinson's Disease study involving a European cohort?,"According to the largest European genome-wide meta-analysis of Parkinson's disease from Nalls (2019), single nucleotide polymorphism rs2141258 has an effect allele T frequency of 0.1642 and non-effect allele G frequency of 0.8358.",SNP Disease Relations
What is the allele frequency of the SNP rs57168702 in a Parkinson's Disease study involving a European cohort?,"According to the largest European genome-wide meta-analysis of Parkinson's disease from Nalls (2019), single nucleotide polymorphism rs57168702 has an effect allele T frequency of 0.0853 and non-effect allele C frequency of 0.9147.",SNP Disease Relations
What is the allele frequency of the SNP rs3814210 in a Parkinson's Disease study involving a European cohort?,"According to the largest European genome-wide meta-analysis of Parkinson's disease from Nalls (2019), single nucleotide polymorphism rs3814210 has an effect allele C frequency of 0.3810 and non-effect allele T frequency of 0.6190.",SNP Disease Relations
What is the allele frequency of the SNP rs1346311 in a Parkinson's Disease study involving a European cohort?,"According to the largest European genome-wide meta-analysis of Parkinson's disease from Nalls (2019), single nucleotide polymorphism rs1346311 has an effect allele A frequency of 0.1337 and non-effect allele G frequency of 0.8663.",SNP Disease Relations
What is the allele frequency of the SNP rs72749369 in a Parkinson's Disease study involving a European cohort?,"According to the largest European genome-wide meta-analysis of Parkinson's disease from Nalls (2019), single nucleotide polymorphism rs72749369 has an effect allele T frequency of 0.0206 and non-effect allele C frequency of 0.9794.",SNP Disease Relations
What is the allele frequency of the SNP rs112272038 in a Parkinson's Disease study involving a European cohort?,"According to the largest European genome-wide meta-analysis of Parkinson's disease from Nalls (2019), single nucleotide polymorphism rs112272038 has an effect allele A frequency of 0.0485 and non-effect allele G frequency of 0.9515.",SNP Disease Relations
What is the allele frequency of the SNP rs2610900 in a Parkinson's Disease study involving a European cohort?,"According to the largest European genome-wide meta-analysis of Parkinson's disease from Nalls (2019), single nucleotide polymorphism rs2610900 has an effect allele A frequency of 0.2976 and non-effect allele G frequency of 0.7024.",SNP Disease Relations
What is the allele frequency of the SNP rs10739689 in a Parkinson's Disease study involving a European cohort?,"According to the largest European genome-wide meta-analysis of Parkinson's disease from Nalls (2019), single nucleotide polymorphism rs10739689 has an effect allele G frequency of 0.4967 and non-effect allele C frequency of 0.5033.",SNP Disease Relations
What is the allele frequency of the SNP rs10812073 in a Parkinson's Disease study involving a European cohort?,"According to the largest European genome-wide meta-analysis of Parkinson's disease from Nalls (2019), single nucleotide polymorphism rs10812073 has an effect allele G frequency of 0.3619 and non-effect allele A frequency of 0.6381.",SNP Disease Relations
What is the allele frequency of the SNP rs536422 in a Parkinson's Disease study involving a European cohort?,"According to the largest European genome-wide meta-analysis of Parkinson's disease from Nalls (2019), single nucleotide polymorphism rs536422 has an effect allele G frequency of 0.4228 and non-effect allele A frequency of 0.5772.",SNP Disease Relations
What is the allele frequency of the SNP rs73214372 in a Parkinson's Disease study involving a European cohort?,"According to the largest European genome-wide meta-analysis of Parkinson's disease from Nalls (2019), single nucleotide polymorphism rs73214372 has an effect allele C frequency of 0.0969 and non-effect allele T frequency of 0.9031.",SNP Disease Relations
What is the allele frequency of the SNP rs75662793 in a Parkinson's Disease study involving a European cohort?,"According to the largest European genome-wide meta-analysis of Parkinson's disease from Nalls (2019), single nucleotide polymorphism rs75662793 has an effect allele C frequency of 0.0168 and non-effect allele T frequency of 0.9832.",SNP Disease Relations
What is the allele frequency of the SNP rs12952096 in a Parkinson's Disease study involving a European cohort?,"According to the largest European genome-wide meta-analysis of Parkinson's disease from Nalls (2019), single nucleotide polymorphism rs12952096 has an effect allele G frequency of 0.0892 and non-effect allele A frequency of 0.9108.",SNP Disease Relations
What is the allele frequency of the SNP rs28515616 in a Parkinson's Disease study involving a European cohort?,"According to the largest European genome-wide meta-analysis of Parkinson's disease from Nalls (2019), single nucleotide polymorphism rs28515616 has an effect allele G frequency of 0.0994 and non-effect allele T frequency of 0.9006.",SNP Disease Relations
What is the allele frequency of the SNP rs56220506 in a Parkinson's Disease study involving a European cohort?,"According to the largest European genome-wide meta-analysis of Parkinson's disease from Nalls (2019), single nucleotide polymorphism rs56220506 has an effect allele A frequency of 0.0221 and non-effect allele C frequency of 0.9779.",SNP Disease Relations
What is the allele frequency of the SNP rs73211445 in a Parkinson's Disease study involving a European cohort?,"According to the largest European genome-wide meta-analysis of Parkinson's disease from Nalls (2019), single nucleotide polymorphism rs73211445 has an effect allele A frequency of 0.0789 and non-effect allele G frequency of 0.9211.",SNP Disease Relations
What is the allele frequency of the SNP rs9314755 in a Parkinson's Disease study involving a European cohort?,"According to the largest European genome-wide meta-analysis of Parkinson's disease from Nalls (2019), single nucleotide polymorphism rs9314755 has an effect allele A frequency of 0.1390 and non-effect allele C frequency of 0.8610.",SNP Disease Relations
What is the allele frequency of the SNP rs192349985 in a Parkinson's Disease study involving a European cohort?,"According to the largest European genome-wide meta-analysis of Parkinson's disease from Nalls (2019), single nucleotide polymorphism rs192349985 has an effect allele G frequency of 0.0179 and non-effect allele A frequency of 0.9821.",SNP Disease Relations
What is the allele frequency of the SNP rs646725 in a Parkinson's Disease study involving a European cohort?,"According to the largest European genome-wide meta-analysis of Parkinson's disease from Nalls (2019), single nucleotide polymorphism rs646725 has an effect allele A frequency of 0.1655 and non-effect allele G frequency of 0.8345.",SNP Disease Relations
What is the allele frequency of the SNP rs117107116 in a Parkinson's Disease study involving a European cohort?,"According to the largest European genome-wide meta-analysis of Parkinson's disease from Nalls (2019), single nucleotide polymorphism rs117107116 has an effect allele T frequency of 0.0194 and non-effect allele C frequency of 0.9806.",SNP Disease Relations
What is the allele frequency of the SNP rs75855207 in a Parkinson's Disease study involving a European cohort?,"According to the largest European genome-wide meta-analysis of Parkinson's disease from Nalls (2019), single nucleotide polymorphism rs75855207 has an effect allele A frequency of 0.0547 and non-effect allele C frequency of 0.9453.",SNP Disease Relations
What is the allele frequency of the SNP rs7572368 in a Parkinson's Disease study involving a European cohort?,"According to the largest European genome-wide meta-analysis of Parkinson's disease from Nalls (2019), single nucleotide polymorphism rs7572368 has an effect allele C frequency of 0.1335 and non-effect allele A frequency of 0.8665.",SNP Disease Relations
What is the allele frequency of the SNP rs13044559 in a Parkinson's Disease study involving a European cohort?,"According to the largest European genome-wide meta-analysis of Parkinson's disease from Nalls (2019), single nucleotide polymorphism rs13044559 has an effect allele A frequency of 0.0167 and non-effect allele G frequency of 0.9833.",SNP Disease Relations
What is the allele frequency of the SNP rs6949867 in a Parkinson's Disease study involving a European cohort?,"According to the largest European genome-wide meta-analysis of Parkinson's disease from Nalls (2019), single nucleotide polymorphism rs6949867 has an effect allele A frequency of 0.3478 and non-effect allele C frequency of 0.6522.",SNP Disease Relations
What is the allele frequency of the SNP rs111567952 in a Parkinson's Disease study involving a European cohort?,"According to the largest European genome-wide meta-analysis of Parkinson's disease from Nalls (2019), single nucleotide polymorphism rs111567952 has an effect allele C frequency of 0.0194 and non-effect allele A frequency of 0.9806.",SNP Disease Relations
What is the allele frequency of the SNP rs62127003 in a Parkinson's Disease study involving a European cohort?,"According to the largest European genome-wide meta-analysis of Parkinson's disease from Nalls (2019), single nucleotide polymorphism rs62127003 has an effect allele C frequency of 0.0953 and non-effect allele T frequency of 0.9047.",SNP Disease Relations
What is the allele frequency of the SNP rs12655995 in a Parkinson's Disease study involving a European cohort?,"According to the largest European genome-wide meta-analysis of Parkinson's disease from Nalls (2019), single nucleotide polymorphism rs12655995 has an effect allele T frequency of 0.3409 and non-effect allele C frequency of 0.6591.",SNP Disease Relations
What is the allele frequency of the SNP rs2521470 in a Parkinson's Disease study involving a European cohort?,"According to the largest European genome-wide meta-analysis of Parkinson's disease from Nalls (2019), single nucleotide polymorphism rs2521470 has an effect allele A frequency of 0.2024 and non-effect allele G frequency of 0.7976.",SNP Disease Relations
What is the allele frequency of the SNP rs73146838 in a Parkinson's Disease study involving a European cohort?,"According to the largest European genome-wide meta-analysis of Parkinson's disease from Nalls (2019), single nucleotide polymorphism rs73146838 has an effect allele T frequency of 0.0217 and non-effect allele C frequency of 0.9783.",SNP Disease Relations
What is the allele frequency of the SNP rs6865298 in a Parkinson's Disease study involving a European cohort?,"According to the largest European genome-wide meta-analysis of Parkinson's disease from Nalls (2019), single nucleotide polymorphism rs6865298 has an effect allele T frequency of 0.1208 and non-effect allele C frequency of 0.8792.",SNP Disease Relations
What is the allele frequency of the SNP rs3794517 in a Parkinson's Disease study involving a European cohort?,"According to the largest European genome-wide meta-analysis of Parkinson's disease from Nalls (2019), single nucleotide polymorphism rs3794517 has an effect allele T frequency of 0.1069 and non-effect allele C frequency of 0.8931.",SNP Disease Relations
What is the allele frequency of the SNP rs76513761 in a Parkinson's Disease study involving a European cohort?,"According to the largest European genome-wide meta-analysis of Parkinson's disease from Nalls (2019), single nucleotide polymorphism rs76513761 has an effect allele C frequency of 0.0315 and non-effect allele T frequency of 0.9685.",SNP Disease Relations
What is the allele frequency of the SNP rs150738179 in a Parkinson's Disease study involving a European cohort?,"According to the largest European genome-wide meta-analysis of Parkinson's disease from Nalls (2019), single nucleotide polymorphism rs150738179 has an effect allele A frequency of 0.0355 and non-effect allele G frequency of 0.9645.",SNP Disease Relations
What is the allele frequency of the SNP rs117103023 in a Parkinson's Disease study involving a European cohort?,"According to the largest European genome-wide meta-analysis of Parkinson's disease from Nalls (2019), single nucleotide polymorphism rs117103023 has an effect allele T frequency of 0.0081 and non-effect allele C frequency of 0.9919.",SNP Disease Relations
What is the allele frequency of the SNP rs11863061 in a Parkinson's Disease study involving a European cohort?,"According to the largest European genome-wide meta-analysis of Parkinson's disease from Nalls (2019), single nucleotide polymorphism rs11863061 has an effect allele A frequency of 0.1990 and non-effect allele C frequency of 0.8010.",SNP Disease Relations
What is the allele frequency of the SNP rs10410822 in a Parkinson's Disease study involving a European cohort?,"According to the largest European genome-wide meta-analysis of Parkinson's disease from Nalls (2019), single nucleotide polymorphism rs10410822 has an effect allele A frequency of 0.3565 and non-effect allele G frequency of 0.6435.",SNP Disease Relations
What is the allele frequency of the SNP rs310178 in a Parkinson's Disease study involving a European cohort?,"According to the largest European genome-wide meta-analysis of Parkinson's disease from Nalls (2019), single nucleotide polymorphism rs310178 has an effect allele C frequency of 0.2570 and non-effect allele T frequency of 0.7430.",SNP Disease Relations
What is the allele frequency of the SNP rs6721763 in a Parkinson's Disease study involving a European cohort?,"According to the largest European genome-wide meta-analysis of Parkinson's disease from Nalls (2019), single nucleotide polymorphism rs6721763 has an effect allele C frequency of 0.4260 and non-effect allele T frequency of 0.5740.",SNP Disease Relations
What is the allele frequency of the SNP rs4706273 in a Parkinson's Disease study involving a European cohort?,"According to the largest European genome-wide meta-analysis of Parkinson's disease from Nalls (2019), single nucleotide polymorphism rs4706273 has an effect allele T frequency of 0.3979 and non-effect allele C frequency of 0.6021.",SNP Disease Relations
What is the allele frequency of the SNP rs17296210 in a Parkinson's Disease study involving a European cohort?,"According to the largest European genome-wide meta-analysis of Parkinson's disease from Nalls (2019), single nucleotide polymorphism rs17296210 has an effect allele A frequency of 0.2998 and non-effect allele G frequency of 0.7002.",SNP Disease Relations
What is the allele frequency of the SNP rs12637508 in a Parkinson's Disease study involving a European cohort?,"According to the largest European genome-wide meta-analysis of Parkinson's disease from Nalls (2019), single nucleotide polymorphism rs12637508 has an effect allele T frequency of 0.0858 and non-effect allele A frequency of 0.9142.",SNP Disease Relations
What is the allele frequency of the SNP rs13111317 in a Parkinson's Disease study involving a European cohort?,"According to the largest European genome-wide meta-analysis of Parkinson's disease from Nalls (2019), single nucleotide polymorphism rs13111317 has an effect allele T frequency of 0.3728 and non-effect allele C frequency of 0.6272.",SNP Disease Relations
What is the allele frequency of the SNP rs72760581 in a Parkinson's Disease study involving a European cohort?,"According to the largest European genome-wide meta-analysis of Parkinson's disease from Nalls (2019), single nucleotide polymorphism rs72760581 has an effect allele T frequency of 0.1765 and non-effect allele C frequency of 0.8235.",SNP Disease Relations
What is the allele frequency of the SNP rs13030241 in a Parkinson's Disease study involving a European cohort?,"According to the largest European genome-wide meta-analysis of Parkinson's disease from Nalls (2019), single nucleotide polymorphism rs13030241 has an effect allele T frequency of 0.0560 and non-effect allele C frequency of 0.9440.",SNP Disease Relations
What is the allele frequency of the SNP rs11237212 in a Parkinson's Disease study involving a European cohort?,"According to the largest European genome-wide meta-analysis of Parkinson's disease from Nalls (2019), single nucleotide polymorphism rs11237212 has an effect allele T frequency of 0.4071 and non-effect allele C frequency of 0.5929.",SNP Disease Relations
What is the allele frequency of the SNP rs8028351 in a Parkinson's Disease study involving a European cohort?,"According to the largest European genome-wide meta-analysis of Parkinson's disease from Nalls (2019), single nucleotide polymorphism rs8028351 has an effect allele G frequency of 0.1199 and non-effect allele A frequency of 0.8801.",SNP Disease Relations
What is the allele frequency of the SNP rs13113803 in a Parkinson's Disease study involving a European cohort?,"According to the largest European genome-wide meta-analysis of Parkinson's disease from Nalls (2019), single nucleotide polymorphism rs13113803 has an effect allele G frequency of 0.2895 and non-effect allele A frequency of 0.7105.",SNP Disease Relations
What is the allele frequency of the SNP rs9365558 in a Parkinson's Disease study involving a European cohort?,"According to the largest European genome-wide meta-analysis of Parkinson's disease from Nalls (2019), single nucleotide polymorphism rs9365558 has an effect allele G frequency of 0.4555 and non-effect allele A frequency of 0.5445.",SNP Disease Relations
What is the allele frequency of the SNP rs74847129 in a Parkinson's Disease study involving a European cohort?,"According to the largest European genome-wide meta-analysis of Parkinson's disease from Nalls (2019), single nucleotide polymorphism rs74847129 has an effect allele A frequency of 0.0906 and non-effect allele G frequency of 0.9094.",SNP Disease Relations
What is the allele frequency of the SNP rs61921697 in a Parkinson's Disease study involving a European cohort?,"According to the largest European genome-wide meta-analysis of Parkinson's disease from Nalls (2019), single nucleotide polymorphism rs61921697 has an effect allele C frequency of 0.1246 and non-effect allele G frequency of 0.8754.",SNP Disease Relations
What is the allele frequency of the SNP rs4982688 in a Parkinson's Disease study involving a European cohort?,"According to the largest European genome-wide meta-analysis of Parkinson's disease from Nalls (2019), single nucleotide polymorphism rs4982688 has an effect allele T frequency of 0.3302 and non-effect allele C frequency of 0.6698.",SNP Disease Relations
What is the allele frequency of the SNP rs2279783 in a Parkinson's Disease study involving a European cohort?,"According to the largest European genome-wide meta-analysis of Parkinson's disease from Nalls (2019), single nucleotide polymorphism rs2279783 has an effect allele A frequency of 0.1572 and non-effect allele T frequency of 0.8428.",SNP Disease Relations
What is the allele frequency of the SNP rs2327925 in a Parkinson's Disease study involving a European cohort?,"According to the largest European genome-wide meta-analysis of Parkinson's disease from Nalls (2019), single nucleotide polymorphism rs2327925 has an effect allele T frequency of 0.0820 and non-effect allele C frequency of 0.9180.",SNP Disease Relations
What is the allele frequency of the SNP rs12593621 in a Parkinson's Disease study involving a European cohort?,"According to the largest European genome-wide meta-analysis of Parkinson's disease from Nalls (2019), single nucleotide polymorphism rs12593621 has an effect allele A frequency of 0.0520 and non-effect allele G frequency of 0.9480.",SNP Disease Relations
What is the allele frequency of the SNP rs61359548 in a Parkinson's Disease study involving a European cohort?,"According to the largest European genome-wide meta-analysis of Parkinson's disease from Nalls (2019), single nucleotide polymorphism rs61359548 has an effect allele C frequency of 0.2897 and non-effect allele A frequency of 0.7103.",SNP Disease Relations
What is the allele frequency of the SNP rs147681455 in a Parkinson's Disease study involving a European cohort?,"According to the largest European genome-wide meta-analysis of Parkinson's disease from Nalls (2019), single nucleotide polymorphism rs147681455 has an effect allele G frequency of 0.0130 and non-effect allele A frequency of 0.9870.",SNP Disease Relations
What is the allele frequency of the SNP rs149440462 in a Parkinson's Disease study involving a European cohort?,"According to the largest European genome-wide meta-analysis of Parkinson's disease from Nalls (2019), single nucleotide polymorphism rs149440462 has an effect allele T frequency of 0.0150 and non-effect allele C frequency of 0.9850.",SNP Disease Relations
What is the allele frequency of the SNP rs6062514 in a Parkinson's Disease study involving a European cohort?,"According to the largest European genome-wide meta-analysis of Parkinson's disease from Nalls (2019), single nucleotide polymorphism rs6062514 has an effect allele T frequency of 0.4837 and non-effect allele G frequency of 0.5163.",SNP Disease Relations
What is the allele frequency of the SNP rs139596513 in a Parkinson's Disease study involving a European cohort?,"According to the largest European genome-wide meta-analysis of Parkinson's disease from Nalls (2019), single nucleotide polymorphism rs139596513 has an effect allele A frequency of 0.0615 and non-effect allele G frequency of 0.9385.",SNP Disease Relations
What is the allele frequency of the SNP rs80321898 in a Parkinson's Disease study involving a European cohort?,"According to the largest European genome-wide meta-analysis of Parkinson's disease from Nalls (2019), single nucleotide polymorphism rs80321898 has an effect allele C frequency of 0.0184 and non-effect allele G frequency of 0.9816.",SNP Disease Relations
What is the allele frequency of the SNP rs1187850 in a Parkinson's Disease study involving a European cohort?,"According to the largest European genome-wide meta-analysis of Parkinson's disease from Nalls (2019), single nucleotide polymorphism rs1187850 has an effect allele C frequency of 0.2448 and non-effect allele T frequency of 0.7552.",SNP Disease Relations
What is the allele frequency of the SNP rs12967041 in a Parkinson's Disease study involving a European cohort?,"According to the largest European genome-wide meta-analysis of Parkinson's disease from Nalls (2019), single nucleotide polymorphism rs12967041 has an effect allele C frequency of 0.1789 and non-effect allele G frequency of 0.8211.",SNP Disease Relations
What is the allele frequency of the SNP rs12986955 in a Parkinson's Disease study involving a European cohort?,"According to the largest European genome-wide meta-analysis of Parkinson's disease from Nalls (2019), single nucleotide polymorphism rs12986955 has an effect allele A frequency of 0.1339 and non-effect allele G frequency of 0.8661.",SNP Disease Relations
What is the allele frequency of the SNP rs13019678 in a Parkinson's Disease study involving a European cohort?,"According to the largest European genome-wide meta-analysis of Parkinson's disease from Nalls (2019), single nucleotide polymorphism rs13019678 has an effect allele A frequency of 0.0214 and non-effect allele G frequency of 0.9786.",SNP Disease Relations
What is the allele frequency of the SNP rs113358599 in a Parkinson's Disease study involving a European cohort?,"According to the largest European genome-wide meta-analysis of Parkinson's disease from Nalls (2019), single nucleotide polymorphism rs113358599 has an effect allele C frequency of 0.1811 and non-effect allele G frequency of 0.8189.",SNP Disease Relations
What is the allele frequency of the SNP rs12029938 in a Parkinson's Disease study involving a European cohort?,"According to the largest European genome-wide meta-analysis of Parkinson's disease from Nalls (2019), single nucleotide polymorphism rs12029938 has an effect allele T frequency of 0.1346 and non-effect allele G frequency of 0.8654.",SNP Disease Relations
What is the allele frequency of the SNP rs4730978 in a Parkinson's Disease study involving a European cohort?,"According to the largest European genome-wide meta-analysis of Parkinson's disease from Nalls (2019), single nucleotide polymorphism rs4730978 has an effect allele A frequency of 0.1974 and non-effect allele G frequency of 0.8026.",SNP Disease Relations
What is Genosyl?,"Genosyl, also known generically as Nitric Oxide, was approved by the FDA in 1999 to treat Respiratory insufficiency, respiratory system disease, pulmonary arterial hypertension, respiratory failure, and pulmonary hypertension. It is a small molecule therapy that acts as a(n) activator.",Drug Meta; Pharmacology
What is Cequa?,"Cequa, also known generically as Cyclosporine, was approved by the FDA in 1983 to treat inflammation, immune system disease, psoriasis, rheumatoid arthritis, eye disease, and keratoconjunctivitis. It is a protein therapy that acts as a(n) modulator.",Drug Meta; Pharmacology
What is Proair Hfa?,"Proair Hfa, also known generically as Albuterol, was approved by the FDA in 1981 to treat Airway obstruction, Bronchospasm, chronic obstructive pulmonary disease, and asthma. It is a small molecule therapy that acts as a(n) agonist.",Drug Meta; Pharmacology
What is Atelvia?,"Atelvia, also known generically as Risedronate Sodium, was approved by the FDA in 1998 to treat postmenopausal osteoporosis, osteoporosis, and Paget disease. It is a small molecule therapy that acts as a(n) inhibitor.",Drug Meta; Pharmacology
What is Emend?,"Emend, also known generically as Fosaprepitant Dimeglumine, was approved by the FDA in 2008 to treat Nausea and vomiting, cancer, post operative nausea and vomiting, and Chemotherapy-induced nausea and vomiting. It is a small molecule therapy that acts as a(n) antagonist.",Drug Meta; Pharmacology
What is Hetlioz?,"Hetlioz, also known generically as Tasimelteon, was approved by the FDA in 2014 to treat sleep-wake disorder, Smith-Magenis syndrome, and Chromosomal anomaly. It is a small molecule therapy that acts as a(n) agonist.",Drug Meta; Pharmacology
What is Lutathera?,"Lutathera, also known generically as Lutetium Dotatate Lu-177, was approved by the FDA in 2018 to treat pancreatic neuroendocrine tumor and neuroendocrine neoplasm. It is a unknown therapy that acts as a(n) binding agent.",Drug Meta; Pharmacology
What is Rebetol?,"Rebetol, also known generically as Ribavirin, was approved by the FDA in 1985 to treat viral disease, cirrhosis of liver, chronic hepatitis C virus infection, and fibrosis. It is a small molecule therapy that acts as a(n) inhibitor.",Drug Meta; Pharmacology
What is Proair Respiclick?,"Proair Respiclick, also known generically as Albuterol Sulfate, was approved by the FDA in 1982 to treat Bronchospasm, chronic obstructive pulmonary disease, and asthma. It is a small molecule therapy that acts as a(n) agonist.",Drug Meta; Pharmacology
What is Yutiq?,"Yutiq, also known generically as Fluocinolone Acetonide, was approved by the FDA in 1963 to treat atopic eczema, psoriasis, skin disease, freckles, infectious disease, eye inflammation, hemorrhoid, seborrheic dermatitis, uveitis, and macular retinal edema. It is a small molecule therapy that acts as a(n) agonist.",Drug Meta; Pharmacology
What is Tyvaso Dpi?,"Tyvaso Dpi, also known generically as Treprostinil, was approved by the FDA in 2002 to treat Recurrent thrombophlebitis, pulmonary arterial hypertension, and pulmonary hypertension. It is a small molecule therapy that acts as a(n) agonist.",Drug Meta; Pharmacology
What is Wakix?,"Wakix, also known generically as Pitolisant Hydrochloride, was approved by the FDA in 2019 to treat hypersomnia and narcolepsy-cataplexy syndrome. It is a small molecule therapy that acts as a(n) inverse agonist.",Drug Meta; Pharmacology
What is Keppra Xr?,"Keppra Xr, also known generically as Levetiracetam, was approved by the FDA in 1999 to treat Seizure, Bilateral tonic-clonic seizure, Focal-onset seizure, epilepsy, and epilepsy with generalized tonic-clonic seizures. It is a small molecule therapy that acts as a(n) modulator and blocker.",Drug Meta; Pharmacology
What is Xtandi?,"Xtandi, also known generically as Enzalutamide, was approved by the FDA in 2012 to treat metastatic prostate cancer, cancer, neoplasm, prostate adenocarcinoma, prostate carcinoma, and prostate cancer. It is a small molecule therapy that acts as a(n) antagonist.",Drug Meta; Pharmacology
What is Neurontin?,"Neurontin, also known generically as Gabapentin, was approved by the FDA in 1993 to treat Seizure, epilepsy, restless legs syndrome, neuralgia, and postherpetic neuralgia. It is a small molecule therapy that acts as a(n) modulator.",Drug Meta; Pharmacology
What is Ventolin Hfa?,"Ventolin Hfa, also known generically as Albuterol, was approved by the FDA in 1981 to treat Airway obstruction, Bronchospasm, chronic obstructive pulmonary disease, and asthma. It is a small molecule therapy that acts as a(n) agonist.",Drug Meta; Pharmacology
What is Sustol?,"Sustol, also known generically as Granisetron, was approved by the FDA in 1993 to treat Nausea and vomiting, Nausea, cancer, neoplasm, post operative nausea and vomiting, and Chemotherapy-induced nausea and vomiting. It is a small molecule therapy that acts as a(n) antagonist.",Drug Meta; Pharmacology
What is Evzio?,"Evzio, also known generically as Naloxone Hydrochloride, was approved by the FDA in 1971 to treat unipolar depression, pain, and septic shock. It is a small molecule therapy that acts as a(n) antagonist.",Drug Meta; Pharmacology
What is Proair Digihaler?,"Proair Digihaler, also known generically as Albuterol Sulfate, was approved by the FDA in 1982 to treat Bronchospasm, chronic obstructive pulmonary disease, and asthma. It is a small molecule therapy that acts as a(n) agonist.",Drug Meta; Pharmacology
What is Astepro Allergy?,"Astepro Allergy, also known generically as Azelastine Hydrochloride, was approved by the FDA in 1996 to treat Nasal congestion, seasonal allergic rhinitis, allergic rhinitis, allergic conjunctivitis, vasomotor rhinitis, and Rhinitis, Allergic, Perennial. It is a small molecule therapy that acts as a(n) antagonist.",Drug Meta; Pharmacology
What is Exondys 51?,"Exondys 51, also known generically as Eteplirsen, was approved by the FDA in 2016 to treat Duchenne muscular dystrophy and muscular dystrophy. It is a oligonucleotide therapy that acts as a(n) positive modulator.",Drug Meta; Pharmacology
What is Toviaz?,"Toviaz, also known generically as Fesoterodine Fumarate, was approved by the FDA in 2008 to treat urgency urinary incontinence and overactive bladder. It is a small molecule therapy that acts as a(n) antagonist.",Drug Meta; Pharmacology
What is Sublocade?,"Sublocade, also known generically as Buprenorphine, was approved by the FDA in 1981 to treat Chronic pain, pain, drug dependence, opioid dependence, opioid use disorder, and substance abuse. It is a small molecule therapy that acts as a(n) agonist.",Drug Meta; Pharmacology
What is Inlyta?,"Inlyta, also known generically as Axitinib, was approved by the FDA in 2012 to treat cancer, clear cell renal carcinoma, neoplasm, papillary renal cell carcinoma, renal cell carcinoma, and renal carcinoma. It is a small molecule therapy that acts as a(n) inhibitor.",Drug Meta; Pharmacology
What is Nayzilam?,"Nayzilam, also known generically as Midazolam, was approved by the FDA in 1985 to treat epilepsy, status epilepticus, and amnesia. It is a small molecule therapy that acts as a(n) positive allosteric modulator.",Drug Meta; Pharmacology
What is Jevtana Kit?,"Jevtana Kit, also known generically as Cabazitaxel, was approved by the FDA in 2010 to treat metastatic prostate cancer, cancer, neoplasm, prostate adenocarcinoma, prostate carcinoma, and prostate cancer. It is a small molecule therapy that acts as a(n) inhibitor.",Drug Meta; Pharmacology
What is Versacloz?,"Versacloz, also known generically as Clozapine, was approved by the FDA in 1989 to treat psychosis, schizoaffective disorder, and schizophrenia. It is a small molecule therapy that acts as a(n) antagonist.",Drug Meta; Pharmacology
What is Travatan Z?,"Travatan Z, also known generically as Travoprost, was approved by the FDA in 2001 to treat glaucoma, open-angle glaucoma, and ocular hypertension. It is a small molecule therapy that acts as a(n) agonist.",Drug Meta; Pharmacology
What is Kapspargo Sprinkle?,"Kapspargo Sprinkle, also known generically as Metoprolol Succinate, was approved by the FDA in 1992 to treat congestive heart failure, hypertension, heart failure, and angina pectoris. It is a small molecule therapy that acts as a(n) antagonist.",Drug Meta; Pharmacology
What is Opzelura?,"Opzelura, also known generically as Ruxolitinib Phosphate, was approved by the FDA in 2011 to treat Myelofibrosis, polycythemia vera, and primary myelofibrosis. It is a small molecule therapy that acts as a(n) inhibitor.",Drug Meta; Pharmacology
What is Protonix Iv?,"Protonix Iv, also known generically as Pantoprazole Sodium, was approved by the FDA in 2000 to treat Esophagitis, gastroesophageal reflux disease, and Zollinger-Ellison Syndrome. It is a small molecule therapy that acts as a(n) inhibitor.",Drug Meta; Pharmacology
What is Abraxane?,"Abraxane, also known generically as Paclitaxel, was approved by the FDA in 1992 to treat breast carcinoma, cancer, carcinoma, neoplasm, non-small cell lung carcinoma, breast neoplasm, undifferentiated carcinoma, and breast cancer. It is a small molecule therapy that acts as a(n) inhibitor.",Drug Meta; Pharmacology
What is Xeljanz Xr?,"Xeljanz Xr, also known generically as Tofacitinib Citrate, was approved by the FDA in 2012 to treat rheumatoid arthritis and psoriatic arthritis. It is a small molecule therapy that acts as a(n) inhibitor.",Drug Meta; Pharmacology
What is Kerendia?,"Kerendia, also known generically as Finerenone, was approved by the FDA in 2021 to treat cardiovascular disease and chronic kidney disease. It is a small molecule therapy that acts as a(n) antagonist.",Drug Meta; Pharmacology
What is Hycamtin?,"Hycamtin, also known generically as Topotecan Hydrochloride, was approved by the FDA in 1996 to treat carcinoma, small cell lung carcinoma, ovarian carcinoma, ovarian neoplasm, small cell carcinoma, ovarian cancer, and malignant epithelial tumor of ovary. It is a small molecule therapy that acts as a(n) inhibitor.",Drug Meta; Pharmacology
What is Spritam?,"Spritam, also known generically as Levetiracetam, was approved by the FDA in 1999 to treat Seizure, Bilateral tonic-clonic seizure, Focal-onset seizure, epilepsy, and epilepsy with generalized tonic-clonic seizures. It is a small molecule therapy that acts as a(n) modulator and blocker.",Drug Meta; Pharmacology
What is Viibryd?,"Viibryd, also known generically as Vilazodone Hydrochloride, was approved by the FDA in 2011 to treat unipolar depression. It is a small molecule therapy that acts as a(n) inhibitor and partial agonist.",Drug Meta; Pharmacology
What is Incruse Ellipta?,"Incruse Ellipta, also known generically as Umeclidinium Bromide, was approved by the FDA in 2013 to treat Airway obstruction, chronic obstructive pulmonary disease, emphysema, and chronic bronchitis. It is a small molecule therapy that acts as a(n) antagonist.",Drug Meta; Pharmacology
What is Acular Ls?,"Acular Ls, also known generically as Ketorolac Tromethamine, was approved by the FDA in 1989 to treat Ocular pain, inflammation, pain, and cataract. It is a small molecule therapy that acts as a(n) inhibitor.",Drug Meta; Pharmacology
What is Mektovi?,"Mektovi, also known generically as Binimetinib, was approved by the FDA in 2018 to treat cancer, cutaneous melanoma, neoplasm, melanoma, and metastatic melanoma. It is a small molecule therapy that acts as a(n) inhibitor.",Drug Meta; Pharmacology
What is Cabometyx?,"Cabometyx, also known generically as Cabozantinib S-Malate, was approved by the FDA in 2012 to treat clear cell renal carcinoma, papillary renal cell carcinoma, papillary thyroid carcinoma, renal cell carcinoma, thyroid carcinoma, and thyroid cancer. It is a small molecule therapy that acts as a(n) inhibitor.",Drug Meta; Pharmacology
What is Janumet Xr?,"Janumet Xr, also known generically as Sitagliptin Phosphate, was approved by the FDA in 2006 to treat myocardial infarction, stroke, type 2 diabetes mellitus, and hyperlipidemia. It is a small molecule therapy that acts as a(n) inhibitor.",Drug Meta; Pharmacology
What is Ukoniq?,"Ukoniq, also known generically as Umbralisib Tosylate, was approved by the FDA in 2021 to treat marginal zone B-cell lymphoma and follicular lymphoma. It is a small molecule therapy that acts as a(n) inhibitor.",Drug Meta; Pharmacology
What is Anjeso?,"Anjeso, also known generically as Meloxicam, was approved by the FDA in 2000 to treat rheumatoid arthritis, juvenile idiopathic arthritis, rheumatic disease, and osteoarthritis. It is a small molecule therapy that acts as a(n) inhibitor.",Drug Meta; Pharmacology
What is Qbrelis?,"Qbrelis, also known generically as Lisinopril, was approved by the FDA in 1987 to treat cardiovascular disease, congestive heart failure, diabetes mellitus, hypertension, myocardial infarction, stroke, and heart failure. It is a small molecule therapy that acts as a(n) inhibitor.",Drug Meta; Pharmacology
What is Vivlodex?,"Vivlodex, also known generically as Meloxicam, was approved by the FDA in 2000 to treat rheumatoid arthritis, juvenile idiopathic arthritis, rheumatic disease, and osteoarthritis. It is a small molecule therapy that acts as a(n) inhibitor.",Drug Meta; Pharmacology
What is Horizant?,"Horizant, also known generically as Gabapentin Enacarbil, was approved by the FDA in 2011 to treat epilepsy, restless legs syndrome, and neuralgia. It is a small molecule therapy that acts as a(n) modulator.",Drug Meta; Pharmacology
What is Gocovri?,"Gocovri, also known generically as Amantadine Hydrochloride, was approved by the FDA in 1968 to treat Parkinsonism, infection, influenza, cerebral atherosclerosis, secondary Parkinson disease, postencephalitic Parkinson disease, and Parkinson disease. It is a small molecule therapy that acts as a(n) antagonist.",Drug Meta; Pharmacology
What is Aristada Initio Kit?,"Aristada Initio Kit, also known generically as Aripiprazole Lauroxil, was approved by the FDA in 2015 to treat autism, Tourette syndrome, bipolar I disorder, major depressive disorder, and schizophrenia. It is a small molecule therapy that acts as a(n) partial agonist and antagonist.",Drug Meta; Pharmacology
What is Triptodur Kit?,"Triptodur Kit, also known generically as Triptorelin Pamoate, was approved by the FDA in 2000 to treat prostate adenocarcinoma, prostate carcinoma, Central precocious puberty, and precocious puberty. It is a protein therapy that acts as a(n) agonist.",Drug Meta; Pharmacology
What is Aldara?,"Aldara, also known generically as Imiquimod, was approved by the FDA in 1997 to treat viral disease, actinic keratosis, basal cell carcinoma, keratosis, and skin basal cell carcinoma. It is a small molecule therapy that acts as a(n) agonist.",Drug Meta; Pharmacology
What is Ozobax?,"Ozobax, also known generically as Baclofen, was approved by the FDA in 1977 to treat Spasticity, Rigidity, spinal cord disease, cerebral palsy, Spinal cord injury, multiple sclerosis, and brain injury. It is a small molecule therapy that acts as a(n) agonist.",Drug Meta; Pharmacology
What is Spravato?,"Spravato, also known generically as Esketamine Hydrochloride, was approved by the FDA in 2019 to treat unipolar depression and major depressive disorder. It is a small molecule therapy that acts as a(n) negative allosteric modulator.",Drug Meta; Pharmacology
What is Zetia?,"Zetia, also known generically as Ezetimibe, was approved by the FDA in 2002 to treat Hypercholesterolemia, cardiovascular disease, familial hypercholesterolemia, homozygous familial hypercholesterolemia, and hyperlipidemia. It is a small molecule therapy that acts as a(n) inhibitor.",Drug Meta; Pharmacology
What is Tegsedi?,"Tegsedi, also known generically as Inotersen Sodium, was approved by the FDA in 2018 to treat familial amyloid neuropathy, polyneuropathy, and amyloidosis. It is a oligonucleotide therapy that acts as a(n) antisense inhibitor.",Drug Meta; Pharmacology
What is Equetro?,"Equetro, also known generically as Carbamazepine, was approved by the FDA in 1968 to treat Seizure, bipolar disorder, epilepsy, partial epilepsy, bipolar I disorder, and trigeminal neuralgia. It is a small molecule therapy that acts as a(n) blocker.",Drug Meta; Pharmacology
What is Tirosint?,"Tirosint, also known generically as Levothyroxine Sodium, was approved by the FDA in 2000 to treat thyroid carcinoma, hypothyroidism, differentiated thyroid carcinoma, thyroid cancer, and congenital hypothyroidism. It is a small molecule therapy that acts as a(n) agonist.",Drug Meta; Pharmacology
What is Imbruvica?,"Imbruvica, also known generically as Ibrutinib, was approved by the FDA in 2013 to treat chronic lymphocytic leukemia, cancer, neoplasm, macroglobulinemia, Waldenstrom macroglobulinemia, and Mantle cell lymphoma. It is a small molecule therapy that acts as a(n) inhibitor.",Drug Meta; Pharmacology
What is Elepsia Xr?,"Elepsia Xr, also known generically as Levetiracetam, was approved by the FDA in 1999 to treat Seizure, Bilateral tonic-clonic seizure, Focal-onset seizure, epilepsy, and epilepsy with generalized tonic-clonic seizures. It is a small molecule therapy that acts as a(n) modulator and blocker.",Drug Meta; Pharmacology
What is Jardiance?,"Jardiance, also known generically as Empagliflozin, was approved by the FDA in 2014 to treat diabetes mellitus and type 2 diabetes mellitus. It is a small molecule therapy that acts as a(n) inhibitor.",Drug Meta; Pharmacology
What is Xalkori?,"Xalkori, also known generically as Crizotinib, was approved by the FDA in 2011 to treat cancer, diffuse large B-cell lymphoma, neoplasm, and non-small cell lung carcinoma. It is a small molecule therapy that acts as a(n) inhibitor.",Drug Meta; Pharmacology
What is Erivedge?,"Erivedge, also known generically as Vismodegib, was approved by the FDA in 2012 to treat cancer, neoplasm, basal cell carcinoma, and skin basal cell carcinoma. It is a small molecule therapy that acts as a(n) inhibitor.",Drug Meta; Pharmacology
What is Levoxyl?,"Levoxyl, also known generically as Levothyroxine Sodium, was approved by the FDA in 2000 to treat thyroid carcinoma, hypothyroidism, differentiated thyroid carcinoma, thyroid cancer, and congenital hypothyroidism. It is a small molecule therapy that acts as a(n) agonist.",Drug Meta; Pharmacology
What is Qelbree?,"Qelbree, also known generically as Viloxazine Hydrochloride, was approved by the FDA in 2021 to treat attention deficit hyperactivity disorder. It is a small molecule therapy that acts as a(n) inhibitor.",Drug Meta; Pharmacology
What is Adasuve?,"Adasuve, also known generically as Loxapine, was approved by the FDA in 1975 to treat Agitation, psychosis, bipolar I disorder, and schizophrenia. It is a small molecule therapy that acts as a(n) antagonist.",Drug Meta; Pharmacology
What is Nexavar?,"Nexavar, also known generically as Sorafenib Tosylate, was approved by the FDA in 2005 to treat chromophobe renal cell carcinoma, clear cell renal carcinoma, papillary renal cell carcinoma, papillary thyroid carcinoma, renal cell carcinoma, thyroid carcinoma, and thyroid cancer. It is a small molecule therapy that acts as a(n) inhibitor.",Drug Meta; Pharmacology
What is Trelegy Ellipta?,"Trelegy Ellipta, also known generically as Fluticasone Furoate, was approved by the FDA in 2007 to treat Nasal congestion, Airway obstruction, chronic obstructive pulmonary disease, seasonal allergic rhinitis, allergic rhinitis, Rhinitis, Allergic, Perennial, and asthma. It is a small molecule therapy that acts as a(n) agonist.",Drug Meta; Pharmacology
What is Myrbetriq Granules?,"Myrbetriq Granules, also known generically as Mirabegron, was approved by the FDA in 2012 to treat Urinary incontinence, Polyuria, urgency urinary incontinence, and overactive bladder. It is a small molecule therapy that acts as a(n) agonist.",Drug Meta; Pharmacology
What is Restasis Multidose?,"Restasis Multidose, also known generically as Cyclosporine, was approved by the FDA in 1983 to treat inflammation, immune system disease, psoriasis, rheumatoid arthritis, eye disease, and keratoconjunctivitis. It is a protein therapy that acts as a(n) modulator.",Drug Meta; Pharmacology
What is Coreg Cr?,"Coreg Cr, also known generically as Carvedilol, was approved by the FDA in 1995 to treat cardiovascular disease, congestive heart failure, hypertension, myocardial infarction, and heart failure. It is a small molecule therapy that acts as a(n) antagonist.",Drug Meta; Pharmacology
What is Sinuva?,"Sinuva, also known generically as Mometasone Furoate, was approved by the FDA in 1987 to treat Nasal congestion, Airway obstruction, Nasal polyposis, skin disease, seasonal allergic rhinitis, allergic rhinitis, Nasal Cavity Polyp, and asthma. It is a small molecule therapy that acts as a(n) agonist.",Drug Meta; Pharmacology
What is Invega Sustenna?,"Invega Sustenna, also known generically as Paliperidone Palmitate, was approved by the FDA in 2009 to treat schizoaffective disorder and schizophrenia. It is a small molecule therapy that acts as a(n) antagonist.",Drug Meta; Pharmacology
What is Locoid?,"Locoid, also known generically as Hydrocortisone Butyrate, was approved by the FDA in 1982 to treat atopic eczema, skin disease, and seborrheic dermatitis. It is a small molecule therapy that acts as a(n) agonist.",Drug Meta; Pharmacology
What is Inrebic?,"Inrebic, also known generically as Fedratinib Hydrochloride, was approved by the FDA in 2019 to treat Myelofibrosis and primary myelofibrosis. It is a small molecule therapy that acts as a(n) inhibitor.",Drug Meta; Pharmacology
What is Vijoice?,"Vijoice, also known generically as Alpelisib, was approved by the FDA in 2019 to treat breast carcinoma, cancer, neoplasm, breast neoplasm, and breast cancer. It is a small molecule therapy that acts as a(n) inhibitor.",Drug Meta; Pharmacology
What is Xtampza Er?,"Xtampza Er, also known generically as Oxycodone, was approved by the FDA in 1950 to treat Chronic pain, pain, drug dependence, and substance abuse. It is a small molecule therapy that acts as a(n) agonist.",Drug Meta; Pharmacology
What is Calquence?,"Calquence, also known generically as Acalabrutinib, was approved by the FDA in 2017 to treat chronic lymphocytic leukemia, cancer, neoplasm, and Mantle cell lymphoma. It is a small molecule therapy that acts as a(n) inhibitor.",Drug Meta; Pharmacology
What is Omeprazole?,"The drug Omeprazole was approved by the FDA in 1989 to treat Peptic ulcer, Esophagitis, infection, gastroesophageal reflux disease, duodenal ulcer, gastric ulcer, and peptic ulcer disease. It is a small molecule therapy that acts as a(n) inhibitor.",Drug Meta; Pharmacology
What is Ayvakit?,"Ayvakit, also known generically as Avapritinib, was approved by the FDA in 2020 to treat cancer, neoplasm, and gastrointestinal stromal tumor. It is a small molecule therapy that acts as a(n) inhibitor.",Drug Meta; Pharmacology
What is Syndros?,"Syndros, also known generically as Dronabinol, was approved by the FDA in 1985 to treat Nausea and vomiting, Nausea, Anorexia, cancer, and Chemotherapy-induced nausea and vomiting. It is a small molecule therapy that acts as a(n) agonist.",Drug Meta; Pharmacology
What is Osmolex Er?,"Osmolex Er, also known generically as Amantadine Hydrochloride, was approved by the FDA in 1968 to treat Parkinsonism, infection, influenza, cerebral atherosclerosis, secondary Parkinson disease, postencephalitic Parkinson disease, and Parkinson disease. It is a small molecule therapy that acts as a(n) antagonist.",Drug Meta; Pharmacology
What is Evzio (Autoinjector)?,"Evzio (Autoinjector), also known generically as Naloxone Hydrochloride, was approved by the FDA in 1971 to treat unipolar depression, pain, and septic shock. It is a small molecule therapy that acts as a(n) antagonist.",Drug Meta; Pharmacology
What is Jornay Pm?,"Jornay Pm, also known generically as Methylphenidate Hydrochloride, was approved by the FDA in 1955 to treat attention deficit hyperactivity disorder. It is a small molecule therapy that acts as a(n) inhibitor.",Drug Meta; Pharmacology
What is Singulair?,"Singulair, also known generically as Montelukast Sodium, was approved by the FDA in 1998 to treat seasonal allergic rhinitis, allergic rhinitis, Rhinitis, Allergic, Perennial, and asthma. It is a small molecule therapy that acts as a(n) antagonist.",Drug Meta; Pharmacology
What is Zelboraf?,"Zelboraf, also known generically as Vemurafenib, was approved by the FDA in 2011 to treat cancer, cutaneous melanoma, neoplasm, melanoma, and metastatic melanoma. It is a small molecule therapy that acts as a(n) inhibitor.",Drug Meta; Pharmacology
What is Vyvanse?,"Vyvanse, also known generically as Lisdexamfetamine Dimesylate, was approved by the FDA in 2007 to treat glaucoma, attention deficit hyperactivity disorder, drug dependence, binge eating, and arteriosclerosis disorder. It is a small molecule therapy that acts as a(n) inhibitor and releasing agent.",Drug Meta; Pharmacology
What is Pemfexy?,"Pemfexy, also known generically as Pemetrexed, was approved by the FDA in 2004 to treat cancer, mesothelioma, neoplasm, malignant pleural mesothelioma, and malignant peritoneal mesothelioma. It is a small molecule therapy that acts as a(n) inhibitor.",Drug Meta; Pharmacology
What is Inveltys?,"Inveltys, also known generically as Loteprednol Etabonate, was approved by the FDA in 1998 to treat inflammation, eye inflammation, allergic conjunctivitis, anterior uveitis, and dry eye syndrome. It is a small molecule therapy that acts as a(n) agonist.",Drug Meta; Pharmacology
What is Esomeprazole Magnesium?,"The drug Esomeprazole Magnesium was approved by the FDA in 2001 to treat Esophagitis, rheumatoid arthritis, ankylosing spondylitis, gastroesophageal reflux disease, duodenal ulcer, Zollinger-Ellison Syndrome, gastric ulcer, and osteoarthritis. It is a small molecule therapy that acts as a(n) inhibitor.",Drug Meta; Pharmacology
What is Nexletol?,"Nexletol, also known generically as Bempedoic Acid, was approved by the FDA in 2020 to treat cardiovascular disease, coronary artery disease, atherosclerosis, and familial hypercholesterolemia. It is a small molecule therapy that acts as a(n) inhibitor.",Drug Meta; Pharmacology
What is Hetlioz Lq?,"Hetlioz Lq, also known generically as Tasimelteon, was approved by the FDA in 2014 to treat sleep-wake disorder, Smith-Magenis syndrome, and Chromosomal anomaly. It is a small molecule therapy that acts as a(n) agonist.",Drug Meta; Pharmacology
What is Nocdurna?,"Nocdurna, also known generically as Desmopressin Acetate, was approved by the FDA in 1978 to treat Central diabetes insipidus, Nasal congestion, hemorrhage, head injury, diabetes insipidus, enuresis, and von Willebrand disease (hereditary or acquired). It is a protein therapy that acts as a(n) agonist.",Drug Meta; Pharmacology
What is Opsumit?,"Opsumit, also known generically as Macitentan, was approved by the FDA in 2010 to treat hypertension and idiopathic and/or familial pulmonary arterial hypertension. It is a small molecule therapy that acts as a(n) antagonist.",Drug Meta; Pharmacology
What is Nexterone?,"Nexterone, also known generically as Amiodarone Hydrochloride, was approved by the FDA in 1985 to treat Ventricular arrhythmia, ventricular fibrillation, and ventricular tachycardia. It is a small molecule therapy that acts as a(n) blocker.",Drug Meta; Pharmacology
What is Promacta Kit?,"Promacta Kit, also known generically as Eltrombopag Olamine, was approved by the FDA in 2008 to treat Thrombocytopenia, chronic hepatitis C virus infection, severe aplastic anemia, and autoimmune thrombocytopenic purpura. It is a small molecule therapy that acts as a(n) agonist.",Drug Meta; Pharmacology
What is Ionsys?,"Ionsys, also known generically as Fentanyl, was approved by the FDA in 1968 to treat Chronic pain, cancer, neoplasm, pain, and migraine disorder. It is a small molecule therapy that acts as a(n) agonist.",Drug Meta; Pharmacology
What is Kengreal?,"Kengreal, also known generically as Cangrelor Tetrasodium, was approved by the FDA in 2015 to treat Recurrent thrombophlebitis and myocardial infarction. It is a small molecule therapy that acts as a(n) antagonist.",Drug Meta; Pharmacology
What is Epidiolex?,"Epidiolex, also known generically as Cannabidiol, was approved by the FDA in 2018 to treat Seizure, epilepsy, hamartoma, Lennox-Gastaut syndrome, and Dravet syndrome. It is a small molecule therapy that acts as a(n) negative allosteric modulator.",Drug Meta; Pharmacology
What is Amvuttra?,"Amvuttra, also known generically as Vutrisiran, was approved by the FDA in 2022 to treat familial amyloid neuropathy and polyneuropathy. It is a oligonucleotide therapy that acts as a(n) rnai inhibitor.",Drug Meta; Pharmacology
What is Vogelxo?,"Vogelxo, also known generically as Testosterone, was approved by the FDA in 1972 to treat Hypogonadotropic hypogonadism, Klinefelter's syndrome, orchitis, hypogonadism, and hypogonadotropic hypogonadism. It is a small molecule therapy that acts as a(n) agonist.",Drug Meta; Pharmacology
What is Barhemsys?,"Barhemsys, also known generically as Amisulpride, was approved by the FDA in 2020 to treat Nausea and vomiting, post operative nausea and vomiting, and psychosis. It is a small molecule therapy that acts as a(n) antagonist.",Drug Meta; Pharmacology
What is Arazlo?,"Arazlo, also known generically as Tazarotene, was approved by the FDA in 1997 to treat psoriasis, acne, psoriasis vulgaris, lentigo, and Genetic hypopigmentation of the skin. It is a small molecule therapy that acts as a(n) agonist.",Drug Meta; Pharmacology
What is Givlaari?,"Givlaari, also known generically as Givosiran Sodium, was approved by the FDA in 2019 to treat liver disease and Acute hepatic porphyria. It is a oligonucleotide therapy that acts as a(n) rnai inhibitor.",Drug Meta; Pharmacology
What is Ofev?,"Ofev, also known generically as Nintedanib Esylate, was approved by the FDA in 2014 to treat systemic scleroderma and idiopathic pulmonary fibrosis. It is a small molecule therapy that acts as a(n) inhibitor.",Drug Meta; Pharmacology
What is Children'S Allegra Hives?,"Children'S Allegra Hives, also known generically as Fexofenadine Hydrochloride, was approved by the FDA in 1996 to treat seasonal allergic rhinitis, urticaria, allergic rhinitis, and allergic disease. It is a small molecule therapy that acts as a(n) antagonist.",Drug Meta; Pharmacology
What is Cometriq?,"Cometriq, also known generically as Cabozantinib S-Malate, was approved by the FDA in 2012 to treat clear cell renal carcinoma, papillary renal cell carcinoma, papillary thyroid carcinoma, renal cell carcinoma, thyroid carcinoma, and thyroid cancer. It is a small molecule therapy that acts as a(n) inhibitor.",Drug Meta; Pharmacology
What is Natesto?,"Natesto, also known generically as Testosterone, was approved by the FDA in 1972 to treat Hypogonadotropic hypogonadism, Klinefelter's syndrome, orchitis, hypogonadism, and hypogonadotropic hypogonadism. It is a small molecule therapy that acts as a(n) agonist.",Drug Meta; Pharmacology
What is Xyzal Allergy 24Hr?,"Xyzal Allergy 24Hr, also known generically as Levocetirizine Dihydrochloride, was approved by the FDA in 2007 to treat Pruritus, seasonal allergic rhinitis, urticaria, allergic conjunctivitis, and Rhinitis, Allergic, Perennial. It is a small molecule therapy that acts as a(n) antagonist.",Drug Meta; Pharmacology
What is Naloxone Hydrochloride (Autoinjector)?,"Naloxone Hydrochloride (Autoinjector), also known generically as Naloxone Hydrochloride, was approved by the FDA in 1971 to treat unipolar depression, pain, and septic shock. It is a small molecule therapy that acts as a(n) antagonist.",Drug Meta; Pharmacology
What is Trilipix?,"Trilipix, also known generically as Fenofibric Acid, was approved by the FDA in 2008 to treat Hypercholesterolemia and type 2 diabetes mellitus. It is a small molecule therapy that acts as a(n) agonist.",Drug Meta; Pharmacology
What is Ermeza?,"Ermeza, also known generically as Levothyroxine Sodium, was approved by the FDA in 2000 to treat thyroid carcinoma, hypothyroidism, differentiated thyroid carcinoma, thyroid cancer, and congenital hypothyroidism. It is a small molecule therapy that acts as a(n) agonist.",Drug Meta; Pharmacology
What is Quzyttir?,"Quzyttir, also known generically as Cetirizine Hydrochloride, was approved by the FDA in 1995 to treat seasonal allergic rhinitis, urticaria, and allergic rhinitis. It is a small molecule therapy that acts as a(n) antagonist.",Drug Meta; Pharmacology
What is Thyquidity?,"Thyquidity, also known generically as Levothyroxine Sodium, was approved by the FDA in 2000 to treat thyroid carcinoma, hypothyroidism, differentiated thyroid carcinoma, thyroid cancer, and congenital hypothyroidism. It is a small molecule therapy that acts as a(n) agonist.",Drug Meta; Pharmacology
What is Arymo Er?,"Arymo Er, also known generically as Morphine Sulfate, was approved by the FDA in 1984 to treat Chronic pain, cancer, pain, and drug dependence. It is a small molecule therapy that acts as a(n) agonist.",Drug Meta; Pharmacology
What is Amlodipine Besylate?,"The drug Amlodipine Besylate was approved by the FDA in 1992 to treat Hypercholesterolemia, congestive heart failure, hypertension, myocardial infarction, stroke, coronary artery disease, angina pectoris, familial hypercholesterolemia, Prinzmetal's angina, and hyperlipidemia. It is a small molecule therapy that acts as a(n) blocker.",Drug Meta; Pharmacology
What is Zerviate?,"Zerviate, also known generically as Cetirizine Hydrochloride, was approved by the FDA in 1995 to treat seasonal allergic rhinitis, urticaria, and allergic rhinitis. It is a small molecule therapy that acts as a(n) antagonist.",Drug Meta; Pharmacology
What is Methylin?,"Methylin, also known generically as Methylphenidate Hydrochloride, was approved by the FDA in 1955 to treat attention deficit hyperactivity disorder. It is a small molecule therapy that acts as a(n) inhibitor.",Drug Meta; Pharmacology
What is Phenylephrine Hydrochloride?,"The drug Phenylephrine Hydrochloride was approved by the FDA in 1952 to treat Pruritus, Nasal congestion, seasonal allergic rhinitis, hypotension, septic shock, common cold, sinusitis, hemorrhoid, and allergic disease. It is a small molecule therapy that acts as a(n) agonist.",Drug Meta; Pharmacology
What is Tadliq?,"Tadliq, also known generically as Tadalafil, was approved by the FDA in 2003 to treat Impotence, benign prostatic hyperplasia, pulmonary arterial hypertension, erectile dysfunction, and pulmonary hypertension. It is a small molecule therapy that acts as a(n) inhibitor.",Drug Meta; Pharmacology
What is Gonitro?,"Gonitro, also known generically as Nitroglycerin, was approved by the FDA in 1981 to treat cardiovascular disease, congestive heart failure, hypertension, myocardial infarction, coronary artery disease, heart failure, pain, angina pectoris, and hemorrhoid. It is a small molecule therapy that acts as a(n) activator.",Drug Meta; Pharmacology
What is Norliqva?,"Norliqva, also known generically as Amlodipine Besylate, was approved by the FDA in 1992 to treat Hypercholesterolemia, congestive heart failure, hypertension, myocardial infarction, stroke, coronary artery disease, angina pectoris, familial hypercholesterolemia, Prinzmetal's angina, and hyperlipidemia. It is a small molecule therapy that acts as a(n) blocker.",Drug Meta; Pharmacology
What is Tirosint-Sol?,"Tirosint-Sol, also known generically as Levothyroxine Sodium, was approved by the FDA in 2000 to treat thyroid carcinoma, hypothyroidism, differentiated thyroid carcinoma, thyroid cancer, and congenital hypothyroidism. It is a small molecule therapy that acts as a(n) agonist.",Drug Meta; Pharmacology
What is Tolak?,"Tolak, also known generically as Fluorouracil, was approved by the FDA in 1962 to treat adenocarcinoma, cancer, neoplasm, actinic keratosis, basal cell carcinoma, and keratosis. It is a small molecule therapy that acts as a(n) inhibitor.",Drug Meta; Pharmacology
What is Tagrisso?,"Tagrisso, also known generically as Osimertinib, was approved by the FDA in 2015 to treat cancer, neoplasm, and non-small cell lung carcinoma. It is a small molecule therapy that acts as a(n) inhibitor.",Drug Meta; Pharmacology
What is Zontivity?,"Zontivity, also known generically as Vorapaxar Sulfate, was approved by the FDA in 2014 to treat myocardial infarction, stroke, and peripheral arterial disease. It is a small molecule therapy that acts as a(n) antagonist.",Drug Meta; Pharmacology
What is Qnasl?,"Qnasl, also known generically as Beclomethasone Dipropionate, was approved by the FDA in 1976 to treat Nasal congestion, Airway obstruction, seasonal allergic rhinitis, allergic rhinitis, Rhinitis, Allergic, Perennial, and asthma. It is a small molecule therapy that acts as a(n) agonist.",Drug Meta; Pharmacology
What is Valtoco?,"Valtoco, also known generically as Diazepam, was approved by the FDA in 1963 to treat Agitation, epilepsy, anxiety, anxiety disorder, Stiff-Person syndrome, and cerebral palsy. It is a small molecule therapy that acts as a(n) positive allosteric modulator.",Drug Meta; Pharmacology
What is Lyvispah?,"Lyvispah, also known generically as Baclofen, was approved by the FDA in 1977 to treat Spasticity, Rigidity, spinal cord disease, cerebral palsy, Spinal cord injury, multiple sclerosis, and brain injury. It is a small molecule therapy that acts as a(n) agonist.",Drug Meta; Pharmacology
What is Crestor?,"Crestor, also known generically as Rosuvastatin Calcium, was approved by the FDA in 2003 to treat Hypercholesterolemia, coronary artery disease, atherosclerosis, familial hypercholesterolemia, hyperlipoproteinemia type 3, and hyperlipidemia. It is a small molecule therapy that acts as a(n) inhibitor.",Drug Meta; Pharmacology
What is Fintepla?,"Fintepla, also known generically as Fenfluramine Hydrochloride, was approved by the FDA in 2020 to treat Seizure and Dravet syndrome. It is a small molecule therapy that acts as a(n) agonist and antagonist.",Drug Meta; Pharmacology
What is Midazolam In 0.9% Sodium Chloride?,"Midazolam In 0.9% Sodium Chloride, also known generically as Midazolam, was approved by the FDA in 1985 to treat epilepsy, status epilepticus, and amnesia. It is a small molecule therapy that acts as a(n) positive allosteric modulator.",Drug Meta; Pharmacology
What is Qmiiz Odt?,"Qmiiz Odt, also known generically as Meloxicam, was approved by the FDA in 2000 to treat rheumatoid arthritis, juvenile idiopathic arthritis, rheumatic disease, and osteoarthritis. It is a small molecule therapy that acts as a(n) inhibitor.",Drug Meta; Pharmacology
What is Savaysa?,"Savaysa, also known generically as Edoxaban Tosylate, was approved by the FDA in 2015 to treat atrial fibrillation, stroke, pulmonary embolism, and deep vein thrombosis. It is a small molecule therapy that acts as a(n) inhibitor.",Drug Meta; Pharmacology
What is Juxtapid?,"Juxtapid, also known generically as Lomitapide Mesylate, was approved by the FDA in 2012 to treat Hypercholesterolemia, familial hypercholesterolemia, and homozygous familial hypercholesterolemia. It is a small molecule therapy that acts as a(n) inhibitor.",Drug Meta; Pharmacology
What is Brilinta?,"Brilinta, also known generically as Ticagrelor, was approved by the FDA in 2011 to treat Recurrent thrombophlebitis, myocardial infarction, stroke, coronary artery disease, acute coronary syndrome, acute myocardial infarction, thrombotic disease, and type 2 diabetes mellitus. It is a small molecule therapy that acts as a(n) negative allosteric modulator.",Drug Meta; Pharmacology
What is Drizalma Sprinkle?,"Drizalma Sprinkle, also known generically as Duloxetine Hydrochloride, was approved by the FDA in 2004 to treat Chronic pain, muscular disease, unipolar depression, fibromyalgia, neuropathic pain, anxiety disorder, and major depressive disorder. It is a small molecule therapy that acts as a(n) inhibitor.",Drug Meta; Pharmacology
What is Megace Es?,"Megace Es, also known generically as Megestrol Acetate, was approved by the FDA in 1971 to treat Anorexia, Cachexia, cancer, neoplasm, AIDS, and inborn errors of immunity. It is a small molecule therapy that acts as a(n) agonist.",Drug Meta; Pharmacology
What is Binosto?,"Binosto, also known generically as Alendronate Sodium, was approved by the FDA in 1995 to treat metabolic disease, postmenopausal osteoporosis, osteoporosis, and osteitis deformans. It is a small molecule therapy that acts as a(n) inhibitor.",Drug Meta; Pharmacology
What is Symproic?,"Symproic, also known generically as Naldemedine Tosylate, was approved by the FDA in 2017 to treat Constipation, pain, and constipation disorder. It is a small molecule therapy that acts as a(n) antagonist.",Drug Meta; Pharmacology
What is Qvar 40?,"Qvar 40, also known generically as Beclomethasone Dipropionate, was approved by the FDA in 1976 to treat Nasal congestion, Airway obstruction, seasonal allergic rhinitis, allergic rhinitis, Rhinitis, Allergic, Perennial, and asthma. It is a small molecule therapy that acts as a(n) agonist.",Drug Meta; Pharmacology
What is Lynparza?,"Lynparza, also known generically as Olaparib, was approved by the FDA in 2014 to treat cancer, neoplasm, ovarian carcinoma, ovarian neoplasm, and ovarian cancer. It is a small molecule therapy that acts as a(n) inhibitor.",Drug Meta; Pharmacology
What is Varubi?,"Varubi, also known generically as Rolapitant Hydrochloride, was approved by the FDA in 2015 to treat Chemotherapy-induced nausea and vomiting. It is a small molecule therapy that acts as a(n) antagonist.",Drug Meta; Pharmacology
What is Micardis?,"Micardis, also known generically as Telmisartan, was approved by the FDA in 1998 to treat cardiovascular disease, diabetes mellitus, hypertension, myocardial infarction, and stroke. It is a small molecule therapy that acts as a(n) antagonist.",Drug Meta; Pharmacology
What is Spiriva?,"Spiriva, also known generically as Tiotropium Bromide, was approved by the FDA in 2004 to treat Airway obstruction, Bronchospasm, chronic obstructive pulmonary disease, emphysema, chronic bronchitis, and asthma. It is a small molecule therapy that acts as a(n) antagonist.",Drug Meta; Pharmacology
What is Flonase Sensimist Allergy Relief?,"Flonase Sensimist Allergy Relief, also known generically as Fluticasone Furoate, was approved by the FDA in 2007 to treat Nasal congestion, Airway obstruction, chronic obstructive pulmonary disease, seasonal allergic rhinitis, allergic rhinitis, Rhinitis, Allergic, Perennial, and asthma. It is a small molecule therapy that acts as a(n) agonist.",Drug Meta; Pharmacology
What is Cinvanti?,"Cinvanti, also known generically as Aprepitant, was approved by the FDA in 2003 to treat Nausea and vomiting, Nausea, cancer, post operative nausea and vomiting, and Chemotherapy-induced nausea and vomiting. It is a small molecule therapy that acts as a(n) antagonist.",Drug Meta; Pharmacology
What is Desyrel?,"Desyrel, also known generically as Trazodone Hydrochloride, was approved by the FDA in 1981 to treat unipolar depression, major depressive disorder, and depressive disorder. It is a small molecule therapy that acts as a(n) inhibitor and antagonist.",Drug Meta; Pharmacology
What is Invega Trinza?,"Invega Trinza, also known generically as Paliperidone Palmitate, was approved by the FDA in 2009 to treat schizoaffective disorder and schizophrenia. It is a small molecule therapy that acts as a(n) antagonist.",Drug Meta; Pharmacology
What is Qvar Redihaler?,"Qvar Redihaler, also known generically as Beclomethasone Dipropionate, was approved by the FDA in 1976 to treat Nasal congestion, Airway obstruction, seasonal allergic rhinitis, allergic rhinitis, Rhinitis, Allergic, Perennial, and asthma. It is a small molecule therapy that acts as a(n) agonist.",Drug Meta; Pharmacology
What is Argatroban In Sodium Chloride?,"Argatroban In Sodium Chloride, also known generically as Argatroban, was approved by the FDA in 2000 to treat Thrombocytopenia, Recurrent thrombophlebitis, and thrombotic disease. It is a small molecule therapy that acts as a(n) inhibitor.",Drug Meta; Pharmacology
What is Votrient?,"Votrient, also known generically as Pazopanib Hydrochloride, was approved by the FDA in 2009 to treat chromophobe renal cell carcinoma, clear cell renal carcinoma, papillary renal cell carcinoma, renal cell carcinoma, sarcoma, collecting duct carcinoma, and soft tissue sarcoma. It is a small molecule therapy that acts as a(n) inhibitor.",Drug Meta; Pharmacology
What is Lupron Depot?,"Lupron Depot, also known generically as Leuprolide Acetate, was approved by the FDA in 1985 to treat metastatic prostate cancer, prostate adenocarcinoma, prostate carcinoma, Central precocious puberty, precocious puberty, prostate cancer, and central precocious puberty. It is a protein therapy that acts as a(n) agonist.",Drug Meta; Pharmacology
What is Lexette?,"Lexette, also known generically as Halobetasol Propionate, was approved by the FDA in 1990 to treat psoriasis, skin disease, and psoriasis vulgaris. It is a small molecule therapy that acts as a(n) agonist.",Drug Meta; Pharmacology
What is the effect size of rs7622082 in Parkinson's disease?,"The effect size, or beta, of rs7622082 is 0.0957 according to the largest European genome-wide meta-analysis of Parkinson's disease (Nalls et al., 2019). However, effect sizes may varry accross different populations.",SNP Disease Relations
What is the effect size of rs1319705 in Parkinson's disease?,"The effect size, or beta, of rs1319705 is -0.0251 according to the largest European genome-wide meta-analysis of Parkinson's disease (Nalls et al., 2019). However, effect sizes may varry accross different populations.",SNP Disease Relations
What is the effect size of rs34101866 in Parkinson's disease?,"The effect size, or beta, of rs34101866 is 0.0311 according to the largest European genome-wide meta-analysis of Parkinson's disease (Nalls et al., 2019). However, effect sizes may varry accross different populations.",SNP Disease Relations
What is the effect size of rs2523032 in Parkinson's disease?,"The effect size, or beta, of rs2523032 is 0.0026 according to the largest European genome-wide meta-analysis of Parkinson's disease (Nalls et al., 2019). However, effect sizes may varry accross different populations.",SNP Disease Relations
What is the effect size of rs116099715 in Parkinson's disease?,"The effect size, or beta, of rs116099715 is -0.0332 according to the largest European genome-wide meta-analysis of Parkinson's disease (Nalls et al., 2019). However, effect sizes may varry accross different populations.",SNP Disease Relations
What is the effect size of rs309272 in Parkinson's disease?,"The effect size, or beta, of rs309272 is 0.0059 according to the largest European genome-wide meta-analysis of Parkinson's disease (Nalls et al., 2019). However, effect sizes may varry accross different populations.",SNP Disease Relations
What is the effect size of rs147657894 in Parkinson's disease?,"The effect size, or beta, of rs147657894 is -0.172 according to the largest European genome-wide meta-analysis of Parkinson's disease (Nalls et al., 2019). However, effect sizes may varry accross different populations.",SNP Disease Relations
What is the effect size of rs76816864 in Parkinson's disease?,"The effect size, or beta, of rs76816864 is -0.0457 according to the largest European genome-wide meta-analysis of Parkinson's disease (Nalls et al., 2019). However, effect sizes may varry accross different populations.",SNP Disease Relations
What is the effect size of rs10752098 in Parkinson's disease?,"The effect size, or beta, of rs10752098 is 0.0358 according to the largest European genome-wide meta-analysis of Parkinson's disease (Nalls et al., 2019). However, effect sizes may varry accross different populations.",SNP Disease Relations
What is the effect size of rs4350391 in Parkinson's disease?,"The effect size, or beta, of rs4350391 is 0.0729 according to the largest European genome-wide meta-analysis of Parkinson's disease (Nalls et al., 2019). However, effect sizes may varry accross different populations.",SNP Disease Relations
What is the effect size of rs10848154 in Parkinson's disease?,"The effect size, or beta, of rs10848154 is 0.0524 according to the largest European genome-wide meta-analysis of Parkinson's disease (Nalls et al., 2019). However, effect sizes may varry accross different populations.",SNP Disease Relations
What is the effect size of rs10241562 in Parkinson's disease?,"The effect size, or beta, of rs10241562 is -0.0093 according to the largest European genome-wide meta-analysis of Parkinson's disease (Nalls et al., 2019). However, effect sizes may varry accross different populations.",SNP Disease Relations
What is the effect size of rs10850358 in Parkinson's disease?,"The effect size, or beta, of rs10850358 is 0.0312 according to the largest European genome-wide meta-analysis of Parkinson's disease (Nalls et al., 2019). However, effect sizes may varry accross different populations.",SNP Disease Relations
What is the effect size of rs204416 in Parkinson's disease?,"The effect size, or beta, of rs204416 is -0.0218 according to the largest European genome-wide meta-analysis of Parkinson's disease (Nalls et al., 2019). However, effect sizes may varry accross different populations.",SNP Disease Relations
What is the effect size of rs117211748 in Parkinson's disease?,"The effect size, or beta, of rs117211748 is -0.1069 according to the largest European genome-wide meta-analysis of Parkinson's disease (Nalls et al., 2019). However, effect sizes may varry accross different populations.",SNP Disease Relations
What is the effect size of rs10948725 in Parkinson's disease?,"The effect size, or beta, of rs10948725 is 0.0359 according to the largest European genome-wide meta-analysis of Parkinson's disease (Nalls et al., 2019). However, effect sizes may varry accross different populations.",SNP Disease Relations
What is the effect size of rs654384 in Parkinson's disease?,"The effect size, or beta, of rs654384 is 0.0121 according to the largest European genome-wide meta-analysis of Parkinson's disease (Nalls et al., 2019). However, effect sizes may varry accross different populations.",SNP Disease Relations
What is the effect size of rs2319102 in Parkinson's disease?,"The effect size, or beta, of rs2319102 is -0.0292 according to the largest European genome-wide meta-analysis of Parkinson's disease (Nalls et al., 2019). However, effect sizes may varry accross different populations.",SNP Disease Relations
What is the effect size of rs1346945 in Parkinson's disease?,"The effect size, or beta, of rs1346945 is -0.0301 according to the largest European genome-wide meta-analysis of Parkinson's disease (Nalls et al., 2019). However, effect sizes may varry accross different populations.",SNP Disease Relations
What is the effect size of rs10837451 in Parkinson's disease?,"The effect size, or beta, of rs10837451 is -0.051 according to the largest European genome-wide meta-analysis of Parkinson's disease (Nalls et al., 2019). However, effect sizes may varry accross different populations.",SNP Disease Relations
What is the effect size of rs11792762 in Parkinson's disease?,"The effect size, or beta, of rs11792762 is 0.0184 according to the largest European genome-wide meta-analysis of Parkinson's disease (Nalls et al., 2019). However, effect sizes may varry accross different populations.",SNP Disease Relations
What is the effect size of rs114267329 in Parkinson's disease?,"The effect size, or beta, of rs114267329 is 0.0736 according to the largest European genome-wide meta-analysis of Parkinson's disease (Nalls et al., 2019). However, effect sizes may varry accross different populations.",SNP Disease Relations
What is the effect size of rs115398144 in Parkinson's disease?,"The effect size, or beta, of rs115398144 is 0.0257 according to the largest European genome-wide meta-analysis of Parkinson's disease (Nalls et al., 2019). However, effect sizes may varry accross different populations.",SNP Disease Relations
What is the effect size of rs143518281 in Parkinson's disease?,"The effect size, or beta, of rs143518281 is 0.0369 according to the largest European genome-wide meta-analysis of Parkinson's disease (Nalls et al., 2019). However, effect sizes may varry accross different populations.",SNP Disease Relations
What is the effect size of rs9528994 in Parkinson's disease?,"The effect size, or beta, of rs9528994 is -0.0141 according to the largest European genome-wide meta-analysis of Parkinson's disease (Nalls et al., 2019). However, effect sizes may varry accross different populations.",SNP Disease Relations
What is the effect size of rs12145182 in Parkinson's disease?,"The effect size, or beta, of rs12145182 is 0.0638 according to the largest European genome-wide meta-analysis of Parkinson's disease (Nalls et al., 2019). However, effect sizes may varry accross different populations.",SNP Disease Relations
What is the effect size of rs2832876 in Parkinson's disease?,"The effect size, or beta, of rs2832876 is -0.0119 according to the largest European genome-wide meta-analysis of Parkinson's disease (Nalls et al., 2019). However, effect sizes may varry accross different populations.",SNP Disease Relations
What is the effect size of rs6467311 in Parkinson's disease?,"The effect size, or beta, of rs6467311 is -0.0637 according to the largest European genome-wide meta-analysis of Parkinson's disease (Nalls et al., 2019). However, effect sizes may varry accross different populations.",SNP Disease Relations
What is the effect size of rs57926772 in Parkinson's disease?,"The effect size, or beta, of rs57926772 is 0.0027 according to the largest European genome-wide meta-analysis of Parkinson's disease (Nalls et al., 2019). However, effect sizes may varry accross different populations.",SNP Disease Relations
What is the effect size of rs6829673 in Parkinson's disease?,"The effect size, or beta, of rs6829673 is 0.0253 according to the largest European genome-wide meta-analysis of Parkinson's disease (Nalls et al., 2019). However, effect sizes may varry accross different populations.",SNP Disease Relations
What is the effect size of rs2381931 in Parkinson's disease?,"The effect size, or beta, of rs2381931 is -0.0199 according to the largest European genome-wide meta-analysis of Parkinson's disease (Nalls et al., 2019). However, effect sizes may varry accross different populations.",SNP Disease Relations
What is the effect size of rs3912446 in Parkinson's disease?,"The effect size, or beta, of rs3912446 is -0.1162 according to the largest European genome-wide meta-analysis of Parkinson's disease (Nalls et al., 2019). However, effect sizes may varry accross different populations.",SNP Disease Relations
What is the effect size of rs6061521 in Parkinson's disease?,"The effect size, or beta, of rs6061521 is 0.0 according to the largest European genome-wide meta-analysis of Parkinson's disease (Nalls et al., 2019). However, effect sizes may varry accross different populations.",SNP Disease Relations
What is the effect size of rs41463851 in Parkinson's disease?,"The effect size, or beta, of rs41463851 is -0.0072 according to the largest European genome-wide meta-analysis of Parkinson's disease (Nalls et al., 2019). However, effect sizes may varry accross different populations.",SNP Disease Relations
What is the effect size of rs2569094 in Parkinson's disease?,"The effect size, or beta, of rs2569094 is -0.029 according to the largest European genome-wide meta-analysis of Parkinson's disease (Nalls et al., 2019). However, effect sizes may varry accross different populations.",SNP Disease Relations
What is the effect size of rs10943475 in Parkinson's disease?,"The effect size, or beta, of rs10943475 is -0.0084 according to the largest European genome-wide meta-analysis of Parkinson's disease (Nalls et al., 2019). However, effect sizes may varry accross different populations.",SNP Disease Relations
What is the effect size of rs12471113 in Parkinson's disease?,"The effect size, or beta, of rs12471113 is 0.0186 according to the largest European genome-wide meta-analysis of Parkinson's disease (Nalls et al., 2019). However, effect sizes may varry accross different populations.",SNP Disease Relations
What is the effect size of rs2832456 in Parkinson's disease?,"The effect size, or beta, of rs2832456 is -0.0554 according to the largest European genome-wide meta-analysis of Parkinson's disease (Nalls et al., 2019). However, effect sizes may varry accross different populations.",SNP Disease Relations
What is the effect size of rs2418573 in Parkinson's disease?,"The effect size, or beta, of rs2418573 is -0.0238 according to the largest European genome-wide meta-analysis of Parkinson's disease (Nalls et al., 2019). However, effect sizes may varry accross different populations.",SNP Disease Relations
What is the effect size of rs78618349 in Parkinson's disease?,"The effect size, or beta, of rs78618349 is 0.0097 according to the largest European genome-wide meta-analysis of Parkinson's disease (Nalls et al., 2019). However, effect sizes may varry accross different populations.",SNP Disease Relations
What is the effect size of rs11181242 in Parkinson's disease?,"The effect size, or beta, of rs11181242 is 0.0449 according to the largest European genome-wide meta-analysis of Parkinson's disease (Nalls et al., 2019). However, effect sizes may varry accross different populations.",SNP Disease Relations
What is the effect size of rs987865 in Parkinson's disease?,"The effect size, or beta, of rs987865 is -0.0769 according to the largest European genome-wide meta-analysis of Parkinson's disease (Nalls et al., 2019). However, effect sizes may varry accross different populations.",SNP Disease Relations
What is the effect size of rs12570864 in Parkinson's disease?,"The effect size, or beta, of rs12570864 is -0.0375 according to the largest European genome-wide meta-analysis of Parkinson's disease (Nalls et al., 2019). However, effect sizes may varry accross different populations.",SNP Disease Relations
What is the effect size of rs4625093 in Parkinson's disease?,"The effect size, or beta, of rs4625093 is -0.0153 according to the largest European genome-wide meta-analysis of Parkinson's disease (Nalls et al., 2019). However, effect sizes may varry accross different populations.",SNP Disease Relations
What is the effect size of rs73130310 in Parkinson's disease?,"The effect size, or beta, of rs73130310 is -0.0456 according to the largest European genome-wide meta-analysis of Parkinson's disease (Nalls et al., 2019). However, effect sizes may varry accross different populations.",SNP Disease Relations
What is the effect size of rs28851019 in Parkinson's disease?,"The effect size, or beta, of rs28851019 is 0.0096 according to the largest European genome-wide meta-analysis of Parkinson's disease (Nalls et al., 2019). However, effect sizes may varry accross different populations.",SNP Disease Relations
What is the effect size of rs2682461 in Parkinson's disease?,"The effect size, or beta, of rs2682461 is 0.1691 according to the largest European genome-wide meta-analysis of Parkinson's disease (Nalls et al., 2019). However, effect sizes may varry accross different populations.",SNP Disease Relations
What is the effect size of rs723616 in Parkinson's disease?,"The effect size, or beta, of rs723616 is -0.0367 according to the largest European genome-wide meta-analysis of Parkinson's disease (Nalls et al., 2019). However, effect sizes may varry accross different populations.",SNP Disease Relations
What is the effect size of rs2026436 in Parkinson's disease?,"The effect size, or beta, of rs2026436 is 0.0255 according to the largest European genome-wide meta-analysis of Parkinson's disease (Nalls et al., 2019). However, effect sizes may varry accross different populations.",SNP Disease Relations
What is the effect size of rs8103053 in Parkinson's disease?,"The effect size, or beta, of rs8103053 is -0.0284 according to the largest European genome-wide meta-analysis of Parkinson's disease (Nalls et al., 2019). However, effect sizes may varry accross different populations.",SNP Disease Relations
What is the effect size of rs113259922 in Parkinson's disease?,"The effect size, or beta, of rs113259922 is -0.0037 according to the largest European genome-wide meta-analysis of Parkinson's disease (Nalls et al., 2019). However, effect sizes may varry accross different populations.",SNP Disease Relations
What is the effect size of rs1496117 in Parkinson's disease?,"The effect size, or beta, of rs1496117 is 0.0392 according to the largest European genome-wide meta-analysis of Parkinson's disease (Nalls et al., 2019). However, effect sizes may varry accross different populations.",SNP Disease Relations
What is the effect size of rs182383894 in Parkinson's disease?,"The effect size, or beta, of rs182383894 is 0.0503 according to the largest European genome-wide meta-analysis of Parkinson's disease (Nalls et al., 2019). However, effect sizes may varry accross different populations.",SNP Disease Relations
What is the effect size of rs7785473 in Parkinson's disease?,"The effect size, or beta, of rs7785473 is -0.0018 according to the largest European genome-wide meta-analysis of Parkinson's disease (Nalls et al., 2019). However, effect sizes may varry accross different populations.",SNP Disease Relations
What is the effect size of rs224121 in Parkinson's disease?,"The effect size, or beta, of rs224121 is 0.0032 according to the largest European genome-wide meta-analysis of Parkinson's disease (Nalls et al., 2019). However, effect sizes may varry accross different populations.",SNP Disease Relations
What is the effect size of rs9554812 in Parkinson's disease?,"The effect size, or beta, of rs9554812 is -0.0388 according to the largest European genome-wide meta-analysis of Parkinson's disease (Nalls et al., 2019). However, effect sizes may varry accross different populations.",SNP Disease Relations
What is the effect size of rs72842060 in Parkinson's disease?,"The effect size, or beta, of rs72842060 is 0.0208 according to the largest European genome-wide meta-analysis of Parkinson's disease (Nalls et al., 2019). However, effect sizes may varry accross different populations.",SNP Disease Relations
What is the effect size of rs6850344 in Parkinson's disease?,"The effect size, or beta, of rs6850344 is -0.0032 according to the largest European genome-wide meta-analysis of Parkinson's disease (Nalls et al., 2019). However, effect sizes may varry accross different populations.",SNP Disease Relations
What is the effect size of rs3098570 in Parkinson's disease?,"The effect size, or beta, of rs3098570 is 0.17 according to the largest European genome-wide meta-analysis of Parkinson's disease (Nalls et al., 2019). However, effect sizes may varry accross different populations.",SNP Disease Relations
What is the effect size of rs2159709 in Parkinson's disease?,"The effect size, or beta, of rs2159709 is -0.0021 according to the largest European genome-wide meta-analysis of Parkinson's disease (Nalls et al., 2019). However, effect sizes may varry accross different populations.",SNP Disease Relations
What is the effect size of rs11103276 in Parkinson's disease?,"The effect size, or beta, of rs11103276 is -0.0605 according to the largest European genome-wide meta-analysis of Parkinson's disease (Nalls et al., 2019). However, effect sizes may varry accross different populations.",SNP Disease Relations
What is the effect size of rs73037676 in Parkinson's disease?,"The effect size, or beta, of rs73037676 is -0.0158 according to the largest European genome-wide meta-analysis of Parkinson's disease (Nalls et al., 2019). However, effect sizes may varry accross different populations.",SNP Disease Relations
What is the effect size of rs4424040 in Parkinson's disease?,"The effect size, or beta, of rs4424040 is -0.0736 according to the largest European genome-wide meta-analysis of Parkinson's disease (Nalls et al., 2019). However, effect sizes may varry accross different populations.",SNP Disease Relations
What is the effect size of rs10908471 in Parkinson's disease?,"The effect size, or beta, of rs10908471 is -0.0042 according to the largest European genome-wide meta-analysis of Parkinson's disease (Nalls et al., 2019). However, effect sizes may varry accross different populations.",SNP Disease Relations
What is the effect size of rs41529545 in Parkinson's disease?,"The effect size, or beta, of rs41529545 is -0.0091 according to the largest European genome-wide meta-analysis of Parkinson's disease (Nalls et al., 2019). However, effect sizes may varry accross different populations.",SNP Disease Relations
What is the effect size of rs9289823 in Parkinson's disease?,"The effect size, or beta, of rs9289823 is 0.0098 according to the largest European genome-wide meta-analysis of Parkinson's disease (Nalls et al., 2019). However, effect sizes may varry accross different populations.",SNP Disease Relations
What is the effect size of rs62139933 in Parkinson's disease?,"The effect size, or beta, of rs62139933 is 0.0563 according to the largest European genome-wide meta-analysis of Parkinson's disease (Nalls et al., 2019). However, effect sizes may varry accross different populations.",SNP Disease Relations
What is the effect size of rs6583820 in Parkinson's disease?,"The effect size, or beta, of rs6583820 is 0.0103 according to the largest European genome-wide meta-analysis of Parkinson's disease (Nalls et al., 2019). However, effect sizes may varry accross different populations.",SNP Disease Relations
What is the effect size of rs78450459 in Parkinson's disease?,"The effect size, or beta, of rs78450459 is 0.0163 according to the largest European genome-wide meta-analysis of Parkinson's disease (Nalls et al., 2019). However, effect sizes may varry accross different populations.",SNP Disease Relations
What is the effect size of rs992506 in Parkinson's disease?,"The effect size, or beta, of rs992506 is -0.0484 according to the largest European genome-wide meta-analysis of Parkinson's disease (Nalls et al., 2019). However, effect sizes may varry accross different populations.",SNP Disease Relations
What is the effect size of rs6933000 in Parkinson's disease?,"The effect size, or beta, of rs6933000 is 0.0088 according to the largest European genome-wide meta-analysis of Parkinson's disease (Nalls et al., 2019). However, effect sizes may varry accross different populations.",SNP Disease Relations
What is the effect size of rs12058729 in Parkinson's disease?,"The effect size, or beta, of rs12058729 is 0.0303 according to the largest European genome-wide meta-analysis of Parkinson's disease (Nalls et al., 2019). However, effect sizes may varry accross different populations.",SNP Disease Relations
What is the effect size of rs643844 in Parkinson's disease?,"The effect size, or beta, of rs643844 is -0.0183 according to the largest European genome-wide meta-analysis of Parkinson's disease (Nalls et al., 2019). However, effect sizes may varry accross different populations.",SNP Disease Relations
What is the effect size of rs140528644 in Parkinson's disease?,"The effect size, or beta, of rs140528644 is -0.2304 according to the largest European genome-wide meta-analysis of Parkinson's disease (Nalls et al., 2019). However, effect sizes may varry accross different populations.",SNP Disease Relations
What is the effect size of rs422496 in Parkinson's disease?,"The effect size, or beta, of rs422496 is -0.004 according to the largest European genome-wide meta-analysis of Parkinson's disease (Nalls et al., 2019). However, effect sizes may varry accross different populations.",SNP Disease Relations
What is the effect size of rs114600853 in Parkinson's disease?,"The effect size, or beta, of rs114600853 is 0.121 according to the largest European genome-wide meta-analysis of Parkinson's disease (Nalls et al., 2019). However, effect sizes may varry accross different populations.",SNP Disease Relations
What is the effect size of rs6045070 in Parkinson's disease?,"The effect size, or beta, of rs6045070 is -0.0131 according to the largest European genome-wide meta-analysis of Parkinson's disease (Nalls et al., 2019). However, effect sizes may varry accross different populations.",SNP Disease Relations
What is the effect size of rs8062709 in Parkinson's disease?,"The effect size, or beta, of rs8062709 is 0.0254 according to the largest European genome-wide meta-analysis of Parkinson's disease (Nalls et al., 2019). However, effect sizes may varry accross different populations.",SNP Disease Relations
What is the effect size of rs1813625 in Parkinson's disease?,"The effect size, or beta, of rs1813625 is -0.021 according to the largest European genome-wide meta-analysis of Parkinson's disease (Nalls et al., 2019). However, effect sizes may varry accross different populations.",SNP Disease Relations
What is the effect size of rs115157402 in Parkinson's disease?,"The effect size, or beta, of rs115157402 is 0.2348 according to the largest European genome-wide meta-analysis of Parkinson's disease (Nalls et al., 2019). However, effect sizes may varry accross different populations.",SNP Disease Relations
What is the effect size of rs249181 in Parkinson's disease?,"The effect size, or beta, of rs249181 is -0.0196 according to the largest European genome-wide meta-analysis of Parkinson's disease (Nalls et al., 2019). However, effect sizes may varry accross different populations.",SNP Disease Relations
What is the effect size of rs2518167 in Parkinson's disease?,"The effect size, or beta, of rs2518167 is 0.021 according to the largest European genome-wide meta-analysis of Parkinson's disease (Nalls et al., 2019). However, effect sizes may varry accross different populations.",SNP Disease Relations
What is the effect size of rs12096532 in Parkinson's disease?,"The effect size, or beta, of rs12096532 is 0.0287 according to the largest European genome-wide meta-analysis of Parkinson's disease (Nalls et al., 2019). However, effect sizes may varry accross different populations.",SNP Disease Relations
What is the effect size of rs17466482 in Parkinson's disease?,"The effect size, or beta, of rs17466482 is -0.0654 according to the largest European genome-wide meta-analysis of Parkinson's disease (Nalls et al., 2019). However, effect sizes may varry accross different populations.",SNP Disease Relations
What is the effect size of rs7330113 in Parkinson's disease?,"The effect size, or beta, of rs7330113 is 0.0379 according to the largest European genome-wide meta-analysis of Parkinson's disease (Nalls et al., 2019). However, effect sizes may varry accross different populations.",SNP Disease Relations
What is the effect size of rs117651012 in Parkinson's disease?,"The effect size, or beta, of rs117651012 is 0.0264 according to the largest European genome-wide meta-analysis of Parkinson's disease (Nalls et al., 2019). However, effect sizes may varry accross different populations.",SNP Disease Relations
What is the effect size of rs1361497 in Parkinson's disease?,"The effect size, or beta, of rs1361497 is -0.0234 according to the largest European genome-wide meta-analysis of Parkinson's disease (Nalls et al., 2019). However, effect sizes may varry accross different populations.",SNP Disease Relations
What is the effect size of rs59452907 in Parkinson's disease?,"The effect size, or beta, of rs59452907 is -0.0554 according to the largest European genome-wide meta-analysis of Parkinson's disease (Nalls et al., 2019). However, effect sizes may varry accross different populations.",SNP Disease Relations
What is the effect size of rs79354422 in Parkinson's disease?,"The effect size, or beta, of rs79354422 is 0.1442 according to the largest European genome-wide meta-analysis of Parkinson's disease (Nalls et al., 2019). However, effect sizes may varry accross different populations.",SNP Disease Relations
What is the effect size of rs2426233 in Parkinson's disease?,"The effect size, or beta, of rs2426233 is -0.0617 according to the largest European genome-wide meta-analysis of Parkinson's disease (Nalls et al., 2019). However, effect sizes may varry accross different populations.",SNP Disease Relations
What is the effect size of rs76493211 in Parkinson's disease?,"The effect size, or beta, of rs76493211 is -0.0521 according to the largest European genome-wide meta-analysis of Parkinson's disease (Nalls et al., 2019). However, effect sizes may varry accross different populations.",SNP Disease Relations
What is the effect size of rs35174115 in Parkinson's disease?,"The effect size, or beta, of rs35174115 is -0.0769 according to the largest European genome-wide meta-analysis of Parkinson's disease (Nalls et al., 2019). However, effect sizes may varry accross different populations.",SNP Disease Relations
What is the effect size of rs6009205 in Parkinson's disease?,"The effect size, or beta, of rs6009205 is 0.0215 according to the largest European genome-wide meta-analysis of Parkinson's disease (Nalls et al., 2019). However, effect sizes may varry accross different populations.",SNP Disease Relations
What is the effect size of rs61977060 in Parkinson's disease?,"The effect size, or beta, of rs61977060 is -0.047 according to the largest European genome-wide meta-analysis of Parkinson's disease (Nalls et al., 2019). However, effect sizes may varry accross different populations.",SNP Disease Relations
What is the effect size of rs4800096 in Parkinson's disease?,"The effect size, or beta, of rs4800096 is 0.0269 according to the largest European genome-wide meta-analysis of Parkinson's disease (Nalls et al., 2019). However, effect sizes may varry accross different populations.",SNP Disease Relations
What is the effect size of rs60793280 in Parkinson's disease?,"The effect size, or beta, of rs60793280 is -0.0136 according to the largest European genome-wide meta-analysis of Parkinson's disease (Nalls et al., 2019). However, effect sizes may varry accross different populations.",SNP Disease Relations
What is the effect size of rs57384594 in Parkinson's disease?,"The effect size, or beta, of rs57384594 is 0.0492 according to the largest European genome-wide meta-analysis of Parkinson's disease (Nalls et al., 2019). However, effect sizes may varry accross different populations.",SNP Disease Relations
What is the effect size of rs141168043 in Parkinson's disease?,"The effect size, or beta, of rs141168043 is -0.0451 according to the largest European genome-wide meta-analysis of Parkinson's disease (Nalls et al., 2019). However, effect sizes may varry accross different populations.",SNP Disease Relations
What is the effect size of rs55828101 in Parkinson's disease?,"The effect size, or beta, of rs55828101 is 0.0352 according to the largest European genome-wide meta-analysis of Parkinson's disease (Nalls et al., 2019). However, effect sizes may varry accross different populations.",SNP Disease Relations
What is the effect size of rs78464229 in Parkinson's disease?,"The effect size, or beta, of rs78464229 is -0.0016 according to the largest European genome-wide meta-analysis of Parkinson's disease (Nalls et al., 2019). However, effect sizes may varry accross different populations.",SNP Disease Relations
What is the effect size of rs10109863 in Parkinson's disease?,"The effect size, or beta, of rs10109863 is 0.0414 according to the largest European genome-wide meta-analysis of Parkinson's disease (Nalls et al., 2019). However, effect sizes may varry accross different populations.",SNP Disease Relations
What is the effect size of rs12683173 in Parkinson's disease?,"The effect size, or beta, of rs12683173 is 0.0387 according to the largest European genome-wide meta-analysis of Parkinson's disease (Nalls et al., 2019). However, effect sizes may varry accross different populations.",SNP Disease Relations
What is the effect size of rs56377442 in Parkinson's disease?,"The effect size, or beta, of rs56377442 is -0.0114 according to the largest European genome-wide meta-analysis of Parkinson's disease (Nalls et al., 2019). However, effect sizes may varry accross different populations.",SNP Disease Relations
What is the effect size of rs6988040 in Parkinson's disease?,"The effect size, or beta, of rs6988040 is -0.0567 according to the largest European genome-wide meta-analysis of Parkinson's disease (Nalls et al., 2019). However, effect sizes may varry accross different populations.",SNP Disease Relations
What is the effect size of rs7826943 in Parkinson's disease?,"The effect size, or beta, of rs7826943 is 0.0679 according to the largest European genome-wide meta-analysis of Parkinson's disease (Nalls et al., 2019). However, effect sizes may varry accross different populations.",SNP Disease Relations
What is the effect size of rs190427354 in Parkinson's disease?,"The effect size, or beta, of rs190427354 is 0.3057 according to the largest European genome-wide meta-analysis of Parkinson's disease (Nalls et al., 2019). However, effect sizes may varry accross different populations.",SNP Disease Relations
What is the effect size of rs62209222 in Parkinson's disease?,"The effect size, or beta, of rs62209222 is -0.0705 according to the largest European genome-wide meta-analysis of Parkinson's disease (Nalls et al., 2019). However, effect sizes may varry accross different populations.",SNP Disease Relations
What is the effect size of rs59439225 in Parkinson's disease?,"The effect size, or beta, of rs59439225 is -0.139 according to the largest European genome-wide meta-analysis of Parkinson's disease (Nalls et al., 2019). However, effect sizes may varry accross different populations.",SNP Disease Relations
What is the effect size of rs4364889 in Parkinson's disease?,"The effect size, or beta, of rs4364889 is 0.0804 according to the largest European genome-wide meta-analysis of Parkinson's disease (Nalls et al., 2019). However, effect sizes may varry accross different populations.",SNP Disease Relations
What is the effect size of rs73554810 in Parkinson's disease?,"The effect size, or beta, of rs73554810 is -0.0014 according to the largest European genome-wide meta-analysis of Parkinson's disease (Nalls et al., 2019). However, effect sizes may varry accross different populations.",SNP Disease Relations
What is the effect size of rs116871135 in Parkinson's disease?,"The effect size, or beta, of rs116871135 is 0.0798 according to the largest European genome-wide meta-analysis of Parkinson's disease (Nalls et al., 2019). However, effect sizes may varry accross different populations.",SNP Disease Relations
What is the effect size of rs9925644 in Parkinson's disease?,"The effect size, or beta, of rs9925644 is 0.0429 according to the largest European genome-wide meta-analysis of Parkinson's disease (Nalls et al., 2019). However, effect sizes may varry accross different populations.",SNP Disease Relations
What is the effect size of rs2467094 in Parkinson's disease?,"The effect size, or beta, of rs2467094 is 0.0128 according to the largest European genome-wide meta-analysis of Parkinson's disease (Nalls et al., 2019). However, effect sizes may varry accross different populations.",SNP Disease Relations
What is the effect size of rs10116650 in Parkinson's disease?,"The effect size, or beta, of rs10116650 is -0.0108 according to the largest European genome-wide meta-analysis of Parkinson's disease (Nalls et al., 2019). However, effect sizes may varry accross different populations.",SNP Disease Relations
What is the effect size of rs6456677 in Parkinson's disease?,"The effect size, or beta, of rs6456677 is -0.121 according to the largest European genome-wide meta-analysis of Parkinson's disease (Nalls et al., 2019). However, effect sizes may varry accross different populations.",SNP Disease Relations
What is the effect size of rs201393564 in Parkinson's disease?,"The effect size, or beta, of rs201393564 is -0.1034 according to the largest European genome-wide meta-analysis of Parkinson's disease (Nalls et al., 2019). However, effect sizes may varry accross different populations.",SNP Disease Relations
What is the effect size of rs7515817 in Parkinson's disease?,"The effect size, or beta, of rs7515817 is 0.0131 according to the largest European genome-wide meta-analysis of Parkinson's disease (Nalls et al., 2019). However, effect sizes may varry accross different populations.",SNP Disease Relations
What is the effect size of rs168689 in Parkinson's disease?,"The effect size, or beta, of rs168689 is -0.0213 according to the largest European genome-wide meta-analysis of Parkinson's disease (Nalls et al., 2019). However, effect sizes may varry accross different populations.",SNP Disease Relations
What is the effect size of rs34466453 in Parkinson's disease?,"The effect size, or beta, of rs34466453 is 0.0284 according to the largest European genome-wide meta-analysis of Parkinson's disease (Nalls et al., 2019). However, effect sizes may varry accross different populations.",SNP Disease Relations
What is the effect size of rs139496542 in Parkinson's disease?,"The effect size, or beta, of rs139496542 is -0.0089 according to the largest European genome-wide meta-analysis of Parkinson's disease (Nalls et al., 2019). However, effect sizes may varry accross different populations.",SNP Disease Relations
What is the effect size of rs113884844 in Parkinson's disease?,"The effect size, or beta, of rs113884844 is -0.0603 according to the largest European genome-wide meta-analysis of Parkinson's disease (Nalls et al., 2019). However, effect sizes may varry accross different populations.",SNP Disease Relations
What is the effect size of rs1467331 in Parkinson's disease?,"The effect size, or beta, of rs1467331 is 0.0373 according to the largest European genome-wide meta-analysis of Parkinson's disease (Nalls et al., 2019). However, effect sizes may varry accross different populations.",SNP Disease Relations
What is the effect size of rs76526137 in Parkinson's disease?,"The effect size, or beta, of rs76526137 is 0.0506 according to the largest European genome-wide meta-analysis of Parkinson's disease (Nalls et al., 2019). However, effect sizes may varry accross different populations.",SNP Disease Relations
What is the effect size of rs142576328 in Parkinson's disease?,"The effect size, or beta, of rs142576328 is 0.1714 according to the largest European genome-wide meta-analysis of Parkinson's disease (Nalls et al., 2019). However, effect sizes may varry accross different populations.",SNP Disease Relations
What is the effect size of rs11698242 in Parkinson's disease?,"The effect size, or beta, of rs11698242 is -0.0024 according to the largest European genome-wide meta-analysis of Parkinson's disease (Nalls et al., 2019). However, effect sizes may varry accross different populations.",SNP Disease Relations
What is the effect size of rs11100388 in Parkinson's disease?,"The effect size, or beta, of rs11100388 is 0.0812 according to the largest European genome-wide meta-analysis of Parkinson's disease (Nalls et al., 2019). However, effect sizes may varry accross different populations.",SNP Disease Relations
What is the effect size of rs362116 in Parkinson's disease?,"The effect size, or beta, of rs362116 is 0.0171 according to the largest European genome-wide meta-analysis of Parkinson's disease (Nalls et al., 2019). However, effect sizes may varry accross different populations.",SNP Disease Relations
What is the effect size of rs9463165 in Parkinson's disease?,"The effect size, or beta, of rs9463165 is 0.0378 according to the largest European genome-wide meta-analysis of Parkinson's disease (Nalls et al., 2019). However, effect sizes may varry accross different populations.",SNP Disease Relations
What is the effect size of rs34124897 in Parkinson's disease?,"The effect size, or beta, of rs34124897 is -0.0468 according to the largest European genome-wide meta-analysis of Parkinson's disease (Nalls et al., 2019). However, effect sizes may varry accross different populations.",SNP Disease Relations
What is the effect size of rs1490459 in Parkinson's disease?,"The effect size, or beta, of rs1490459 is 0.0166 according to the largest European genome-wide meta-analysis of Parkinson's disease (Nalls et al., 2019). However, effect sizes may varry accross different populations.",SNP Disease Relations
What is the effect size of rs11172722 in Parkinson's disease?,"The effect size, or beta, of rs11172722 is 0.0657 according to the largest European genome-wide meta-analysis of Parkinson's disease (Nalls et al., 2019). However, effect sizes may varry accross different populations.",SNP Disease Relations
What is the effect size of rs35670734 in Parkinson's disease?,"The effect size, or beta, of rs35670734 is -0.0066 according to the largest European genome-wide meta-analysis of Parkinson's disease (Nalls et al., 2019). However, effect sizes may varry accross different populations.",SNP Disease Relations
What is the effect size of rs7902125 in Parkinson's disease?,"The effect size, or beta, of rs7902125 is -0.0056 according to the largest European genome-wide meta-analysis of Parkinson's disease (Nalls et al., 2019). However, effect sizes may varry accross different populations.",SNP Disease Relations
What is the effect size of rs9389467 in Parkinson's disease?,"The effect size, or beta, of rs9389467 is 0.0438 according to the largest European genome-wide meta-analysis of Parkinson's disease (Nalls et al., 2019). However, effect sizes may varry accross different populations.",SNP Disease Relations
What is the effect size of rs146787172 in Parkinson's disease?,"The effect size, or beta, of rs146787172 is -0.0261 according to the largest European genome-wide meta-analysis of Parkinson's disease (Nalls et al., 2019). However, effect sizes may varry accross different populations.",SNP Disease Relations
What is the effect size of rs73875117 in Parkinson's disease?,"The effect size, or beta, of rs73875117 is -0.0194 according to the largest European genome-wide meta-analysis of Parkinson's disease (Nalls et al., 2019). However, effect sizes may varry accross different populations.",SNP Disease Relations
What is the effect size of rs117016929 in Parkinson's disease?,"The effect size, or beta, of rs117016929 is -0.0067 according to the largest European genome-wide meta-analysis of Parkinson's disease (Nalls et al., 2019). However, effect sizes may varry accross different populations.",SNP Disease Relations
What is the effect size of rs75287600 in Parkinson's disease?,"The effect size, or beta, of rs75287600 is -0.1042 according to the largest European genome-wide meta-analysis of Parkinson's disease (Nalls et al., 2019). However, effect sizes may varry accross different populations.",SNP Disease Relations
What is the effect size of rs75307211 in Parkinson's disease?,"The effect size, or beta, of rs75307211 is -0.0195 according to the largest European genome-wide meta-analysis of Parkinson's disease (Nalls et al., 2019). However, effect sizes may varry accross different populations.",SNP Disease Relations
What is the effect size of rs2722239 in Parkinson's disease?,"The effect size, or beta, of rs2722239 is -0.0387 according to the largest European genome-wide meta-analysis of Parkinson's disease (Nalls et al., 2019). However, effect sizes may varry accross different populations.",SNP Disease Relations
What is the effect size of rs34130864 in Parkinson's disease?,"The effect size, or beta, of rs34130864 is 0.0244 according to the largest European genome-wide meta-analysis of Parkinson's disease (Nalls et al., 2019). However, effect sizes may varry accross different populations.",SNP Disease Relations
What is the effect size of rs13188267 in Parkinson's disease?,"The effect size, or beta, of rs13188267 is -0.0255 according to the largest European genome-wide meta-analysis of Parkinson's disease (Nalls et al., 2019). However, effect sizes may varry accross different populations.",SNP Disease Relations
What is the effect size of rs7674462 in Parkinson's disease?,"The effect size, or beta, of rs7674462 is 0.0097 according to the largest European genome-wide meta-analysis of Parkinson's disease (Nalls et al., 2019). However, effect sizes may varry accross different populations.",SNP Disease Relations
What is the effect size of rs9267980 in Parkinson's disease?,"The effect size, or beta, of rs9267980 is -0.0059 according to the largest European genome-wide meta-analysis of Parkinson's disease (Nalls et al., 2019). However, effect sizes may varry accross different populations.",SNP Disease Relations
What is the effect size of rs117399262 in Parkinson's disease?,"The effect size, or beta, of rs117399262 is 0.1062 according to the largest European genome-wide meta-analysis of Parkinson's disease (Nalls et al., 2019). However, effect sizes may varry accross different populations.",SNP Disease Relations
What is the effect size of rs8099192 in Parkinson's disease?,"The effect size, or beta, of rs8099192 is 0.0047 according to the largest European genome-wide meta-analysis of Parkinson's disease (Nalls et al., 2019). However, effect sizes may varry accross different populations.",SNP Disease Relations
What is the effect size of rs59124302 in Parkinson's disease?,"The effect size, or beta, of rs59124302 is 0.0551 according to the largest European genome-wide meta-analysis of Parkinson's disease (Nalls et al., 2019). However, effect sizes may varry accross different populations.",SNP Disease Relations
What is the effect size of rs8003038 in Parkinson's disease?,"The effect size, or beta, of rs8003038 is -0.0285 according to the largest European genome-wide meta-analysis of Parkinson's disease (Nalls et al., 2019). However, effect sizes may varry accross different populations.",SNP Disease Relations
What is the effect size of rs11070698 in Parkinson's disease?,"The effect size, or beta, of rs11070698 is -0.1044 according to the largest European genome-wide meta-analysis of Parkinson's disease (Nalls et al., 2019). However, effect sizes may varry accross different populations.",SNP Disease Relations
What is the effect size of rs2477717 in Parkinson's disease?,"The effect size, or beta, of rs2477717 is -0.0888 according to the largest European genome-wide meta-analysis of Parkinson's disease (Nalls et al., 2019). However, effect sizes may varry accross different populations.",SNP Disease Relations
What is the effect size of rs1880551 in Parkinson's disease?,"The effect size, or beta, of rs1880551 is -0.025 according to the largest European genome-wide meta-analysis of Parkinson's disease (Nalls et al., 2019). However, effect sizes may varry accross different populations.",SNP Disease Relations
What is the effect size of rs6497099 in Parkinson's disease?,"The effect size, or beta, of rs6497099 is 0.0266 according to the largest European genome-wide meta-analysis of Parkinson's disease (Nalls et al., 2019). However, effect sizes may varry accross different populations.",SNP Disease Relations
What is the effect size of rs112016107 in Parkinson's disease?,"The effect size, or beta, of rs112016107 is 0.0444 according to the largest European genome-wide meta-analysis of Parkinson's disease (Nalls et al., 2019). However, effect sizes may varry accross different populations.",SNP Disease Relations
What is the effect size of rs9608546 in Parkinson's disease?,"The effect size, or beta, of rs9608546 is -0.0025 according to the largest European genome-wide meta-analysis of Parkinson's disease (Nalls et al., 2019). However, effect sizes may varry accross different populations.",SNP Disease Relations
What is the effect size of rs7981996 in Parkinson's disease?,"The effect size, or beta, of rs7981996 is -0.0039 according to the largest European genome-wide meta-analysis of Parkinson's disease (Nalls et al., 2019). However, effect sizes may varry accross different populations.",SNP Disease Relations
What is the effect size of rs73195844 in Parkinson's disease?,"The effect size, or beta, of rs73195844 is 0.0115 according to the largest European genome-wide meta-analysis of Parkinson's disease (Nalls et al., 2019). However, effect sizes may varry accross different populations.",SNP Disease Relations
What is the effect size of rs10027524 in Parkinson's disease?,"The effect size, or beta, of rs10027524 is 0.0453 according to the largest European genome-wide meta-analysis of Parkinson's disease (Nalls et al., 2019). However, effect sizes may varry accross different populations.",SNP Disease Relations
What is the effect size of rs181115158 in Parkinson's disease?,"The effect size, or beta, of rs181115158 is 0.0159 according to the largest European genome-wide meta-analysis of Parkinson's disease (Nalls et al., 2019). However, effect sizes may varry accross different populations.",SNP Disease Relations
What is the effect size of rs13202911 in Parkinson's disease?,"The effect size, or beta, of rs13202911 is 0.0031 according to the largest European genome-wide meta-analysis of Parkinson's disease (Nalls et al., 2019). However, effect sizes may varry accross different populations.",SNP Disease Relations
What is the effect size of rs3825084 in Parkinson's disease?,"The effect size, or beta, of rs3825084 is -0.022 according to the largest European genome-wide meta-analysis of Parkinson's disease (Nalls et al., 2019). However, effect sizes may varry accross different populations.",SNP Disease Relations
What is the effect size of rs12202706 in Parkinson's disease?,"The effect size, or beta, of rs12202706 is 0.0279 according to the largest European genome-wide meta-analysis of Parkinson's disease (Nalls et al., 2019). However, effect sizes may varry accross different populations.",SNP Disease Relations
What is the effect size of rs10113359 in Parkinson's disease?,"The effect size, or beta, of rs10113359 is -0.0106 according to the largest European genome-wide meta-analysis of Parkinson's disease (Nalls et al., 2019). However, effect sizes may varry accross different populations.",SNP Disease Relations
What is the effect size of rs11685312 in Parkinson's disease?,"The effect size, or beta, of rs11685312 is -0.0609 according to the largest European genome-wide meta-analysis of Parkinson's disease (Nalls et al., 2019). However, effect sizes may varry accross different populations.",SNP Disease Relations
What is the effect size of rs5751684 in Parkinson's disease?,"The effect size, or beta, of rs5751684 is 0.0505 according to the largest European genome-wide meta-analysis of Parkinson's disease (Nalls et al., 2019). However, effect sizes may varry accross different populations.",SNP Disease Relations
What is the effect size of rs10124970 in Parkinson's disease?,"The effect size, or beta, of rs10124970 is 0.0398 according to the largest European genome-wide meta-analysis of Parkinson's disease (Nalls et al., 2019). However, effect sizes may varry accross different populations.",SNP Disease Relations
What is the effect size of rs3968756 in Parkinson's disease?,"The effect size, or beta, of rs3968756 is -0.0227 according to the largest European genome-wide meta-analysis of Parkinson's disease (Nalls et al., 2019). However, effect sizes may varry accross different populations.",SNP Disease Relations
What is the effect size of rs7792449 in Parkinson's disease?,"The effect size, or beta, of rs7792449 is 0.022 according to the largest European genome-wide meta-analysis of Parkinson's disease (Nalls et al., 2019). However, effect sizes may varry accross different populations.",SNP Disease Relations
What is the effect size of rs17366825 in Parkinson's disease?,"The effect size, or beta, of rs17366825 is 0.0025 according to the largest European genome-wide meta-analysis of Parkinson's disease (Nalls et al., 2019). However, effect sizes may varry accross different populations.",SNP Disease Relations
What is the effect size of rs1037333 in Parkinson's disease?,"The effect size, or beta, of rs1037333 is -0.0119 according to the largest European genome-wide meta-analysis of Parkinson's disease (Nalls et al., 2019). However, effect sizes may varry accross different populations.",SNP Disease Relations
What is the effect size of rs72773686 in Parkinson's disease?,"The effect size, or beta, of rs72773686 is -0.0218 according to the largest European genome-wide meta-analysis of Parkinson's disease (Nalls et al., 2019). However, effect sizes may varry accross different populations.",SNP Disease Relations
What is the effect size of rs8010289 in Parkinson's disease?,"The effect size, or beta, of rs8010289 is 0.0015 according to the largest European genome-wide meta-analysis of Parkinson's disease (Nalls et al., 2019). However, effect sizes may varry accross different populations.",SNP Disease Relations
What is the effect size of rs11706123 in Parkinson's disease?,"The effect size, or beta, of rs11706123 is 0.0335 according to the largest European genome-wide meta-analysis of Parkinson's disease (Nalls et al., 2019). However, effect sizes may varry accross different populations.",SNP Disease Relations
What is the effect size of rs77074463 in Parkinson's disease?,"The effect size, or beta, of rs77074463 is -0.0412 according to the largest European genome-wide meta-analysis of Parkinson's disease (Nalls et al., 2019). However, effect sizes may varry accross different populations.",SNP Disease Relations
What is the effect size of rs9258223 in Parkinson's disease?,"The effect size, or beta, of rs9258223 is -0.0139 according to the largest European genome-wide meta-analysis of Parkinson's disease (Nalls et al., 2019). However, effect sizes may varry accross different populations.",SNP Disease Relations
What is the effect size of rs144450459 in Parkinson's disease?,"The effect size, or beta, of rs144450459 is 0.0511 according to the largest European genome-wide meta-analysis of Parkinson's disease (Nalls et al., 2019). However, effect sizes may varry accross different populations.",SNP Disease Relations
What is the effect size of rs146262462 in Parkinson's disease?,"The effect size, or beta, of rs146262462 is -0.157 according to the largest European genome-wide meta-analysis of Parkinson's disease (Nalls et al., 2019). However, effect sizes may varry accross different populations.",SNP Disease Relations
What is the effect size of rs6548902 in Parkinson's disease?,"The effect size, or beta, of rs6548902 is -0.0644 according to the largest European genome-wide meta-analysis of Parkinson's disease (Nalls et al., 2019). However, effect sizes may varry accross different populations.",SNP Disease Relations
What is the effect size of rs235912 in Parkinson's disease?,"The effect size, or beta, of rs235912 is -0.0041 according to the largest European genome-wide meta-analysis of Parkinson's disease (Nalls et al., 2019). However, effect sizes may varry accross different populations.",SNP Disease Relations
What is the effect size of rs75488969 in Parkinson's disease?,"The effect size, or beta, of rs75488969 is -0.0036 according to the largest European genome-wide meta-analysis of Parkinson's disease (Nalls et al., 2019). However, effect sizes may varry accross different populations.",SNP Disease Relations
What is the effect size of rs12670348 in Parkinson's disease?,"The effect size, or beta, of rs12670348 is 0.0269 according to the largest European genome-wide meta-analysis of Parkinson's disease (Nalls et al., 2019). However, effect sizes may varry accross different populations.",SNP Disease Relations
What is the effect size of rs111734474 in Parkinson's disease?,"The effect size, or beta, of rs111734474 is -0.0303 according to the largest European genome-wide meta-analysis of Parkinson's disease (Nalls et al., 2019). However, effect sizes may varry accross different populations.",SNP Disease Relations
What is the effect size of rs12770745 in Parkinson's disease?,"The effect size, or beta, of rs12770745 is 0.0826 according to the largest European genome-wide meta-analysis of Parkinson's disease (Nalls et al., 2019). However, effect sizes may varry accross different populations.",SNP Disease Relations
What is the effect size of rs1396529 in Parkinson's disease?,"The effect size, or beta, of rs1396529 is 0.0058 according to the largest European genome-wide meta-analysis of Parkinson's disease (Nalls et al., 2019). However, effect sizes may varry accross different populations.",SNP Disease Relations
What is the effect size of rs28661429 in Parkinson's disease?,"The effect size, or beta, of rs28661429 is -0.0108 according to the largest European genome-wide meta-analysis of Parkinson's disease (Nalls et al., 2019). However, effect sizes may varry accross different populations.",SNP Disease Relations
What is the effect size of rs2819737 in Parkinson's disease?,"The effect size, or beta, of rs2819737 is -0.0562 according to the largest European genome-wide meta-analysis of Parkinson's disease (Nalls et al., 2019). However, effect sizes may varry accross different populations.",SNP Disease Relations
What is the effect size of rs61999023 in Parkinson's disease?,"The effect size, or beta, of rs61999023 is -0.0031 according to the largest European genome-wide meta-analysis of Parkinson's disease (Nalls et al., 2019). However, effect sizes may varry accross different populations.",SNP Disease Relations
What is the effect size of rs34377385 in Parkinson's disease?,"The effect size, or beta, of rs34377385 is -0.0033 according to the largest European genome-wide meta-analysis of Parkinson's disease (Nalls et al., 2019). However, effect sizes may varry accross different populations.",SNP Disease Relations
What is the effect size of rs12744388 in Parkinson's disease?,"The effect size, or beta, of rs12744388 is 0.0198 according to the largest European genome-wide meta-analysis of Parkinson's disease (Nalls et al., 2019). However, effect sizes may varry accross different populations.",SNP Disease Relations
What is the effect size of rs142336835 in Parkinson's disease?,"The effect size, or beta, of rs142336835 is -0.0024 according to the largest European genome-wide meta-analysis of Parkinson's disease (Nalls et al., 2019). However, effect sizes may varry accross different populations.",SNP Disease Relations
What is the effect size of rs7120255 in Parkinson's disease?,"The effect size, or beta, of rs7120255 is 0.0154 according to the largest European genome-wide meta-analysis of Parkinson's disease (Nalls et al., 2019). However, effect sizes may varry accross different populations.",SNP Disease Relations
What is the effect size of rs62024780 in Parkinson's disease?,"The effect size, or beta, of rs62024780 is 0.0692 according to the largest European genome-wide meta-analysis of Parkinson's disease (Nalls et al., 2019). However, effect sizes may varry accross different populations.",SNP Disease Relations
What is the effect size of rs149770331 in Parkinson's disease?,"The effect size, or beta, of rs149770331 is 0.0306 according to the largest European genome-wide meta-analysis of Parkinson's disease (Nalls et al., 2019). However, effect sizes may varry accross different populations.",SNP Disease Relations
What is the effect size of rs12921483 in Parkinson's disease?,"The effect size, or beta, of rs12921483 is 0.0061 according to the largest European genome-wide meta-analysis of Parkinson's disease (Nalls et al., 2019). However, effect sizes may varry accross different populations.",SNP Disease Relations
What is the effect size of rs6538799 in Parkinson's disease?,"The effect size, or beta, of rs6538799 is -0.0163 according to the largest European genome-wide meta-analysis of Parkinson's disease (Nalls et al., 2019). However, effect sizes may varry accross different populations.",SNP Disease Relations
What is the effect size of rs4851946 in Parkinson's disease?,"The effect size, or beta, of rs4851946 is 0.0119 according to the largest European genome-wide meta-analysis of Parkinson's disease (Nalls et al., 2019). However, effect sizes may varry accross different populations.",SNP Disease Relations
What is the effect size of rs4327677 in Parkinson's disease?,"The effect size, or beta, of rs4327677 is 0.0012 according to the largest European genome-wide meta-analysis of Parkinson's disease (Nalls et al., 2019). However, effect sizes may varry accross different populations.",SNP Disease Relations
What is the effect size of rs41279908 in Parkinson's disease?,"The effect size, or beta, of rs41279908 is 0.0066 according to the largest European genome-wide meta-analysis of Parkinson's disease (Nalls et al., 2019). However, effect sizes may varry accross different populations.",SNP Disease Relations
What is the effect size of rs10006324 in Parkinson's disease?,"The effect size, or beta, of rs10006324 is 0.0161 according to the largest European genome-wide meta-analysis of Parkinson's disease (Nalls et al., 2019). However, effect sizes may varry accross different populations.",SNP Disease Relations
What is the effect size of rs6903219 in Parkinson's disease?,"The effect size, or beta, of rs6903219 is 0.0211 according to the largest European genome-wide meta-analysis of Parkinson's disease (Nalls et al., 2019). However, effect sizes may varry accross different populations.",SNP Disease Relations
What is the effect size of rs72939216 in Parkinson's disease?,"The effect size, or beta, of rs72939216 is 0.0088 according to the largest European genome-wide meta-analysis of Parkinson's disease (Nalls et al., 2019). However, effect sizes may varry accross different populations.",SNP Disease Relations
What is the effect size of rs117428864 in Parkinson's disease?,"The effect size, or beta, of rs117428864 is 0.0736 according to the largest European genome-wide meta-analysis of Parkinson's disease (Nalls et al., 2019). However, effect sizes may varry accross different populations.",SNP Disease Relations
What is the effect size of rs4639266 in Parkinson's disease?,"The effect size, or beta, of rs4639266 is -0.0341 according to the largest European genome-wide meta-analysis of Parkinson's disease (Nalls et al., 2019). However, effect sizes may varry accross different populations.",SNP Disease Relations
What is the effect size of rs75679157 in Parkinson's disease?,"The effect size, or beta, of rs75679157 is 0.1522 according to the largest European genome-wide meta-analysis of Parkinson's disease (Nalls et al., 2019). However, effect sizes may varry accross different populations.",SNP Disease Relations
What is the effect size of rs2141258 in Parkinson's disease?,"The effect size, or beta, of rs2141258 is 0.0069 according to the largest European genome-wide meta-analysis of Parkinson's disease (Nalls et al., 2019). However, effect sizes may varry accross different populations.",SNP Disease Relations
What is the effect size of rs57168702 in Parkinson's disease?,"The effect size, or beta, of rs57168702 is -0.0736 according to the largest European genome-wide meta-analysis of Parkinson's disease (Nalls et al., 2019). However, effect sizes may varry accross different populations.",SNP Disease Relations
What is the effect size of rs3814210 in Parkinson's disease?,"The effect size, or beta, of rs3814210 is -0.0042 according to the largest European genome-wide meta-analysis of Parkinson's disease (Nalls et al., 2019). However, effect sizes may varry accross different populations.",SNP Disease Relations
What is the effect size of rs1346311 in Parkinson's disease?,"The effect size, or beta, of rs1346311 is -0.0238 according to the largest European genome-wide meta-analysis of Parkinson's disease (Nalls et al., 2019). However, effect sizes may varry accross different populations.",SNP Disease Relations
What is the effect size of rs72749369 in Parkinson's disease?,"The effect size, or beta, of rs72749369 is 0.1008 according to the largest European genome-wide meta-analysis of Parkinson's disease (Nalls et al., 2019). However, effect sizes may varry accross different populations.",SNP Disease Relations
What is the effect size of rs112272038 in Parkinson's disease?,"The effect size, or beta, of rs112272038 is 0.0091 according to the largest European genome-wide meta-analysis of Parkinson's disease (Nalls et al., 2019). However, effect sizes may varry accross different populations.",SNP Disease Relations
What is the effect size of rs2610900 in Parkinson's disease?,"The effect size, or beta, of rs2610900 is -0.0111 according to the largest European genome-wide meta-analysis of Parkinson's disease (Nalls et al., 2019). However, effect sizes may varry accross different populations.",SNP Disease Relations
What is the effect size of rs10739689 in Parkinson's disease?,"The effect size, or beta, of rs10739689 is 0.0099 according to the largest European genome-wide meta-analysis of Parkinson's disease (Nalls et al., 2019). However, effect sizes may varry accross different populations.",SNP Disease Relations
What is the effect size of rs10812073 in Parkinson's disease?,"The effect size, or beta, of rs10812073 is 0.0135 according to the largest European genome-wide meta-analysis of Parkinson's disease (Nalls et al., 2019). However, effect sizes may varry accross different populations.",SNP Disease Relations
What is the effect size of rs536422 in Parkinson's disease?,"The effect size, or beta, of rs536422 is -0.0186 according to the largest European genome-wide meta-analysis of Parkinson's disease (Nalls et al., 2019). However, effect sizes may varry accross different populations.",SNP Disease Relations
What is the effect size of rs73214372 in Parkinson's disease?,"The effect size, or beta, of rs73214372 is -0.0467 according to the largest European genome-wide meta-analysis of Parkinson's disease (Nalls et al., 2019). However, effect sizes may varry accross different populations.",SNP Disease Relations
What is the effect size of rs75662793 in Parkinson's disease?,"The effect size, or beta, of rs75662793 is 0.128 according to the largest European genome-wide meta-analysis of Parkinson's disease (Nalls et al., 2019). However, effect sizes may varry accross different populations.",SNP Disease Relations
What is the effect size of rs12952096 in Parkinson's disease?,"The effect size, or beta, of rs12952096 is -0.0359 according to the largest European genome-wide meta-analysis of Parkinson's disease (Nalls et al., 2019). However, effect sizes may varry accross different populations.",SNP Disease Relations
What is the effect size of rs28515616 in Parkinson's disease?,"The effect size, or beta, of rs28515616 is -0.0582 according to the largest European genome-wide meta-analysis of Parkinson's disease (Nalls et al., 2019). However, effect sizes may varry accross different populations.",SNP Disease Relations
What is the effect size of rs56220506 in Parkinson's disease?,"The effect size, or beta, of rs56220506 is -0.0098 according to the largest European genome-wide meta-analysis of Parkinson's disease (Nalls et al., 2019). However, effect sizes may varry accross different populations.",SNP Disease Relations
What is the effect size of rs73211445 in Parkinson's disease?,"The effect size, or beta, of rs73211445 is -0.0337 according to the largest European genome-wide meta-analysis of Parkinson's disease (Nalls et al., 2019). However, effect sizes may varry accross different populations.",SNP Disease Relations
What is the effect size of rs9314755 in Parkinson's disease?,"The effect size, or beta, of rs9314755 is 0.0255 according to the largest European genome-wide meta-analysis of Parkinson's disease (Nalls et al., 2019). However, effect sizes may varry accross different populations.",SNP Disease Relations
What is the effect size of rs192349985 in Parkinson's disease?,"The effect size, or beta, of rs192349985 is -0.1121 according to the largest European genome-wide meta-analysis of Parkinson's disease (Nalls et al., 2019). However, effect sizes may varry accross different populations.",SNP Disease Relations
What is the effect size of rs646725 in Parkinson's disease?,"The effect size, or beta, of rs646725 is -0.0024 according to the largest European genome-wide meta-analysis of Parkinson's disease (Nalls et al., 2019). However, effect sizes may varry accross different populations.",SNP Disease Relations
What is the effect size of rs117107116 in Parkinson's disease?,"The effect size, or beta, of rs117107116 is -0.0354 according to the largest European genome-wide meta-analysis of Parkinson's disease (Nalls et al., 2019). However, effect sizes may varry accross different populations.",SNP Disease Relations
What is the effect size of rs75855207 in Parkinson's disease?,"The effect size, or beta, of rs75855207 is 0.0006 according to the largest European genome-wide meta-analysis of Parkinson's disease (Nalls et al., 2019). However, effect sizes may varry accross different populations.",SNP Disease Relations
What is the effect size of rs7572368 in Parkinson's disease?,"The effect size, or beta, of rs7572368 is -0.012 according to the largest European genome-wide meta-analysis of Parkinson's disease (Nalls et al., 2019). However, effect sizes may varry accross different populations.",SNP Disease Relations
What is the effect size of rs13044559 in Parkinson's disease?,"The effect size, or beta, of rs13044559 is 0.0156 according to the largest European genome-wide meta-analysis of Parkinson's disease (Nalls et al., 2019). However, effect sizes may varry accross different populations.",SNP Disease Relations
What is the effect size of rs6949867 in Parkinson's disease?,"The effect size, or beta, of rs6949867 is -0.0451 according to the largest European genome-wide meta-analysis of Parkinson's disease (Nalls et al., 2019). However, effect sizes may varry accross different populations.",SNP Disease Relations
What is the effect size of rs111567952 in Parkinson's disease?,"The effect size, or beta, of rs111567952 is 0.0545 according to the largest European genome-wide meta-analysis of Parkinson's disease (Nalls et al., 2019). However, effect sizes may varry accross different populations.",SNP Disease Relations
What is the effect size of rs62127003 in Parkinson's disease?,"The effect size, or beta, of rs62127003 is 0.0163 according to the largest European genome-wide meta-analysis of Parkinson's disease (Nalls et al., 2019). However, effect sizes may varry accross different populations.",SNP Disease Relations
What is the effect size of rs12655995 in Parkinson's disease?,"The effect size, or beta, of rs12655995 is 0.0214 according to the largest European genome-wide meta-analysis of Parkinson's disease (Nalls et al., 2019). However, effect sizes may varry accross different populations.",SNP Disease Relations
What is the effect size of rs2521470 in Parkinson's disease?,"The effect size, or beta, of rs2521470 is -0.0296 according to the largest European genome-wide meta-analysis of Parkinson's disease (Nalls et al., 2019). However, effect sizes may varry accross different populations.",SNP Disease Relations
What is the effect size of rs73146838 in Parkinson's disease?,"The effect size, or beta, of rs73146838 is -0.0232 according to the largest European genome-wide meta-analysis of Parkinson's disease (Nalls et al., 2019). However, effect sizes may varry accross different populations.",SNP Disease Relations
What is the effect size of rs6865298 in Parkinson's disease?,"The effect size, or beta, of rs6865298 is 0.0242 according to the largest European genome-wide meta-analysis of Parkinson's disease (Nalls et al., 2019). However, effect sizes may varry accross different populations.",SNP Disease Relations
What is the effect size of rs3794517 in Parkinson's disease?,"The effect size, or beta, of rs3794517 is 0.0442 according to the largest European genome-wide meta-analysis of Parkinson's disease (Nalls et al., 2019). However, effect sizes may varry accross different populations.",SNP Disease Relations
What is the effect size of rs76513761 in Parkinson's disease?,"The effect size, or beta, of rs76513761 is -0.0522 according to the largest European genome-wide meta-analysis of Parkinson's disease (Nalls et al., 2019). However, effect sizes may varry accross different populations.",SNP Disease Relations
What is the effect size of rs150738179 in Parkinson's disease?,"The effect size, or beta, of rs150738179 is 0.0175 according to the largest European genome-wide meta-analysis of Parkinson's disease (Nalls et al., 2019). However, effect sizes may varry accross different populations.",SNP Disease Relations
What is the effect size of rs117103023 in Parkinson's disease?,"The effect size, or beta, of rs117103023 is 0.0684 according to the largest European genome-wide meta-analysis of Parkinson's disease (Nalls et al., 2019). However, effect sizes may varry accross different populations.",SNP Disease Relations
What is the effect size of rs11863061 in Parkinson's disease?,"The effect size, or beta, of rs11863061 is -0.0023 according to the largest European genome-wide meta-analysis of Parkinson's disease (Nalls et al., 2019). However, effect sizes may varry accross different populations.",SNP Disease Relations
What is the effect size of rs10410822 in Parkinson's disease?,"The effect size, or beta, of rs10410822 is -0.0131 according to the largest European genome-wide meta-analysis of Parkinson's disease (Nalls et al., 2019). However, effect sizes may varry accross different populations.",SNP Disease Relations
What is the effect size of rs310178 in Parkinson's disease?,"The effect size, or beta, of rs310178 is -0.014 according to the largest European genome-wide meta-analysis of Parkinson's disease (Nalls et al., 2019). However, effect sizes may varry accross different populations.",SNP Disease Relations
What is the effect size of rs6721763 in Parkinson's disease?,"The effect size, or beta, of rs6721763 is -0.0023 according to the largest European genome-wide meta-analysis of Parkinson's disease (Nalls et al., 2019). However, effect sizes may varry accross different populations.",SNP Disease Relations
What is the effect size of rs4706273 in Parkinson's disease?,"The effect size, or beta, of rs4706273 is 0.0754 according to the largest European genome-wide meta-analysis of Parkinson's disease (Nalls et al., 2019). However, effect sizes may varry accross different populations.",SNP Disease Relations
What is the effect size of rs17296210 in Parkinson's disease?,"The effect size, or beta, of rs17296210 is 0.032 according to the largest European genome-wide meta-analysis of Parkinson's disease (Nalls et al., 2019). However, effect sizes may varry accross different populations.",SNP Disease Relations
What is the effect size of rs12637508 in Parkinson's disease?,"The effect size, or beta, of rs12637508 is -0.033 according to the largest European genome-wide meta-analysis of Parkinson's disease (Nalls et al., 2019). However, effect sizes may varry accross different populations.",SNP Disease Relations
What is the effect size of rs13111317 in Parkinson's disease?,"The effect size, or beta, of rs13111317 is -0.0019 according to the largest European genome-wide meta-analysis of Parkinson's disease (Nalls et al., 2019). However, effect sizes may varry accross different populations.",SNP Disease Relations
What is the effect size of rs72760581 in Parkinson's disease?,"The effect size, or beta, of rs72760581 is -0.0236 according to the largest European genome-wide meta-analysis of Parkinson's disease (Nalls et al., 2019). However, effect sizes may varry accross different populations.",SNP Disease Relations
What is the effect size of rs13030241 in Parkinson's disease?,"The effect size, or beta, of rs13030241 is -0.0512 according to the largest European genome-wide meta-analysis of Parkinson's disease (Nalls et al., 2019). However, effect sizes may varry accross different populations.",SNP Disease Relations
What is the effect size of rs11237212 in Parkinson's disease?,"The effect size, or beta, of rs11237212 is 0.005 according to the largest European genome-wide meta-analysis of Parkinson's disease (Nalls et al., 2019). However, effect sizes may varry accross different populations.",SNP Disease Relations
What is the effect size of rs8028351 in Parkinson's disease?,"The effect size, or beta, of rs8028351 is -0.0093 according to the largest European genome-wide meta-analysis of Parkinson's disease (Nalls et al., 2019). However, effect sizes may varry accross different populations.",SNP Disease Relations
What is the effect size of rs13113803 in Parkinson's disease?,"The effect size, or beta, of rs13113803 is -0.0129 according to the largest European genome-wide meta-analysis of Parkinson's disease (Nalls et al., 2019). However, effect sizes may varry accross different populations.",SNP Disease Relations
What is the effect size of rs9365558 in Parkinson's disease?,"The effect size, or beta, of rs9365558 is 0.0176 according to the largest European genome-wide meta-analysis of Parkinson's disease (Nalls et al., 2019). However, effect sizes may varry accross different populations.",SNP Disease Relations
What is the effect size of rs74847129 in Parkinson's disease?,"The effect size, or beta, of rs74847129 is 0.0163 according to the largest European genome-wide meta-analysis of Parkinson's disease (Nalls et al., 2019). However, effect sizes may varry accross different populations.",SNP Disease Relations
What is the effect size of rs61921697 in Parkinson's disease?,"The effect size, or beta, of rs61921697 is -0.0011 according to the largest European genome-wide meta-analysis of Parkinson's disease (Nalls et al., 2019). However, effect sizes may varry accross different populations.",SNP Disease Relations
What is the effect size of rs4982688 in Parkinson's disease?,"The effect size, or beta, of rs4982688 is -0.0013 according to the largest European genome-wide meta-analysis of Parkinson's disease (Nalls et al., 2019). However, effect sizes may varry accross different populations.",SNP Disease Relations
What is the effect size of rs2279783 in Parkinson's disease?,"The effect size, or beta, of rs2279783 is 0.0054 according to the largest European genome-wide meta-analysis of Parkinson's disease (Nalls et al., 2019). However, effect sizes may varry accross different populations.",SNP Disease Relations
What is the effect size of rs2327925 in Parkinson's disease?,"The effect size, or beta, of rs2327925 is -0.0727 according to the largest European genome-wide meta-analysis of Parkinson's disease (Nalls et al., 2019). However, effect sizes may varry accross different populations.",SNP Disease Relations
What is the effect size of rs12593621 in Parkinson's disease?,"The effect size, or beta, of rs12593621 is 0.1049 according to the largest European genome-wide meta-analysis of Parkinson's disease (Nalls et al., 2019). However, effect sizes may varry accross different populations.",SNP Disease Relations
What is the effect size of rs61359548 in Parkinson's disease?,"The effect size, or beta, of rs61359548 is 0.0229 according to the largest European genome-wide meta-analysis of Parkinson's disease (Nalls et al., 2019). However, effect sizes may varry accross different populations.",SNP Disease Relations
What is the effect size of rs147681455 in Parkinson's disease?,"The effect size, or beta, of rs147681455 is 0.1096 according to the largest European genome-wide meta-analysis of Parkinson's disease (Nalls et al., 2019). However, effect sizes may varry accross different populations.",SNP Disease Relations
What is the effect size of rs149440462 in Parkinson's disease?,"The effect size, or beta, of rs149440462 is 0.0301 according to the largest European genome-wide meta-analysis of Parkinson's disease (Nalls et al., 2019). However, effect sizes may varry accross different populations.",SNP Disease Relations
What is the effect size of rs6062514 in Parkinson's disease?,"The effect size, or beta, of rs6062514 is -0.0199 according to the largest European genome-wide meta-analysis of Parkinson's disease (Nalls et al., 2019). However, effect sizes may varry accross different populations.",SNP Disease Relations
What is the effect size of rs139596513 in Parkinson's disease?,"The effect size, or beta, of rs139596513 is 0.0157 according to the largest European genome-wide meta-analysis of Parkinson's disease (Nalls et al., 2019). However, effect sizes may varry accross different populations.",SNP Disease Relations
What is the effect size of rs80321898 in Parkinson's disease?,"The effect size, or beta, of rs80321898 is 0.011 according to the largest European genome-wide meta-analysis of Parkinson's disease (Nalls et al., 2019). However, effect sizes may varry accross different populations.",SNP Disease Relations
What is the effect size of rs1187850 in Parkinson's disease?,"The effect size, or beta, of rs1187850 is 0.0302 according to the largest European genome-wide meta-analysis of Parkinson's disease (Nalls et al., 2019). However, effect sizes may varry accross different populations.",SNP Disease Relations
What is the effect size of rs12967041 in Parkinson's disease?,"The effect size, or beta, of rs12967041 is -0.0569 according to the largest European genome-wide meta-analysis of Parkinson's disease (Nalls et al., 2019). However, effect sizes may varry accross different populations.",SNP Disease Relations
What is the effect size of rs12986955 in Parkinson's disease?,"The effect size, or beta, of rs12986955 is 0.0055 according to the largest European genome-wide meta-analysis of Parkinson's disease (Nalls et al., 2019). However, effect sizes may varry accross different populations.",SNP Disease Relations
What is the effect size of rs13019678 in Parkinson's disease?,"The effect size, or beta, of rs13019678 is -0.0026 according to the largest European genome-wide meta-analysis of Parkinson's disease (Nalls et al., 2019). However, effect sizes may varry accross different populations.",SNP Disease Relations
What is the effect size of rs113358599 in Parkinson's disease?,"The effect size, or beta, of rs113358599 is -0.0426 according to the largest European genome-wide meta-analysis of Parkinson's disease (Nalls et al., 2019). However, effect sizes may varry accross different populations.",SNP Disease Relations
What is the effect size of rs12029938 in Parkinson's disease?,"The effect size, or beta, of rs12029938 is -0.0406 according to the largest European genome-wide meta-analysis of Parkinson's disease (Nalls et al., 2019). However, effect sizes may varry accross different populations.",SNP Disease Relations
What is the effect size of rs4730978 in Parkinson's disease?,"The effect size, or beta, of rs4730978 is -0.0134 according to the largest European genome-wide meta-analysis of Parkinson's disease (Nalls et al., 2019). However, effect sizes may varry accross different populations.",SNP Disease Relations
How many SNPs are genome-wide significant in chr8 for Parkinson's disease?,"There are 27 SNPs that are genome-wide significant (p-value < 5E-8) within chr8 in the largest European genome-wide meta-analysis of Parkinson's disease (Nalls et al., 2019). Here are the top 10: rs620490: (GWAS P-value: 6.46e-10), rs34096562: (GWAS P-value: 8.42e-10), rs635475: (GWAS P-value: 2.04e-09), rs622311: (GWAS P-value: 2.04e-09), rs9644642: (GWAS P-value: 2.14e-09), rs620513: (GWAS P-value: 2.14e-09), rs498421: (GWAS P-value: 2.36e-09), rs665980: (GWAS P-value: 2.51e-09), rs589518: (GWAS P-value: 2.69e-09), rs535283: (GWAS P-value: 2.83e-09)",SNP Disease Relations; Genomic Location
How many SNPs are genome-wide significant in chr11 for Parkinson's disease?,"There are 17 SNPs that are genome-wide significant (p-value < 5E-8) within chr11 in the largest European genome-wide meta-analysis of Parkinson's disease (Nalls et al., 2019). Here are the top 10: rs329647: (GWAS P-value: 1.94e-10), rs329648: (GWAS P-value: 3.37e-10), rs329652: (GWAS P-value: 5.03e-10), rs510306: (GWAS P-value: 5.44e-10), rs10894761: (GWAS P-value: 1.57e-09), rs329653: (GWAS P-value: 1.72e-09), rs10791337: (GWAS P-value: 1.21e-08), rs10444323: (GWAS P-value: 1.36e-08), rs10894767: (GWAS P-value: 1.37e-08), rs11223616: (GWAS P-value: 1.52e-08)",SNP Disease Relations; Genomic Location
How many SNPs are genome-wide significant in chr16 for Parkinson's disease?,"There are 72 SNPs that are genome-wide significant (p-value < 5E-8) within chr16 in the largest European genome-wide meta-analysis of Parkinson's disease (Nalls et al., 2019). Here are the top 10: rs12934900: (GWAS P-value: 4.33e-11), rs8052245: (GWAS P-value: 9.75e-11), rs8050588: (GWAS P-value: 1.62e-10), rs12924903: (GWAS P-value: 1.66e-10), rs12930545: (GWAS P-value: 1.76e-10), rs1458202: (GWAS P-value: 1.78e-10), rs4889571: (GWAS P-value: 1.89e-10), rs11150600: (GWAS P-value: 1.93e-10), rs34873012: (GWAS P-value: 1.97e-10), rs10782002: (GWAS P-value: 1.97e-10)",SNP Disease Relations; Genomic Location
How many SNPs are genome-wide significant in chr15 for Parkinson's disease?,"There are 2 SNPs that are genome-wide significant (p-value < 5E-8) within chr15 in the largest European genome-wide meta-analysis of Parkinson's disease (Nalls et al., 2019): rs4774417: (GWAS P-value: 4.63e-08), rs4341693: (GWAS P-value: 4.73e-08)",SNP Disease Relations; Genomic Location
How many SNPs are genome-wide significant in chr17 for Parkinson's disease?,"There are 2400 SNPs that are genome-wide significant (p-value < 5E-8) within chr17 in the largest European genome-wide meta-analysis of Parkinson's disease (Nalls et al., 2019). Here are the top 10: rs58879558: (GWAS P-value: 1.36e-21), rs568850733: (GWAS P-value: 1.70e-21), rs556323004: (GWAS P-value: 1.71e-21), rs567744882: (GWAS P-value: 1.71e-21), rs566458560: (GWAS P-value: 1.72e-21), rs553779720: (GWAS P-value: 1.76e-21), rs577620178: (GWAS P-value: 1.77e-21), rs543124303: (GWAS P-value: 1.80e-21), rs533125554: (GWAS P-value: 1.88e-21), rs527778993: (GWAS P-value: 1.88e-21)",SNP Disease Relations; Genomic Location
How many SNPs are genome-wide significant in chr10 for Parkinson's disease?,"There are 4 SNPs that are genome-wide significant (p-value < 5E-8) within chr10 in the largest European genome-wide meta-analysis of Parkinson's disease (Nalls et al., 2019): rs144814361: (GWAS P-value: 9.07e-11), rs117896735: (GWAS P-value: 2.83e-10), rs188789342: (GWAS P-value: 8.49e-10), rs118117788: (GWAS P-value: 1.33e-09)",SNP Disease Relations; Genomic Location
How many SNPs are genome-wide significant in chr6 for Parkinson's disease?,"There are 30 SNPs that are genome-wide significant (p-value < 5E-8) within chr6 in the largest European genome-wide meta-analysis of Parkinson's disease (Nalls et al., 2019). Here are the top 10: rs35265698: (GWAS P-value: 3.93e-11), rs3104413: (GWAS P-value: 4.92e-11), rs2760985: (GWAS P-value: 5.34e-11), rs35118762: (GWAS P-value: 6.03e-11), rs34855541: (GWAS P-value: 6.93e-11), rs34350244: (GWAS P-value: 7.76e-11), rs34928543: (GWAS P-value: 8.86e-11), rs35294087: (GWAS P-value: 8.87e-11), rs34647096: (GWAS P-value: 9.29e-11), rs687308: (GWAS P-value: 1.02e-10)",SNP Disease Relations; Genomic Location
How many SNPs are genome-wide significant in chr18 for Parkinson's disease?,"There are 3 SNPs that are genome-wide significant (p-value < 5E-8) within chr18 in the largest European genome-wide meta-analysis of Parkinson's disease (Nalls et al., 2019): rs4588066: (GWAS P-value: 4.45e-09), rs12456492: (GWAS P-value: 4.89e-09), rs4130047: (GWAS P-value: 9.06e-09)",SNP Disease Relations; Genomic Location
How many SNPs are genome-wide significant in chr1 for Parkinson's disease?,"There are 33 SNPs that are genome-wide significant (p-value < 5E-8) within chr1 in the largest European genome-wide meta-analysis of Parkinson's disease (Nalls et al., 2019). Here are the top 10: rs35749011: (GWAS P-value: 5.02e-30), rs12752133: (GWAS P-value: 4.11e-29), rs2230288: (GWAS P-value: 3.06e-28), rs12742181: (GWAS P-value: 1.72e-27), rs12726330: (GWAS P-value: 2.21e-27), rs145330152: (GWAS P-value: 1.19e-26), rs35682329: (GWAS P-value: 1.73e-26), rs71628662: (GWAS P-value: 2.01e-26), rs12734374: (GWAS P-value: 8.20e-25), rs35603727: (GWAS P-value: 9.46e-18)",SNP Disease Relations; Genomic Location
How many SNPs are genome-wide significant in chr5 for Parkinson's disease?,"There are 124 SNPs that are genome-wide significant (p-value < 5E-8) within chr5 in the largest European genome-wide meta-analysis of Parkinson's disease (Nalls et al., 2019). Here are the top 10: rs75646569: (GWAS P-value: 5.62e-13), rs158700: (GWAS P-value: 6.56e-13), rs158699: (GWAS P-value: 6.90e-13), rs158696: (GWAS P-value: 7.03e-13), rs158697: (GWAS P-value: 7.04e-13), rs9291702: (GWAS P-value: 8.61e-13), rs1867598: (GWAS P-value: 8.74e-13), rs6862622: (GWAS P-value: 1.77e-12), rs113306887: (GWAS P-value: 1.79e-12), rs6863749: (GWAS P-value: 1.79e-12)",SNP Disease Relations; Genomic Location
How many SNPs are genome-wide significant in chr12 for Parkinson's disease?,"There are 7 SNPs that are genome-wide significant (p-value < 5E-8) within chr12 in the largest European genome-wide meta-analysis of Parkinson's disease (Nalls et al., 2019): rs10847864: (GWAS P-value: 9.81e-13), rs10847839: (GWAS P-value: 1.28e-12), rs75505347: (GWAS P-value: 6.12e-09), rs12817488: (GWAS P-value: 7.11e-09), rs1491942: (GWAS P-value: 7.48e-09), rs76904798: (GWAS P-value: 9.22e-09), rs2263418: (GWAS P-value: 3.34e-08)",SNP Disease Relations; Genomic Location
How many SNPs are genome-wide significant in chr4 for Parkinson's disease?,"There are 586 SNPs that are genome-wide significant (p-value < 5E-8) within chr4 in the largest European genome-wide meta-analysis of Parkinson's disease (Nalls et al., 2019). Here are the top 10: rs356203: (GWAS P-value: 3.01e-41), rs356219: (GWAS P-value: 3.47e-41), rs356220: (GWAS P-value: 3.92e-41), rs356215: (GWAS P-value: 1.01e-36), rs356182: (GWAS P-value: 9.41e-34), rs356225: (GWAS P-value: 2.51e-32), rs356221: (GWAS P-value: 2.52e-32), rs356204: (GWAS P-value: 2.87e-32), rs189596: (GWAS P-value: 4.29e-32), rs356200: (GWAS P-value: 5.61e-32)",SNP Disease Relations; Genomic Location
How many SNPs are genome-wide significant in chr3 for Parkinson's disease?,"There are 31 SNPs that are genome-wide significant (p-value < 5E-8) within chr3 in the largest European genome-wide meta-analysis of Parkinson's disease (Nalls et al., 2019). Here are the top 10: rs10513789: (GWAS P-value: 3.19e-13), rs12637471: (GWAS P-value: 4.30e-13), rs9858038: (GWAS P-value: 9.51e-13), rs34822404: (GWAS P-value: 1.05e-12), rs9290750: (GWAS P-value: 1.09e-12), rs10937108: (GWAS P-value: 1.21e-12), rs2292056: (GWAS P-value: 1.21e-12), rs9877655: (GWAS P-value: 1.16e-11), rs9290751: (GWAS P-value: 2.48e-11), rs9879377: (GWAS P-value: 2.74e-11)",SNP Disease Relations; Genomic Location
How many SNPs are genome-wide significant in chr2 for Parkinson's disease?,"There are 23 SNPs that are genome-wide significant (p-value < 5E-8) within chr2 in the largest European genome-wide meta-analysis of Parkinson's disease (Nalls et al., 2019). Here are the top 10: rs4613239: (GWAS P-value: 6.22e-13), rs12987123: (GWAS P-value: 7.23e-13), rs1474055: (GWAS P-value: 1.14e-12), rs2102808: (GWAS P-value: 1.19e-12), rs6741007: (GWAS P-value: 2.09e-12), rs6430538: (GWAS P-value: 2.57e-12), rs7599054: (GWAS P-value: 2.80e-12), rs1955337: (GWAS P-value: 7.41e-12), rs6751833: (GWAS P-value: 9.38e-12), rs6753334: (GWAS P-value: 1.05e-11)",SNP Disease Relations; Genomic Location
How many SNPs are genome-wide significant in chr7 for Parkinson's disease?,"There are 51 SNPs that are genome-wide significant (p-value < 5E-8) within chr7 in the largest European genome-wide meta-analysis of Parkinson's disease (Nalls et al., 2019). Here are the top 10: rs858295: (GWAS P-value: 3.83e-09), rs466225: (GWAS P-value: 4.28e-09), rs858290: (GWAS P-value: 4.44e-09), rs858300: (GWAS P-value: 4.50e-09), rs858289: (GWAS P-value: 4.62e-09), rs858279: (GWAS P-value: 4.88e-09), rs1637221: (GWAS P-value: 5.45e-09), rs858306: (GWAS P-value: 5.77e-09), rs858305: (GWAS P-value: 6.52e-09), rs1618339: (GWAS P-value: 6.73e-09)",SNP Disease Relations; Genomic Location
What is the allele frequency of the SNP rs9815646 in an Alzheimer's disease study within a European cohort?,"According to the largest European genome-wide meta-analysis of Alzheimer's disease (Bellenguez, 2022), single nucleotide polymorphism rs9815646 has an effect allele G frequency of 0.004 and non-effect allele T frequency of 0.996.",SNP Disease Relations
What is the allele frequency of the SNP rs151322660 in an Alzheimer's disease study within a European cohort?,"According to the largest European genome-wide meta-analysis of Alzheimer's disease (Bellenguez, 2022), single nucleotide polymorphism rs151322660 has an effect allele G frequency of 0.0195 and non-effect allele A frequency of 0.9805.",SNP Disease Relations
What is the allele frequency of the SNP rs190790826 in an Alzheimer's disease study within a European cohort?,"According to the largest European genome-wide meta-analysis of Alzheimer's disease (Bellenguez, 2022), single nucleotide polymorphism rs190790826 has an effect allele G frequency of 0.0025 and non-effect allele A frequency of 0.9975.",SNP Disease Relations
What is the allele frequency of the SNP rs894728132 in an Alzheimer's disease study within a European cohort?,"According to the largest European genome-wide meta-analysis of Alzheimer's disease (Bellenguez, 2022), single nucleotide polymorphism rs894728132 has an effect allele G frequency of 0.0006 and non-effect allele A frequency of 0.9994.",SNP Disease Relations
What is the allele frequency of the SNP rs902803095 in an Alzheimer's disease study within a European cohort?,"According to the largest European genome-wide meta-analysis of Alzheimer's disease (Bellenguez, 2022), single nucleotide polymorphism rs902803095 has an effect allele T frequency of 0.0003 and non-effect allele C frequency of 0.9997.",SNP Disease Relations
What is the allele frequency of the SNP rs540358009 in an Alzheimer's disease study within a European cohort?,"According to the largest European genome-wide meta-analysis of Alzheimer's disease (Bellenguez, 2022), single nucleotide polymorphism rs540358009 has an effect allele A frequency of 0.0028 and non-effect allele T frequency of 0.9972.",SNP Disease Relations
What is the allele frequency of the SNP rs28738743 in an Alzheimer's disease study within a European cohort?,"According to the largest European genome-wide meta-analysis of Alzheimer's disease (Bellenguez, 2022), single nucleotide polymorphism rs28738743 has an effect allele C frequency of 0.079 and non-effect allele T frequency of 0.921.",SNP Disease Relations
What is the allele frequency of the SNP rs543022689 in an Alzheimer's disease study within a European cohort?,"According to the largest European genome-wide meta-analysis of Alzheimer's disease (Bellenguez, 2022), single nucleotide polymorphism rs543022689 has an effect allele T frequency of 0.0004 and non-effect allele C frequency of 0.9996.",SNP Disease Relations
What is the allele frequency of the SNP rs562087958 in an Alzheimer's disease study within a European cohort?,"According to the largest European genome-wide meta-analysis of Alzheimer's disease (Bellenguez, 2022), single nucleotide polymorphism rs562087958 has an effect allele T frequency of 0.0004 and non-effect allele C frequency of 0.9996.",SNP Disease Relations
What is the allele frequency of the SNP rs546023236 in an Alzheimer's disease study within a European cohort?,"According to the largest European genome-wide meta-analysis of Alzheimer's disease (Bellenguez, 2022), single nucleotide polymorphism rs546023236 has an effect allele G frequency of 0.0005 and non-effect allele A frequency of 0.9995.",SNP Disease Relations
What is the allele frequency of the SNP rs539999176 in an Alzheimer's disease study within a European cohort?,"According to the largest European genome-wide meta-analysis of Alzheimer's disease (Bellenguez, 2022), single nucleotide polymorphism rs539999176 has an effect allele A frequency of 0.0007 and non-effect allele G frequency of 0.9993.",SNP Disease Relations
What is the allele frequency of the SNP rs76523286 in an Alzheimer's disease study within a European cohort?,"According to the largest European genome-wide meta-analysis of Alzheimer's disease (Bellenguez, 2022), single nucleotide polymorphism rs76523286 has an effect allele T frequency of 0.0507 and non-effect allele C frequency of 0.9493.",SNP Disease Relations
What is the allele frequency of the SNP rs4422154 in an Alzheimer's disease study within a European cohort?,"According to the largest European genome-wide meta-analysis of Alzheimer's disease (Bellenguez, 2022), single nucleotide polymorphism rs4422154 has an effect allele T frequency of 0.1432 and non-effect allele C frequency of 0.8568.",SNP Disease Relations
What is the allele frequency of the SNP rs538716816 in an Alzheimer's disease study within a European cohort?,"According to the largest European genome-wide meta-analysis of Alzheimer's disease (Bellenguez, 2022), single nucleotide polymorphism rs538716816 has an effect allele C frequency of 0.0008 and non-effect allele CTT frequency of 0.9992.",SNP Disease Relations
What is the allele frequency of the SNP rs117985641 in an Alzheimer's disease study within a European cohort?,"According to the largest European genome-wide meta-analysis of Alzheimer's disease (Bellenguez, 2022), single nucleotide polymorphism rs117985641 has an effect allele C frequency of 0.0214 and non-effect allele T frequency of 0.9786.",SNP Disease Relations
What is the allele frequency of the SNP rs150962724 in an Alzheimer's disease study within a European cohort?,"According to the largest European genome-wide meta-analysis of Alzheimer's disease (Bellenguez, 2022), single nucleotide polymorphism rs150962724 has an effect allele A frequency of 0.0011 and non-effect allele G frequency of 0.9989.",SNP Disease Relations
What is the allele frequency of the SNP rs164806 in an Alzheimer's disease study within a European cohort?,"According to the largest European genome-wide meta-analysis of Alzheimer's disease (Bellenguez, 2022), single nucleotide polymorphism rs164806 has an effect allele C frequency of 0.0348 and non-effect allele T frequency of 0.9652.",SNP Disease Relations
What is the allele frequency of the SNP rs72956131 in an Alzheimer's disease study within a European cohort?,"According to the largest European genome-wide meta-analysis of Alzheimer's disease (Bellenguez, 2022), single nucleotide polymorphism rs72956131 has an effect allele G frequency of 0.0028 and non-effect allele A frequency of 0.9972.",SNP Disease Relations
What is the allele frequency of the SNP rs2088794 in an Alzheimer's disease study within a European cohort?,"According to the largest European genome-wide meta-analysis of Alzheimer's disease (Bellenguez, 2022), single nucleotide polymorphism rs2088794 has an effect allele A frequency of 0.2037 and non-effect allele C frequency of 0.7963.",SNP Disease Relations
What is the allele frequency of the SNP rs562996996 in an Alzheimer's disease study within a European cohort?,"According to the largest European genome-wide meta-analysis of Alzheimer's disease (Bellenguez, 2022), single nucleotide polymorphism rs562996996 has an effect allele G frequency of 0.0007 and non-effect allele T frequency of 0.9993.",SNP Disease Relations
What is the allele frequency of the SNP rs79888022 in an Alzheimer's disease study within a European cohort?,"According to the largest European genome-wide meta-analysis of Alzheimer's disease (Bellenguez, 2022), single nucleotide polymorphism rs79888022 has an effect allele T frequency of 0.0018 and non-effect allele C frequency of 0.9982.",SNP Disease Relations
What is the allele frequency of the SNP rs144253917 in an Alzheimer's disease study within a European cohort?,"According to the largest European genome-wide meta-analysis of Alzheimer's disease (Bellenguez, 2022), single nucleotide polymorphism rs144253917 has an effect allele A frequency of 0.0108 and non-effect allele G frequency of 0.9892.",SNP Disease Relations
What is the allele frequency of the SNP rs112339126 in an Alzheimer's disease study within a European cohort?,"According to the largest European genome-wide meta-analysis of Alzheimer's disease (Bellenguez, 2022), single nucleotide polymorphism rs112339126 has an effect allele T frequency of 0.0093 and non-effect allele G frequency of 0.9907.",SNP Disease Relations
What is the allele frequency of the SNP rs77800661 in an Alzheimer's disease study within a European cohort?,"According to the largest European genome-wide meta-analysis of Alzheimer's disease (Bellenguez, 2022), single nucleotide polymorphism rs77800661 has an effect allele T frequency of 0.0007 and non-effect allele C frequency of 0.9993.",SNP Disease Relations
What is the allele frequency of the SNP rs11045500 in an Alzheimer's disease study within a European cohort?,"According to the largest European genome-wide meta-analysis of Alzheimer's disease (Bellenguez, 2022), single nucleotide polymorphism rs11045500 has an effect allele G frequency of 0.3704 and non-effect allele A frequency of 0.6296.",SNP Disease Relations
What is the allele frequency of the SNP rs56148575 in an Alzheimer's disease study within a European cohort?,"According to the largest European genome-wide meta-analysis of Alzheimer's disease (Bellenguez, 2022), single nucleotide polymorphism rs56148575 has an effect allele A frequency of 0.1389 and non-effect allele G frequency of 0.8611.",SNP Disease Relations
What is the allele frequency of the SNP rs9359430 in an Alzheimer's disease study within a European cohort?,"According to the largest European genome-wide meta-analysis of Alzheimer's disease (Bellenguez, 2022), single nucleotide polymorphism rs9359430 has an effect allele A frequency of 0.167 and non-effect allele G frequency of 0.833.",SNP Disease Relations
What is the allele frequency of the SNP rs144671251 in an Alzheimer's disease study within a European cohort?,"According to the largest European genome-wide meta-analysis of Alzheimer's disease (Bellenguez, 2022), single nucleotide polymorphism rs144671251 has an effect allele C frequency of 0.0123 and non-effect allele G frequency of 0.9877.",SNP Disease Relations
What is the allele frequency of the SNP rs551888895 in an Alzheimer's disease study within a European cohort?,"According to the largest European genome-wide meta-analysis of Alzheimer's disease (Bellenguez, 2022), single nucleotide polymorphism rs551888895 has an effect allele C frequency of 0.0009 and non-effect allele T frequency of 0.9991.",SNP Disease Relations
What is the allele frequency of the SNP rs1546492 in an Alzheimer's disease study within a European cohort?,"According to the largest European genome-wide meta-analysis of Alzheimer's disease (Bellenguez, 2022), single nucleotide polymorphism rs1546492 has an effect allele T frequency of 0.1581 and non-effect allele G frequency of 0.8419.",SNP Disease Relations
What is the allele frequency of the SNP rs7329666 in an Alzheimer's disease study within a European cohort?,"According to the largest European genome-wide meta-analysis of Alzheimer's disease (Bellenguez, 2022), single nucleotide polymorphism rs7329666 has an effect allele A frequency of 0.0208 and non-effect allele G frequency of 0.9792.",SNP Disease Relations
What is the allele frequency of the SNP rs757101479 in an Alzheimer's disease study within a European cohort?,"According to the largest European genome-wide meta-analysis of Alzheimer's disease (Bellenguez, 2022), single nucleotide polymorphism rs757101479 has an effect allele T frequency of 0.0007 and non-effect allele C frequency of 0.9993.",SNP Disease Relations
What is the allele frequency of the SNP rs34153084 in an Alzheimer's disease study within a European cohort?,"According to the largest European genome-wide meta-analysis of Alzheimer's disease (Bellenguez, 2022), single nucleotide polymorphism rs34153084 has an effect allele T frequency of 0.3501 and non-effect allele TG frequency of 0.6499.",SNP Disease Relations
What is the allele frequency of the SNP rs139137850 in an Alzheimer's disease study within a European cohort?,"According to the largest European genome-wide meta-analysis of Alzheimer's disease (Bellenguez, 2022), single nucleotide polymorphism rs139137850 has an effect allele T frequency of 0.0009 and non-effect allele C frequency of 0.9991.",SNP Disease Relations
What is the allele frequency of the SNP rs74956698 in an Alzheimer's disease study within a European cohort?,"According to the largest European genome-wide meta-analysis of Alzheimer's disease (Bellenguez, 2022), single nucleotide polymorphism rs74956698 has an effect allele T frequency of 0.0011 and non-effect allele G frequency of 0.9989.",SNP Disease Relations
What is the allele frequency of the SNP rs560799584 in an Alzheimer's disease study within a European cohort?,"According to the largest European genome-wide meta-analysis of Alzheimer's disease (Bellenguez, 2022), single nucleotide polymorphism rs560799584 has an effect allele A frequency of 0.0013 and non-effect allele G frequency of 0.9987.",SNP Disease Relations
What is the allele frequency of the SNP rs2477753 in an Alzheimer's disease study within a European cohort?,"According to the largest European genome-wide meta-analysis of Alzheimer's disease (Bellenguez, 2022), single nucleotide polymorphism rs2477753 has an effect allele T frequency of 0.065 and non-effect allele G frequency of 0.935.",SNP Disease Relations
What is the allele frequency of the SNP rs945332212 in an Alzheimer's disease study within a European cohort?,"According to the largest European genome-wide meta-analysis of Alzheimer's disease (Bellenguez, 2022), single nucleotide polymorphism rs945332212 has an effect allele C frequency of 0.0004 and non-effect allele T frequency of 0.9996.",SNP Disease Relations
What is the allele frequency of the SNP rs190049115 in an Alzheimer's disease study within a European cohort?,"According to the largest European genome-wide meta-analysis of Alzheimer's disease (Bellenguez, 2022), single nucleotide polymorphism rs190049115 has an effect allele C frequency of 0.0075 and non-effect allele T frequency of 0.9925.",SNP Disease Relations
What is the allele frequency of the SNP rs60586672 in an Alzheimer's disease study within a European cohort?,"According to the largest European genome-wide meta-analysis of Alzheimer's disease (Bellenguez, 2022), single nucleotide polymorphism rs60586672 has an effect allele G frequency of 0.0024 and non-effect allele T frequency of 0.9976.",SNP Disease Relations
What is the allele frequency of the SNP rs6791338 in an Alzheimer's disease study within a European cohort?,"According to the largest European genome-wide meta-analysis of Alzheimer's disease (Bellenguez, 2022), single nucleotide polymorphism rs6791338 has an effect allele C frequency of 0.3225 and non-effect allele G frequency of 0.6775.",SNP Disease Relations
What is the allele frequency of the SNP rs532584297 in an Alzheimer's disease study within a European cohort?,"According to the largest European genome-wide meta-analysis of Alzheimer's disease (Bellenguez, 2022), single nucleotide polymorphism rs532584297 has an effect allele G frequency of 0.001 and non-effect allele A frequency of 0.999.",SNP Disease Relations
What is the allele frequency of the SNP rs185520343 in an Alzheimer's disease study within a European cohort?,"According to the largest European genome-wide meta-analysis of Alzheimer's disease (Bellenguez, 2022), single nucleotide polymorphism rs185520343 has an effect allele C frequency of 0.0003 and non-effect allele A frequency of 0.9997.",SNP Disease Relations
What is the allele frequency of the SNP rs559676234 in an Alzheimer's disease study within a European cohort?,"According to the largest European genome-wide meta-analysis of Alzheimer's disease (Bellenguez, 2022), single nucleotide polymorphism rs559676234 has an effect allele C frequency of 0.0017 and non-effect allele T frequency of 0.9983.",SNP Disease Relations
What is the allele frequency of the SNP rs567200133 in an Alzheimer's disease study within a European cohort?,"According to the largest European genome-wide meta-analysis of Alzheimer's disease (Bellenguez, 2022), single nucleotide polymorphism rs567200133 has an effect allele TTACC frequency of 0.0015 and non-effect allele T frequency of 0.9985.",SNP Disease Relations
What is the allele frequency of the SNP rs790722 in an Alzheimer's disease study within a European cohort?,"According to the largest European genome-wide meta-analysis of Alzheimer's disease (Bellenguez, 2022), single nucleotide polymorphism rs790722 has an effect allele T frequency of 0.0895 and non-effect allele G frequency of 0.9105.",SNP Disease Relations
What is the allele frequency of the SNP rs1807136 in an Alzheimer's disease study within a European cohort?,"According to the largest European genome-wide meta-analysis of Alzheimer's disease (Bellenguez, 2022), single nucleotide polymorphism rs1807136 has an effect allele A frequency of 0.0538 and non-effect allele C frequency of 0.9462.",SNP Disease Relations
What is the allele frequency of the SNP rs181769093 in an Alzheimer's disease study within a European cohort?,"According to the largest European genome-wide meta-analysis of Alzheimer's disease (Bellenguez, 2022), single nucleotide polymorphism rs181769093 has an effect allele T frequency of 0.0003 and non-effect allele C frequency of 0.9997.",SNP Disease Relations
What is the allele frequency of the SNP rs2985385 in an Alzheimer's disease study within a European cohort?,"According to the largest European genome-wide meta-analysis of Alzheimer's disease (Bellenguez, 2022), single nucleotide polymorphism rs2985385 has an effect allele G frequency of 0.2072 and non-effect allele A frequency of 0.7928.",SNP Disease Relations
What is the allele frequency of the SNP rs567457757 in an Alzheimer's disease study within a European cohort?,"According to the largest European genome-wide meta-analysis of Alzheimer's disease (Bellenguez, 2022), single nucleotide polymorphism rs567457757 has an effect allele G frequency of 0.0004 and non-effect allele A frequency of 0.9996.",SNP Disease Relations
What is the allele frequency of the SNP rs559492223 in an Alzheimer's disease study within a European cohort?,"According to the largest European genome-wide meta-analysis of Alzheimer's disease (Bellenguez, 2022), single nucleotide polymorphism rs559492223 has an effect allele A frequency of 0.0008 and non-effect allele G frequency of 0.9992.",SNP Disease Relations
What is the allele frequency of the SNP rs72707637 in an Alzheimer's disease study within a European cohort?,"According to the largest European genome-wide meta-analysis of Alzheimer's disease (Bellenguez, 2022), single nucleotide polymorphism rs72707637 has an effect allele C frequency of 0.2888 and non-effect allele T frequency of 0.7112.",SNP Disease Relations
What is the allele frequency of the SNP rs116273131 in an Alzheimer's disease study within a European cohort?,"According to the largest European genome-wide meta-analysis of Alzheimer's disease (Bellenguez, 2022), single nucleotide polymorphism rs116273131 has an effect allele C frequency of 0.0009 and non-effect allele G frequency of 0.9991.",SNP Disease Relations
What is the allele frequency of the SNP rs74045660 in an Alzheimer's disease study within a European cohort?,"According to the largest European genome-wide meta-analysis of Alzheimer's disease (Bellenguez, 2022), single nucleotide polymorphism rs74045660 has an effect allele T frequency of 0.0015 and non-effect allele C frequency of 0.9985.",SNP Disease Relations
What is the allele frequency of the SNP rs10742613 in an Alzheimer's disease study within a European cohort?,"According to the largest European genome-wide meta-analysis of Alzheimer's disease (Bellenguez, 2022), single nucleotide polymorphism rs10742613 has an effect allele C frequency of 0.193 and non-effect allele G frequency of 0.807.",SNP Disease Relations
What is the allele frequency of the SNP rs6707038 in an Alzheimer's disease study within a European cohort?,"According to the largest European genome-wide meta-analysis of Alzheimer's disease (Bellenguez, 2022), single nucleotide polymorphism rs6707038 has an effect allele G frequency of 0.4472 and non-effect allele A frequency of 0.5528.",SNP Disease Relations
What is the allele frequency of the SNP rs78268790 in an Alzheimer's disease study within a European cohort?,"According to the largest European genome-wide meta-analysis of Alzheimer's disease (Bellenguez, 2022), single nucleotide polymorphism rs78268790 has an effect allele A frequency of 0.0034 and non-effect allele G frequency of 0.9966.",SNP Disease Relations
What is the allele frequency of the SNP rs762592747 in an Alzheimer's disease study within a European cohort?,"According to the largest European genome-wide meta-analysis of Alzheimer's disease (Bellenguez, 2022), single nucleotide polymorphism rs762592747 has an effect allele T frequency of 0.0003 and non-effect allele TTTTA frequency of 0.9997.",SNP Disease Relations
What is the allele frequency of the SNP rs59268194 in an Alzheimer's disease study within a European cohort?,"According to the largest European genome-wide meta-analysis of Alzheimer's disease (Bellenguez, 2022), single nucleotide polymorphism rs59268194 has an effect allele T frequency of 0.0244 and non-effect allele A frequency of 0.9756.",SNP Disease Relations
What is the allele frequency of the SNP rs190164918 in an Alzheimer's disease study within a European cohort?,"According to the largest European genome-wide meta-analysis of Alzheimer's disease (Bellenguez, 2022), single nucleotide polymorphism rs190164918 has an effect allele C frequency of 0.0043 and non-effect allele G frequency of 0.9957.",SNP Disease Relations
What is the allele frequency of the SNP rs545107847 in an Alzheimer's disease study within a European cohort?,"According to the largest European genome-wide meta-analysis of Alzheimer's disease (Bellenguez, 2022), single nucleotide polymorphism rs545107847 has an effect allele T frequency of 0.0012 and non-effect allele A frequency of 0.9988.",SNP Disease Relations
What is the allele frequency of the SNP rs539118504 in an Alzheimer's disease study within a European cohort?,"According to the largest European genome-wide meta-analysis of Alzheimer's disease (Bellenguez, 2022), single nucleotide polymorphism rs539118504 has an effect allele A frequency of 0.002 and non-effect allele C frequency of 0.998.",SNP Disease Relations
What is the allele frequency of the SNP rs184595739 in an Alzheimer's disease study within a European cohort?,"According to the largest European genome-wide meta-analysis of Alzheimer's disease (Bellenguez, 2022), single nucleotide polymorphism rs184595739 has an effect allele T frequency of 0.0062 and non-effect allele C frequency of 0.9938.",SNP Disease Relations
What is the allele frequency of the SNP rs7839381 in an Alzheimer's disease study within a European cohort?,"According to the largest European genome-wide meta-analysis of Alzheimer's disease (Bellenguez, 2022), single nucleotide polymorphism rs7839381 has an effect allele T frequency of 0.2438 and non-effect allele C frequency of 0.7562.",SNP Disease Relations
What is the allele frequency of the SNP rs192909594 in an Alzheimer's disease study within a European cohort?,"According to the largest European genome-wide meta-analysis of Alzheimer's disease (Bellenguez, 2022), single nucleotide polymorphism rs192909594 has an effect allele G frequency of 0.0041 and non-effect allele A frequency of 0.9959.",SNP Disease Relations
What is the allele frequency of the SNP rs11714129 in an Alzheimer's disease study within a European cohort?,"According to the largest European genome-wide meta-analysis of Alzheimer's disease (Bellenguez, 2022), single nucleotide polymorphism rs11714129 has an effect allele C frequency of 0.3692 and non-effect allele T frequency of 0.6308.",SNP Disease Relations
What is the allele frequency of the SNP rs7695624 in an Alzheimer's disease study within a European cohort?,"According to the largest European genome-wide meta-analysis of Alzheimer's disease (Bellenguez, 2022), single nucleotide polymorphism rs7695624 has an effect allele C frequency of 0.2336 and non-effect allele G frequency of 0.7664.",SNP Disease Relations
What is the allele frequency of the SNP rs833708 in an Alzheimer's disease study within a European cohort?,"According to the largest European genome-wide meta-analysis of Alzheimer's disease (Bellenguez, 2022), single nucleotide polymorphism rs833708 has an effect allele C frequency of 0.0311 and non-effect allele T frequency of 0.9689.",SNP Disease Relations
What is the allele frequency of the SNP rs76083769 in an Alzheimer's disease study within a European cohort?,"According to the largest European genome-wide meta-analysis of Alzheimer's disease (Bellenguez, 2022), single nucleotide polymorphism rs76083769 has an effect allele C frequency of 0.0539 and non-effect allele T frequency of 0.9461.",SNP Disease Relations
What is the allele frequency of the SNP rs116936657 in an Alzheimer's disease study within a European cohort?,"According to the largest European genome-wide meta-analysis of Alzheimer's disease (Bellenguez, 2022), single nucleotide polymorphism rs116936657 has an effect allele G frequency of 0.0012 and non-effect allele A frequency of 0.9988.",SNP Disease Relations
What is the allele frequency of the SNP rs4464382 in an Alzheimer's disease study within a European cohort?,"According to the largest European genome-wide meta-analysis of Alzheimer's disease (Bellenguez, 2022), single nucleotide polymorphism rs4464382 has an effect allele T frequency of 0.4116 and non-effect allele C frequency of 0.5884.",SNP Disease Relations
What is the allele frequency of the SNP rs185504970 in an Alzheimer's disease study within a European cohort?,"According to the largest European genome-wide meta-analysis of Alzheimer's disease (Bellenguez, 2022), single nucleotide polymorphism rs185504970 has an effect allele C frequency of 0.0015 and non-effect allele T frequency of 0.9985.",SNP Disease Relations
What is the allele frequency of the SNP rs12486098 in an Alzheimer's disease study within a European cohort?,"According to the largest European genome-wide meta-analysis of Alzheimer's disease (Bellenguez, 2022), single nucleotide polymorphism rs12486098 has an effect allele G frequency of 0.4802 and non-effect allele A frequency of 0.5198.",SNP Disease Relations
What is the allele frequency of the SNP rs12995261 in an Alzheimer's disease study within a European cohort?,"According to the largest European genome-wide meta-analysis of Alzheimer's disease (Bellenguez, 2022), single nucleotide polymorphism rs12995261 has an effect allele G frequency of 0.4302 and non-effect allele A frequency of 0.5698.",SNP Disease Relations
What is the allele frequency of the SNP rs75163242 in an Alzheimer's disease study within a European cohort?,"According to the largest European genome-wide meta-analysis of Alzheimer's disease (Bellenguez, 2022), single nucleotide polymorphism rs75163242 has an effect allele G frequency of 0.0011 and non-effect allele A frequency of 0.9989.",SNP Disease Relations
What is the allele frequency of the SNP rs80337270 in an Alzheimer's disease study within a European cohort?,"According to the largest European genome-wide meta-analysis of Alzheimer's disease (Bellenguez, 2022), single nucleotide polymorphism rs80337270 has an effect allele G frequency of 0.0022 and non-effect allele A frequency of 0.9978.",SNP Disease Relations
What is the allele frequency of the SNP rs1821675 in an Alzheimer's disease study within a European cohort?,"According to the largest European genome-wide meta-analysis of Alzheimer's disease (Bellenguez, 2022), single nucleotide polymorphism rs1821675 has an effect allele T frequency of 0.4335 and non-effect allele C frequency of 0.5665.",SNP Disease Relations
What is the allele frequency of the SNP rs2812212 in an Alzheimer's disease study within a European cohort?,"According to the largest European genome-wide meta-analysis of Alzheimer's disease (Bellenguez, 2022), single nucleotide polymorphism rs2812212 has an effect allele G frequency of 0.4577 and non-effect allele A frequency of 0.5423.",SNP Disease Relations
What is the allele frequency of the SNP rs761680332 in an Alzheimer's disease study within a European cohort?,"According to the largest European genome-wide meta-analysis of Alzheimer's disease (Bellenguez, 2022), single nucleotide polymorphism rs761680332 has an effect allele C frequency of 0.0008 and non-effect allele CT frequency of 0.9992.",SNP Disease Relations
What is the allele frequency of the SNP rs72653986 in an Alzheimer's disease study within a European cohort?,"According to the largest European genome-wide meta-analysis of Alzheimer's disease (Bellenguez, 2022), single nucleotide polymorphism rs72653986 has an effect allele C frequency of 0.2307 and non-effect allele T frequency of 0.7693.",SNP Disease Relations
What is the allele frequency of the SNP rs62113970 in an Alzheimer's disease study within a European cohort?,"According to the largest European genome-wide meta-analysis of Alzheimer's disease (Bellenguez, 2022), single nucleotide polymorphism rs62113970 has an effect allele G frequency of 0.1825 and non-effect allele T frequency of 0.8175.",SNP Disease Relations
What is the allele frequency of the SNP rs146849323 in an Alzheimer's disease study within a European cohort?,"According to the largest European genome-wide meta-analysis of Alzheimer's disease (Bellenguez, 2022), single nucleotide polymorphism rs146849323 has an effect allele A frequency of 0.0089 and non-effect allele T frequency of 0.9911.",SNP Disease Relations
What is the allele frequency of the SNP rs187933223 in an Alzheimer's disease study within a European cohort?,"According to the largest European genome-wide meta-analysis of Alzheimer's disease (Bellenguez, 2022), single nucleotide polymorphism rs187933223 has an effect allele G frequency of 0.0025 and non-effect allele A frequency of 0.9975.",SNP Disease Relations
What is the allele frequency of the SNP rs188849810 in an Alzheimer's disease study within a European cohort?,"According to the largest European genome-wide meta-analysis of Alzheimer's disease (Bellenguez, 2022), single nucleotide polymorphism rs188849810 has an effect allele T frequency of 0.0007 and non-effect allele C frequency of 0.9993.",SNP Disease Relations
What is the allele frequency of the SNP rs138126448 in an Alzheimer's disease study within a European cohort?,"According to the largest European genome-wide meta-analysis of Alzheimer's disease (Bellenguez, 2022), single nucleotide polymorphism rs138126448 has an effect allele T frequency of 0.0037 and non-effect allele C frequency of 0.9963.",SNP Disease Relations
What is the allele frequency of the SNP rs12443863 in an Alzheimer's disease study within a European cohort?,"According to the largest European genome-wide meta-analysis of Alzheimer's disease (Bellenguez, 2022), single nucleotide polymorphism rs12443863 has an effect allele C frequency of 0.3506 and non-effect allele G frequency of 0.6494.",SNP Disease Relations
What is the allele frequency of the SNP rs72611532 in an Alzheimer's disease study within a European cohort?,"According to the largest European genome-wide meta-analysis of Alzheimer's disease (Bellenguez, 2022), single nucleotide polymorphism rs72611532 has an effect allele T frequency of 0.1225 and non-effect allele C frequency of 0.8775.",SNP Disease Relations
What is the allele frequency of the SNP rs76849061 in an Alzheimer's disease study within a European cohort?,"According to the largest European genome-wide meta-analysis of Alzheimer's disease (Bellenguez, 2022), single nucleotide polymorphism rs76849061 has an effect allele T frequency of 0.0005 and non-effect allele C frequency of 0.9995.",SNP Disease Relations
What is the allele frequency of the SNP rs12935060 in an Alzheimer's disease study within a European cohort?,"According to the largest European genome-wide meta-analysis of Alzheimer's disease (Bellenguez, 2022), single nucleotide polymorphism rs12935060 has an effect allele T frequency of 0.2118 and non-effect allele C frequency of 0.7882.",SNP Disease Relations
What is the allele frequency of the SNP rs187013376 in an Alzheimer's disease study within a European cohort?,"According to the largest European genome-wide meta-analysis of Alzheimer's disease (Bellenguez, 2022), single nucleotide polymorphism rs187013376 has an effect allele C frequency of 0.0003 and non-effect allele T frequency of 0.9997.",SNP Disease Relations
What is the allele frequency of the SNP rs544371450 in an Alzheimer's disease study within a European cohort?,"According to the largest European genome-wide meta-analysis of Alzheimer's disease (Bellenguez, 2022), single nucleotide polymorphism rs544371450 has an effect allele C frequency of 0.0004 and non-effect allele T frequency of 0.9996.",SNP Disease Relations
What is the allele frequency of the SNP rs116403358 in an Alzheimer's disease study within a European cohort?,"According to the largest European genome-wide meta-analysis of Alzheimer's disease (Bellenguez, 2022), single nucleotide polymorphism rs116403358 has an effect allele C frequency of 0.0014 and non-effect allele T frequency of 0.9986.",SNP Disease Relations
What is the allele frequency of the SNP rs10860037 in an Alzheimer's disease study within a European cohort?,"According to the largest European genome-wide meta-analysis of Alzheimer's disease (Bellenguez, 2022), single nucleotide polymorphism rs10860037 has an effect allele C frequency of 0.0398 and non-effect allele T frequency of 0.9602.",SNP Disease Relations
What is the allele frequency of the SNP rs13080224 in an Alzheimer's disease study within a European cohort?,"According to the largest European genome-wide meta-analysis of Alzheimer's disease (Bellenguez, 2022), single nucleotide polymorphism rs13080224 has an effect allele G frequency of 0.455 and non-effect allele C frequency of 0.545.",SNP Disease Relations
What is the allele frequency of the SNP rs76125448 in an Alzheimer's disease study within a European cohort?,"According to the largest European genome-wide meta-analysis of Alzheimer's disease (Bellenguez, 2022), single nucleotide polymorphism rs76125448 has an effect allele T frequency of 0.0114 and non-effect allele C frequency of 0.9886.",SNP Disease Relations
What is the allele frequency of the SNP rs114591776 in an Alzheimer's disease study within a European cohort?,"According to the largest European genome-wide meta-analysis of Alzheimer's disease (Bellenguez, 2022), single nucleotide polymorphism rs114591776 has an effect allele G frequency of 0.001 and non-effect allele A frequency of 0.999.",SNP Disease Relations
What is the allele frequency of the SNP rs682252 in an Alzheimer's disease study within a European cohort?,"According to the largest European genome-wide meta-analysis of Alzheimer's disease (Bellenguez, 2022), single nucleotide polymorphism rs682252 has an effect allele A frequency of 0.2387 and non-effect allele G frequency of 0.7613.",SNP Disease Relations
What is the allele frequency of the SNP rs13265570 in an Alzheimer's disease study within a European cohort?,"According to the largest European genome-wide meta-analysis of Alzheimer's disease (Bellenguez, 2022), single nucleotide polymorphism rs13265570 has an effect allele A frequency of 0.1802 and non-effect allele G frequency of 0.8198.",SNP Disease Relations
What is the allele frequency of the SNP rs1106388 in an Alzheimer's disease study within a European cohort?,"According to the largest European genome-wide meta-analysis of Alzheimer's disease (Bellenguez, 2022), single nucleotide polymorphism rs1106388 has an effect allele C frequency of 0.2634 and non-effect allele T frequency of 0.7366.",SNP Disease Relations
What is the allele frequency of the SNP rs571472287 in an Alzheimer's disease study within a European cohort?,"According to the largest European genome-wide meta-analysis of Alzheimer's disease (Bellenguez, 2022), single nucleotide polymorphism rs571472287 has an effect allele T frequency of 0.0016 and non-effect allele C frequency of 0.9984.",SNP Disease Relations
What is the allele frequency of the SNP rs538566463 in an Alzheimer's disease study within a European cohort?,"According to the largest European genome-wide meta-analysis of Alzheimer's disease (Bellenguez, 2022), single nucleotide polymorphism rs538566463 has an effect allele A frequency of 0.001 and non-effect allele G frequency of 0.999.",SNP Disease Relations
What is the allele frequency of the SNP rs117471111 in an Alzheimer's disease study within a European cohort?,"According to the largest European genome-wide meta-analysis of Alzheimer's disease (Bellenguez, 2022), single nucleotide polymorphism rs117471111 has an effect allele C frequency of 0.0728 and non-effect allele T frequency of 0.9272.",SNP Disease Relations
What is the allele frequency of the SNP rs7949195 in an Alzheimer's disease study within a European cohort?,"According to the largest European genome-wide meta-analysis of Alzheimer's disease (Bellenguez, 2022), single nucleotide polymorphism rs7949195 has an effect allele C frequency of 0.0892 and non-effect allele T frequency of 0.9108.",SNP Disease Relations
What is the allele frequency of the SNP rs919278277 in an Alzheimer's disease study within a European cohort?,"According to the largest European genome-wide meta-analysis of Alzheimer's disease (Bellenguez, 2022), single nucleotide polymorphism rs919278277 has an effect allele C frequency of 0.0005 and non-effect allele G frequency of 0.9995.",SNP Disease Relations
What is the allele frequency of the SNP rs79370032 in an Alzheimer's disease study within a European cohort?,"According to the largest European genome-wide meta-analysis of Alzheimer's disease (Bellenguez, 2022), single nucleotide polymorphism rs79370032 has an effect allele A frequency of 0.0008 and non-effect allele G frequency of 0.9992.",SNP Disease Relations
What is the allele frequency of the SNP rs200727390 in an Alzheimer's disease study within a European cohort?,"According to the largest European genome-wide meta-analysis of Alzheimer's disease (Bellenguez, 2022), single nucleotide polymorphism rs200727390 has an effect allele C frequency of 0.0441 and non-effect allele CCACTA frequency of 0.9559.",SNP Disease Relations
What is the allele frequency of the SNP rs144102522 in an Alzheimer's disease study within a European cohort?,"According to the largest European genome-wide meta-analysis of Alzheimer's disease (Bellenguez, 2022), single nucleotide polymorphism rs144102522 has an effect allele A frequency of 0.0022 and non-effect allele G frequency of 0.9978.",SNP Disease Relations
What is the allele frequency of the SNP rs74666947 in an Alzheimer's disease study within a European cohort?,"According to the largest European genome-wide meta-analysis of Alzheimer's disease (Bellenguez, 2022), single nucleotide polymorphism rs74666947 has an effect allele A frequency of 0.455 and non-effect allele AG frequency of 0.545.",SNP Disease Relations
What is the allele frequency of the SNP rs767054031 in an Alzheimer's disease study within a European cohort?,"According to the largest European genome-wide meta-analysis of Alzheimer's disease (Bellenguez, 2022), single nucleotide polymorphism rs767054031 has an effect allele G frequency of 0.0009 and non-effect allele A frequency of 0.9991.",SNP Disease Relations
What is the allele frequency of the SNP rs931434064 in an Alzheimer's disease study within a European cohort?,"According to the largest European genome-wide meta-analysis of Alzheimer's disease (Bellenguez, 2022), single nucleotide polymorphism rs931434064 has an effect allele C frequency of 0.0007 and non-effect allele T frequency of 0.9993.",SNP Disease Relations
What is the allele frequency of the SNP rs1367129 in an Alzheimer's disease study within a European cohort?,"According to the largest European genome-wide meta-analysis of Alzheimer's disease (Bellenguez, 2022), single nucleotide polymorphism rs1367129 has an effect allele C frequency of 0.0229 and non-effect allele T frequency of 0.9771.",SNP Disease Relations
What is the allele frequency of the SNP rs73034169 in an Alzheimer's disease study within a European cohort?,"According to the largest European genome-wide meta-analysis of Alzheimer's disease (Bellenguez, 2022), single nucleotide polymorphism rs73034169 has an effect allele A frequency of 0.0039 and non-effect allele T frequency of 0.9961.",SNP Disease Relations
What is the allele frequency of the SNP rs139307210 in an Alzheimer's disease study within a European cohort?,"According to the largest European genome-wide meta-analysis of Alzheimer's disease (Bellenguez, 2022), single nucleotide polymorphism rs139307210 has an effect allele A frequency of 0.0019 and non-effect allele G frequency of 0.9981.",SNP Disease Relations
What is the allele frequency of the SNP rs901691981 in an Alzheimer's disease study within a European cohort?,"According to the largest European genome-wide meta-analysis of Alzheimer's disease (Bellenguez, 2022), single nucleotide polymorphism rs901691981 has an effect allele C frequency of 0.0009 and non-effect allele CT frequency of 0.9991.",SNP Disease Relations
What is the allele frequency of the SNP rs538436199 in an Alzheimer's disease study within a European cohort?,"According to the largest European genome-wide meta-analysis of Alzheimer's disease (Bellenguez, 2022), single nucleotide polymorphism rs538436199 has an effect allele C frequency of 0.0003 and non-effect allele T frequency of 0.9997.",SNP Disease Relations
What is the allele frequency of the SNP rs571378508 in an Alzheimer's disease study within a European cohort?,"According to the largest European genome-wide meta-analysis of Alzheimer's disease (Bellenguez, 2022), single nucleotide polymorphism rs571378508 has an effect allele A frequency of 0.0021 and non-effect allele G frequency of 0.9979.",SNP Disease Relations
What is the allele frequency of the SNP rs113581149 in an Alzheimer's disease study within a European cohort?,"According to the largest European genome-wide meta-analysis of Alzheimer's disease (Bellenguez, 2022), single nucleotide polymorphism rs113581149 has an effect allele A frequency of 0.0006 and non-effect allele C frequency of 0.9994.",SNP Disease Relations
What is the allele frequency of the SNP rs573530492 in an Alzheimer's disease study within a European cohort?,"According to the largest European genome-wide meta-analysis of Alzheimer's disease (Bellenguez, 2022), single nucleotide polymorphism rs573530492 has an effect allele A frequency of 0.001 and non-effect allele G frequency of 0.999.",SNP Disease Relations
What is the allele frequency of the SNP rs567405864 in an Alzheimer's disease study within a European cohort?,"According to the largest European genome-wide meta-analysis of Alzheimer's disease (Bellenguez, 2022), single nucleotide polymorphism rs567405864 has an effect allele C frequency of 0.003 and non-effect allele CATAAAG frequency of 0.997.",SNP Disease Relations
What is the allele frequency of the SNP rs9980262 in an Alzheimer's disease study within a European cohort?,"According to the largest European genome-wide meta-analysis of Alzheimer's disease (Bellenguez, 2022), single nucleotide polymorphism rs9980262 has an effect allele T frequency of 0.3462 and non-effect allele G frequency of 0.6538.",SNP Disease Relations
What is the allele frequency of the SNP rs249124 in an Alzheimer's disease study within a European cohort?,"According to the largest European genome-wide meta-analysis of Alzheimer's disease (Bellenguez, 2022), single nucleotide polymorphism rs249124 has an effect allele T frequency of 0.0007 and non-effect allele C frequency of 0.9993.",SNP Disease Relations
What is the allele frequency of the SNP rs527444888 in an Alzheimer's disease study within a European cohort?,"According to the largest European genome-wide meta-analysis of Alzheimer's disease (Bellenguez, 2022), single nucleotide polymorphism rs527444888 has an effect allele A frequency of 0.0012 and non-effect allele G frequency of 0.9988.",SNP Disease Relations
What is the allele frequency of the SNP rs149504688 in an Alzheimer's disease study within a European cohort?,"According to the largest European genome-wide meta-analysis of Alzheimer's disease (Bellenguez, 2022), single nucleotide polymorphism rs149504688 has an effect allele A frequency of 0.0004 and non-effect allele G frequency of 0.9996.",SNP Disease Relations
What is the allele frequency of the SNP rs16963487 in an Alzheimer's disease study within a European cohort?,"According to the largest European genome-wide meta-analysis of Alzheimer's disease (Bellenguez, 2022), single nucleotide polymorphism rs16963487 has an effect allele T frequency of 0.0027 and non-effect allele C frequency of 0.9973.",SNP Disease Relations
What is the allele frequency of the SNP rs10173626 in an Alzheimer's disease study within a European cohort?,"According to the largest European genome-wide meta-analysis of Alzheimer's disease (Bellenguez, 2022), single nucleotide polymorphism rs10173626 has an effect allele T frequency of 0.0031 and non-effect allele C frequency of 0.9969.",SNP Disease Relations
What is the allele frequency of the SNP rs551178465 in an Alzheimer's disease study within a European cohort?,"According to the largest European genome-wide meta-analysis of Alzheimer's disease (Bellenguez, 2022), single nucleotide polymorphism rs551178465 has an effect allele T frequency of 0.001 and non-effect allele C frequency of 0.999.",SNP Disease Relations
What is the allele frequency of the SNP rs541474431 in an Alzheimer's disease study within a European cohort?,"According to the largest European genome-wide meta-analysis of Alzheimer's disease (Bellenguez, 2022), single nucleotide polymorphism rs541474431 has an effect allele AT frequency of 0.0005 and non-effect allele A frequency of 0.9995.",SNP Disease Relations
What is the allele frequency of the SNP rs149774089 in an Alzheimer's disease study within a European cohort?,"According to the largest European genome-wide meta-analysis of Alzheimer's disease (Bellenguez, 2022), single nucleotide polymorphism rs149774089 has an effect allele G frequency of 0.0009 and non-effect allele C frequency of 0.9991.",SNP Disease Relations
What is the allele frequency of the SNP rs142998787 in an Alzheimer's disease study within a European cohort?,"According to the largest European genome-wide meta-analysis of Alzheimer's disease (Bellenguez, 2022), single nucleotide polymorphism rs142998787 has an effect allele C frequency of 0.0086 and non-effect allele T frequency of 0.9914.",SNP Disease Relations
What is the allele frequency of the SNP rs185116686 in an Alzheimer's disease study within a European cohort?,"According to the largest European genome-wide meta-analysis of Alzheimer's disease (Bellenguez, 2022), single nucleotide polymorphism rs185116686 has an effect allele T frequency of 0.0008 and non-effect allele C frequency of 0.9992.",SNP Disease Relations
What is the allele frequency of the SNP rs574307731 in an Alzheimer's disease study within a European cohort?,"According to the largest European genome-wide meta-analysis of Alzheimer's disease (Bellenguez, 2022), single nucleotide polymorphism rs574307731 has an effect allele A frequency of 0.0004 and non-effect allele G frequency of 0.9996.",SNP Disease Relations
What is the allele frequency of the SNP rs77354535 in an Alzheimer's disease study within a European cohort?,"According to the largest European genome-wide meta-analysis of Alzheimer's disease (Bellenguez, 2022), single nucleotide polymorphism rs77354535 has an effect allele A frequency of 0.0972 and non-effect allele G frequency of 0.9028.",SNP Disease Relations
What is the allele frequency of the SNP rs192920231 in an Alzheimer's disease study within a European cohort?,"According to the largest European genome-wide meta-analysis of Alzheimer's disease (Bellenguez, 2022), single nucleotide polymorphism rs192920231 has an effect allele A frequency of 0.0007 and non-effect allele G frequency of 0.9993.",SNP Disease Relations
What is the allele frequency of the SNP rs140395971 in an Alzheimer's disease study within a European cohort?,"According to the largest European genome-wide meta-analysis of Alzheimer's disease (Bellenguez, 2022), single nucleotide polymorphism rs140395971 has an effect allele A frequency of 0.0007 and non-effect allele G frequency of 0.9993.",SNP Disease Relations
What is the allele frequency of the SNP rs559300270 in an Alzheimer's disease study within a European cohort?,"According to the largest European genome-wide meta-analysis of Alzheimer's disease (Bellenguez, 2022), single nucleotide polymorphism rs559300270 has an effect allele G frequency of 0.0028 and non-effect allele GTTAT frequency of 0.9972.",SNP Disease Relations
What is the allele frequency of the SNP rs184646691 in an Alzheimer's disease study within a European cohort?,"According to the largest European genome-wide meta-analysis of Alzheimer's disease (Bellenguez, 2022), single nucleotide polymorphism rs184646691 has an effect allele G frequency of 0.0018 and non-effect allele A frequency of 0.9982.",SNP Disease Relations
What is the allele frequency of the SNP rs2586434 in an Alzheimer's disease study within a European cohort?,"According to the largest European genome-wide meta-analysis of Alzheimer's disease (Bellenguez, 2022), single nucleotide polymorphism rs2586434 has an effect allele C frequency of 0.2182 and non-effect allele A frequency of 0.7818.",SNP Disease Relations
What is the allele frequency of the SNP rs144359921 in an Alzheimer's disease study within a European cohort?,"According to the largest European genome-wide meta-analysis of Alzheimer's disease (Bellenguez, 2022), single nucleotide polymorphism rs144359921 has an effect allele T frequency of 0.0019 and non-effect allele A frequency of 0.9981.",SNP Disease Relations
What is the allele frequency of the SNP rs73159105 in an Alzheimer's disease study within a European cohort?,"According to the largest European genome-wide meta-analysis of Alzheimer's disease (Bellenguez, 2022), single nucleotide polymorphism rs73159105 has an effect allele T frequency of 0.1458 and non-effect allele C frequency of 0.8542.",SNP Disease Relations
What is the allele frequency of the SNP rs565562141 in an Alzheimer's disease study within a European cohort?,"According to the largest European genome-wide meta-analysis of Alzheimer's disease (Bellenguez, 2022), single nucleotide polymorphism rs565562141 has an effect allele A frequency of 0.0006 and non-effect allele G frequency of 0.9994.",SNP Disease Relations
What is the allele frequency of the SNP rs61342598 in an Alzheimer's disease study within a European cohort?,"According to the largest European genome-wide meta-analysis of Alzheimer's disease (Bellenguez, 2022), single nucleotide polymorphism rs61342598 has an effect allele G frequency of 0.0004 and non-effect allele GCACACACACACACACACACACACA frequency of 0.9996.",SNP Disease Relations
What is the allele frequency of the SNP rs11819021 in an Alzheimer's disease study within a European cohort?,"According to the largest European genome-wide meta-analysis of Alzheimer's disease (Bellenguez, 2022), single nucleotide polymorphism rs11819021 has an effect allele C frequency of 0.0332 and non-effect allele G frequency of 0.9668.",SNP Disease Relations
What is the allele frequency of the SNP rs142454751 in an Alzheimer's disease study within a European cohort?,"According to the largest European genome-wide meta-analysis of Alzheimer's disease (Bellenguez, 2022), single nucleotide polymorphism rs142454751 has an effect allele T frequency of 0.0059 and non-effect allele C frequency of 0.9941.",SNP Disease Relations
What is the allele frequency of the SNP rs11252748 in an Alzheimer's disease study within a European cohort?,"According to the largest European genome-wide meta-analysis of Alzheimer's disease (Bellenguez, 2022), single nucleotide polymorphism rs11252748 has an effect allele T frequency of 0.2198 and non-effect allele C frequency of 0.7802.",SNP Disease Relations
What is the allele frequency of the SNP rs13173455 in an Alzheimer's disease study within a European cohort?,"According to the largest European genome-wide meta-analysis of Alzheimer's disease (Bellenguez, 2022), single nucleotide polymorphism rs13173455 has an effect allele T frequency of 0.1309 and non-effect allele G frequency of 0.8691.",SNP Disease Relations
What is the allele frequency of the SNP rs10170425 in an Alzheimer's disease study within a European cohort?,"According to the largest European genome-wide meta-analysis of Alzheimer's disease (Bellenguez, 2022), single nucleotide polymorphism rs10170425 has an effect allele A frequency of 0.4424 and non-effect allele G frequency of 0.5576.",SNP Disease Relations
What is the allele frequency of the SNP rs570622164 in an Alzheimer's disease study within a European cohort?,"According to the largest European genome-wide meta-analysis of Alzheimer's disease (Bellenguez, 2022), single nucleotide polymorphism rs570622164 has an effect allele C frequency of 0.0008 and non-effect allele T frequency of 0.9992.",SNP Disease Relations
What is the allele frequency of the SNP rs73618313 in an Alzheimer's disease study within a European cohort?,"According to the largest European genome-wide meta-analysis of Alzheimer's disease (Bellenguez, 2022), single nucleotide polymorphism rs73618313 has an effect allele A frequency of 0.0008 and non-effect allele G frequency of 0.9992.",SNP Disease Relations
What is the allele frequency of the SNP rs370174242 in an Alzheimer's disease study within a European cohort?,"According to the largest European genome-wide meta-analysis of Alzheimer's disease (Bellenguez, 2022), single nucleotide polymorphism rs370174242 has an effect allele C frequency of 0.0008 and non-effect allele G frequency of 0.9992.",SNP Disease Relations
What is the allele frequency of the SNP rs2252673 in an Alzheimer's disease study within a European cohort?,"According to the largest European genome-wide meta-analysis of Alzheimer's disease (Bellenguez, 2022), single nucleotide polymorphism rs2252673 has an effect allele C frequency of 0.1983 and non-effect allele G frequency of 0.8017.",SNP Disease Relations
What is the allele frequency of the SNP rs560640219 in an Alzheimer's disease study within a European cohort?,"According to the largest European genome-wide meta-analysis of Alzheimer's disease (Bellenguez, 2022), single nucleotide polymorphism rs560640219 has an effect allele C frequency of 0.0043 and non-effect allele T frequency of 0.9957.",SNP Disease Relations
What is the allele frequency of the SNP rs2036847 in an Alzheimer's disease study within a European cohort?,"According to the largest European genome-wide meta-analysis of Alzheimer's disease (Bellenguez, 2022), single nucleotide polymorphism rs2036847 has an effect allele C frequency of 0.2006 and non-effect allele T frequency of 0.7994.",SNP Disease Relations
What is the allele frequency of the SNP rs191472326 in an Alzheimer's disease study within a European cohort?,"According to the largest European genome-wide meta-analysis of Alzheimer's disease (Bellenguez, 2022), single nucleotide polymorphism rs191472326 has an effect allele G frequency of 0.0058 and non-effect allele C frequency of 0.9942.",SNP Disease Relations
What is the allele frequency of the SNP rs6800139 in an Alzheimer's disease study within a European cohort?,"According to the largest European genome-wide meta-analysis of Alzheimer's disease (Bellenguez, 2022), single nucleotide polymorphism rs6800139 has an effect allele G frequency of 0.3544 and non-effect allele A frequency of 0.6456.",SNP Disease Relations
What is the allele frequency of the SNP rs111602115 in an Alzheimer's disease study within a European cohort?,"According to the largest European genome-wide meta-analysis of Alzheimer's disease (Bellenguez, 2022), single nucleotide polymorphism rs111602115 has an effect allele C frequency of 0.0381 and non-effect allele T frequency of 0.9619.",SNP Disease Relations
What is the allele frequency of the SNP rs62029229 in an Alzheimer's disease study within a European cohort?,"According to the largest European genome-wide meta-analysis of Alzheimer's disease (Bellenguez, 2022), single nucleotide polymorphism rs62029229 has an effect allele A frequency of 0.0094 and non-effect allele G frequency of 0.9906.",SNP Disease Relations
What is the allele frequency of the SNP rs72949423 in an Alzheimer's disease study within a European cohort?,"According to the largest European genome-wide meta-analysis of Alzheimer's disease (Bellenguez, 2022), single nucleotide polymorphism rs72949423 has an effect allele G frequency of 0.0015 and non-effect allele A frequency of 0.9985.",SNP Disease Relations
What is the allele frequency of the SNP rs549652009 in an Alzheimer's disease study within a European cohort?,"According to the largest European genome-wide meta-analysis of Alzheimer's disease (Bellenguez, 2022), single nucleotide polymorphism rs549652009 has an effect allele ACTT frequency of 0.0014 and non-effect allele A frequency of 0.9986.",SNP Disease Relations
What is the allele frequency of the SNP rs561056981 in an Alzheimer's disease study within a European cohort?,"According to the largest European genome-wide meta-analysis of Alzheimer's disease (Bellenguez, 2022), single nucleotide polymorphism rs561056981 has an effect allele G frequency of 0.001 and non-effect allele A frequency of 0.999.",SNP Disease Relations
What is the allele frequency of the SNP rs113209616 in an Alzheimer's disease study within a European cohort?,"According to the largest European genome-wide meta-analysis of Alzheimer's disease (Bellenguez, 2022), single nucleotide polymorphism rs113209616 has an effect allele C frequency of 0.0847 and non-effect allele CAACCAAA frequency of 0.9153.",SNP Disease Relations
What is the allele frequency of the SNP rs12591301 in an Alzheimer's disease study within a European cohort?,"According to the largest European genome-wide meta-analysis of Alzheimer's disease (Bellenguez, 2022), single nucleotide polymorphism rs12591301 has an effect allele A frequency of 0.0007 and non-effect allele G frequency of 0.9993.",SNP Disease Relations
What is the allele frequency of the SNP rs575819209 in an Alzheimer's disease study within a European cohort?,"According to the largest European genome-wide meta-analysis of Alzheimer's disease (Bellenguez, 2022), single nucleotide polymorphism rs575819209 has an effect allele A frequency of 0.0017 and non-effect allele C frequency of 0.9983.",SNP Disease Relations
What is the allele frequency of the SNP rs541008974 in an Alzheimer's disease study within a European cohort?,"According to the largest European genome-wide meta-analysis of Alzheimer's disease (Bellenguez, 2022), single nucleotide polymorphism rs541008974 has an effect allele C frequency of 0.0016 and non-effect allele T frequency of 0.9984.",SNP Disease Relations
What is the allele frequency of the SNP rs75889291 in an Alzheimer's disease study within a European cohort?,"According to the largest European genome-wide meta-analysis of Alzheimer's disease (Bellenguez, 2022), single nucleotide polymorphism rs75889291 has an effect allele A frequency of 0.0023 and non-effect allele G frequency of 0.9977.",SNP Disease Relations
What is the allele frequency of the SNP rs2590688 in an Alzheimer's disease study within a European cohort?,"According to the largest European genome-wide meta-analysis of Alzheimer's disease (Bellenguez, 2022), single nucleotide polymorphism rs2590688 has an effect allele A frequency of 0.3661 and non-effect allele G frequency of 0.6339.",SNP Disease Relations
What is the allele frequency of the SNP rs111234879 in an Alzheimer's disease study within a European cohort?,"According to the largest European genome-wide meta-analysis of Alzheimer's disease (Bellenguez, 2022), single nucleotide polymorphism rs111234879 has an effect allele G frequency of 0.0017 and non-effect allele A frequency of 0.9983.",SNP Disease Relations
What is the allele frequency of the SNP rs8090534 in an Alzheimer's disease study within a European cohort?,"According to the largest European genome-wide meta-analysis of Alzheimer's disease (Bellenguez, 2022), single nucleotide polymorphism rs8090534 has an effect allele C frequency of 0.391 and non-effect allele T frequency of 0.609.",SNP Disease Relations
What is the allele frequency of the SNP rs74644380 in an Alzheimer's disease study within a European cohort?,"According to the largest European genome-wide meta-analysis of Alzheimer's disease (Bellenguez, 2022), single nucleotide polymorphism rs74644380 has an effect allele C frequency of 0.0636 and non-effect allele T frequency of 0.9364.",SNP Disease Relations
What is the allele frequency of the SNP rs769355841 in an Alzheimer's disease study within a European cohort?,"According to the largest European genome-wide meta-analysis of Alzheimer's disease (Bellenguez, 2022), single nucleotide polymorphism rs769355841 has an effect allele T frequency of 0.0013 and non-effect allele C frequency of 0.9987.",SNP Disease Relations
What is the allele frequency of the SNP rs554502080 in an Alzheimer's disease study within a European cohort?,"According to the largest European genome-wide meta-analysis of Alzheimer's disease (Bellenguez, 2022), single nucleotide polymorphism rs554502080 has an effect allele A frequency of 0.0013 and non-effect allele C frequency of 0.9987.",SNP Disease Relations
What is the allele frequency of the SNP rs72771169 in an Alzheimer's disease study within a European cohort?,"According to the largest European genome-wide meta-analysis of Alzheimer's disease (Bellenguez, 2022), single nucleotide polymorphism rs72771169 has an effect allele G frequency of 0.0146 and non-effect allele A frequency of 0.9854.",SNP Disease Relations
What is the allele frequency of the SNP rs138392026 in an Alzheimer's disease study within a European cohort?,"According to the largest European genome-wide meta-analysis of Alzheimer's disease (Bellenguez, 2022), single nucleotide polymorphism rs138392026 has an effect allele G frequency of 0.0113 and non-effect allele A frequency of 0.9887.",SNP Disease Relations
What is the allele frequency of the SNP rs777700546 in an Alzheimer's disease study within a European cohort?,"According to the largest European genome-wide meta-analysis of Alzheimer's disease (Bellenguez, 2022), single nucleotide polymorphism rs777700546 has an effect allele C frequency of 0.0006 and non-effect allele CTTTTT frequency of 0.9994.",SNP Disease Relations
What is the allele frequency of the SNP rs142782614 in an Alzheimer's disease study within a European cohort?,"According to the largest European genome-wide meta-analysis of Alzheimer's disease (Bellenguez, 2022), single nucleotide polymorphism rs142782614 has an effect allele A frequency of 0.0082 and non-effect allele C frequency of 0.9918.",SNP Disease Relations
What is the allele frequency of the SNP rs185210796 in an Alzheimer's disease study within a European cohort?,"According to the largest European genome-wide meta-analysis of Alzheimer's disease (Bellenguez, 2022), single nucleotide polymorphism rs185210796 has an effect allele C frequency of 0.0005 and non-effect allele G frequency of 0.9995.",SNP Disease Relations
What is the allele frequency of the SNP rs149892406 in an Alzheimer's disease study within a European cohort?,"According to the largest European genome-wide meta-analysis of Alzheimer's disease (Bellenguez, 2022), single nucleotide polymorphism rs149892406 has an effect allele G frequency of 0.0055 and non-effect allele GAAGT frequency of 0.9945.",SNP Disease Relations
What is the allele frequency of the SNP rs771948167 in an Alzheimer's disease study within a European cohort?,"According to the largest European genome-wide meta-analysis of Alzheimer's disease (Bellenguez, 2022), single nucleotide polymorphism rs771948167 has an effect allele T frequency of 0.0006 and non-effect allele A frequency of 0.9994.",SNP Disease Relations
What is the allele frequency of the SNP rs199686143 in an Alzheimer's disease study within a European cohort?,"According to the largest European genome-wide meta-analysis of Alzheimer's disease (Bellenguez, 2022), single nucleotide polymorphism rs199686143 has an effect allele TC frequency of 0.0006 and non-effect allele T frequency of 0.9994.",SNP Disease Relations
What is the allele frequency of the SNP rs79245382 in an Alzheimer's disease study within a European cohort?,"According to the largest European genome-wide meta-analysis of Alzheimer's disease (Bellenguez, 2022), single nucleotide polymorphism rs79245382 has an effect allele A frequency of 0.007 and non-effect allele G frequency of 0.993.",SNP Disease Relations
What is the allele frequency of the SNP rs111563503 in an Alzheimer's disease study within a European cohort?,"According to the largest European genome-wide meta-analysis of Alzheimer's disease (Bellenguez, 2022), single nucleotide polymorphism rs111563503 has an effect allele A frequency of 0.0148 and non-effect allele G frequency of 0.9852.",SNP Disease Relations
What is the allele frequency of the SNP rs75115606 in an Alzheimer's disease study within a European cohort?,"According to the largest European genome-wide meta-analysis of Alzheimer's disease (Bellenguez, 2022), single nucleotide polymorphism rs75115606 has an effect allele A frequency of 0.0202 and non-effect allele G frequency of 0.9798.",SNP Disease Relations
What is the allele frequency of the SNP rs57215057 in an Alzheimer's disease study within a European cohort?,"According to the largest European genome-wide meta-analysis of Alzheimer's disease (Bellenguez, 2022), single nucleotide polymorphism rs57215057 has an effect allele T frequency of 0.2494 and non-effect allele A frequency of 0.7506.",SNP Disease Relations
What is the allele frequency of the SNP rs778968565 in an Alzheimer's disease study within a European cohort?,"According to the largest European genome-wide meta-analysis of Alzheimer's disease (Bellenguez, 2022), single nucleotide polymorphism rs778968565 has an effect allele G frequency of 0.0005 and non-effect allele A frequency of 0.9995.",SNP Disease Relations
What is the allele frequency of the SNP rs35327527 in an Alzheimer's disease study within a European cohort?,"According to the largest European genome-wide meta-analysis of Alzheimer's disease (Bellenguez, 2022), single nucleotide polymorphism rs35327527 has an effect allele T frequency of 0.3714 and non-effect allele C frequency of 0.6286.",SNP Disease Relations
What is the allele frequency of the SNP rs12483750 in an Alzheimer's disease study within a European cohort?,"According to the largest European genome-wide meta-analysis of Alzheimer's disease (Bellenguez, 2022), single nucleotide polymorphism rs12483750 has an effect allele C frequency of 0.0592 and non-effect allele T frequency of 0.9408.",SNP Disease Relations
What is the allele frequency of the SNP rs9953556 in an Alzheimer's disease study within a European cohort?,"According to the largest European genome-wide meta-analysis of Alzheimer's disease (Bellenguez, 2022), single nucleotide polymorphism rs9953556 has an effect allele T frequency of 0.0012 and non-effect allele C frequency of 0.9988.",SNP Disease Relations
What is the allele frequency of the SNP rs2080975 in an Alzheimer's disease study within a European cohort?,"According to the largest European genome-wide meta-analysis of Alzheimer's disease (Bellenguez, 2022), single nucleotide polymorphism rs2080975 has an effect allele T frequency of 0.3642 and non-effect allele G frequency of 0.6358.",SNP Disease Relations
What is the allele frequency of the SNP rs746476 in an Alzheimer's disease study within a European cohort?,"According to the largest European genome-wide meta-analysis of Alzheimer's disease (Bellenguez, 2022), single nucleotide polymorphism rs746476 has an effect allele A frequency of 0.0579 and non-effect allele G frequency of 0.9421.",SNP Disease Relations
What is the allele frequency of the SNP rs761861354 in an Alzheimer's disease study within a European cohort?,"According to the largest European genome-wide meta-analysis of Alzheimer's disease (Bellenguez, 2022), single nucleotide polymorphism rs761861354 has an effect allele T frequency of 0.002 and non-effect allele C frequency of 0.998.",SNP Disease Relations
What is the allele frequency of the SNP rs943543 in an Alzheimer's disease study within a European cohort?,"According to the largest European genome-wide meta-analysis of Alzheimer's disease (Bellenguez, 2022), single nucleotide polymorphism rs943543 has an effect allele G frequency of 0.2761 and non-effect allele C frequency of 0.7239.",SNP Disease Relations
What is the allele frequency of the SNP rs112182557 in an Alzheimer's disease study within a European cohort?,"According to the largest European genome-wide meta-analysis of Alzheimer's disease (Bellenguez, 2022), single nucleotide polymorphism rs112182557 has an effect allele G frequency of 0.0018 and non-effect allele A frequency of 0.9982.",SNP Disease Relations
What is the allele frequency of the SNP rs114041649 in an Alzheimer's disease study within a European cohort?,"According to the largest European genome-wide meta-analysis of Alzheimer's disease (Bellenguez, 2022), single nucleotide polymorphism rs114041649 has an effect allele A frequency of 0.0013 and non-effect allele C frequency of 0.9987.",SNP Disease Relations
What is the allele frequency of the SNP rs1306338698 in an Alzheimer's disease study within a European cohort?,"According to the largest European genome-wide meta-analysis of Alzheimer's disease (Bellenguez, 2022), single nucleotide polymorphism rs1306338698 has an effect allele T frequency of 0.0004 and non-effect allele G frequency of 0.9996.",SNP Disease Relations
What is the allele frequency of the SNP rs544720856 in an Alzheimer's disease study within a European cohort?,"According to the largest European genome-wide meta-analysis of Alzheimer's disease (Bellenguez, 2022), single nucleotide polymorphism rs544720856 has an effect allele C frequency of 0.0004 and non-effect allele T frequency of 0.9996.",SNP Disease Relations
What is the allele frequency of the SNP rs12638137 in an Alzheimer's disease study within a European cohort?,"According to the largest European genome-wide meta-analysis of Alzheimer's disease (Bellenguez, 2022), single nucleotide polymorphism rs12638137 has an effect allele T frequency of 0.2351 and non-effect allele C frequency of 0.7649.",SNP Disease Relations
What is the allele frequency of the SNP rs180734773 in an Alzheimer's disease study within a European cohort?,"According to the largest European genome-wide meta-analysis of Alzheimer's disease (Bellenguez, 2022), single nucleotide polymorphism rs180734773 has an effect allele T frequency of 0.0024 and non-effect allele C frequency of 0.9976.",SNP Disease Relations
What is the allele frequency of the SNP rs139499244 in an Alzheimer's disease study within a European cohort?,"According to the largest European genome-wide meta-analysis of Alzheimer's disease (Bellenguez, 2022), single nucleotide polymorphism rs139499244 has an effect allele T frequency of 0.0257 and non-effect allele C frequency of 0.9743.",SNP Disease Relations
What is the allele frequency of the SNP rs73332866 in an Alzheimer's disease study within a European cohort?,"According to the largest European genome-wide meta-analysis of Alzheimer's disease (Bellenguez, 2022), single nucleotide polymorphism rs73332866 has an effect allele C frequency of 0.0033 and non-effect allele G frequency of 0.9967.",SNP Disease Relations
What is the allele frequency of the SNP rs59225806 in an Alzheimer's disease study within a European cohort?,"According to the largest European genome-wide meta-analysis of Alzheimer's disease (Bellenguez, 2022), single nucleotide polymorphism rs59225806 has an effect allele T frequency of 0.1911 and non-effect allele G frequency of 0.8089.",SNP Disease Relations
What is the allele frequency of the SNP rs547577130 in an Alzheimer's disease study within a European cohort?,"According to the largest European genome-wide meta-analysis of Alzheimer's disease (Bellenguez, 2022), single nucleotide polymorphism rs547577130 has an effect allele A frequency of 0.0012 and non-effect allele AAAAC frequency of 0.9988.",SNP Disease Relations
What is the allele frequency of the SNP rs112592188 in an Alzheimer's disease study within a European cohort?,"According to the largest European genome-wide meta-analysis of Alzheimer's disease (Bellenguez, 2022), single nucleotide polymorphism rs112592188 has an effect allele G frequency of 0.0111 and non-effect allele C frequency of 0.9889.",SNP Disease Relations
What is the allele frequency of the SNP rs7349100 in an Alzheimer's disease study within a European cohort?,"According to the largest European genome-wide meta-analysis of Alzheimer's disease (Bellenguez, 2022), single nucleotide polymorphism rs7349100 has an effect allele A frequency of 0.3431 and non-effect allele G frequency of 0.6569.",SNP Disease Relations
What is the allele frequency of the SNP rs940111638 in an Alzheimer's disease study within a European cohort?,"According to the largest European genome-wide meta-analysis of Alzheimer's disease (Bellenguez, 2022), single nucleotide polymorphism rs940111638 has an effect allele A frequency of 0.0003 and non-effect allele C frequency of 0.9997.",SNP Disease Relations
What is the allele frequency of the SNP rs9355041 in an Alzheimer's disease study within a European cohort?,"According to the largest European genome-wide meta-analysis of Alzheimer's disease (Bellenguez, 2022), single nucleotide polymorphism rs9355041 has an effect allele G frequency of 0.4157 and non-effect allele A frequency of 0.5843.",SNP Disease Relations
What is the allele frequency of the SNP rs28735578 in an Alzheimer's disease study within a European cohort?,"According to the largest European genome-wide meta-analysis of Alzheimer's disease (Bellenguez, 2022), single nucleotide polymorphism rs28735578 has an effect allele A frequency of 0.0687 and non-effect allele G frequency of 0.9313.",SNP Disease Relations
What is the allele frequency of the SNP rs72992295 in an Alzheimer's disease study within a European cohort?,"According to the largest European genome-wide meta-analysis of Alzheimer's disease (Bellenguez, 2022), single nucleotide polymorphism rs72992295 has an effect allele A frequency of 0.0046 and non-effect allele T frequency of 0.9954.",SNP Disease Relations
What is the allele frequency of the SNP rs561945973 in an Alzheimer's disease study within a European cohort?,"According to the largest European genome-wide meta-analysis of Alzheimer's disease (Bellenguez, 2022), single nucleotide polymorphism rs561945973 has an effect allele G frequency of 0.0015 and non-effect allele A frequency of 0.9985.",SNP Disease Relations
What is the allele frequency of the SNP rs116916509 in an Alzheimer's disease study within a European cohort?,"According to the largest European genome-wide meta-analysis of Alzheimer's disease (Bellenguez, 2022), single nucleotide polymorphism rs116916509 has an effect allele C frequency of 0.0528 and non-effect allele G frequency of 0.9472.",SNP Disease Relations
What is the allele frequency of the SNP rs4321706 in an Alzheimer's disease study within a European cohort?,"According to the largest European genome-wide meta-analysis of Alzheimer's disease (Bellenguez, 2022), single nucleotide polymorphism rs4321706 has an effect allele A frequency of 0.3314 and non-effect allele C frequency of 0.6686.",SNP Disease Relations
What is the allele frequency of the SNP rs549568206 in an Alzheimer's disease study within a European cohort?,"According to the largest European genome-wide meta-analysis of Alzheimer's disease (Bellenguez, 2022), single nucleotide polymorphism rs549568206 has an effect allele G frequency of 0.0005 and non-effect allele A frequency of 0.9995.",SNP Disease Relations
What is the allele frequency of the SNP rs62450291 in an Alzheimer's disease study within a European cohort?,"According to the largest European genome-wide meta-analysis of Alzheimer's disease (Bellenguez, 2022), single nucleotide polymorphism rs62450291 has an effect allele C frequency of 0.0877 and non-effect allele T frequency of 0.9123.",SNP Disease Relations
What is the allele frequency of the SNP rs16903109 in an Alzheimer's disease study within a European cohort?,"According to the largest European genome-wide meta-analysis of Alzheimer's disease (Bellenguez, 2022), single nucleotide polymorphism rs16903109 has an effect allele A frequency of 0.1737 and non-effect allele T frequency of 0.8263.",SNP Disease Relations
What is the allele frequency of the SNP rs73507045 in an Alzheimer's disease study within a European cohort?,"According to the largest European genome-wide meta-analysis of Alzheimer's disease (Bellenguez, 2022), single nucleotide polymorphism rs73507045 has an effect allele G frequency of 0.0025 and non-effect allele A frequency of 0.9975.",SNP Disease Relations
What is the allele frequency of the SNP rs556770932 in an Alzheimer's disease study within a European cohort?,"According to the largest European genome-wide meta-analysis of Alzheimer's disease (Bellenguez, 2022), single nucleotide polymorphism rs556770932 has an effect allele G frequency of 0.0028 and non-effect allele A frequency of 0.9972.",SNP Disease Relations
What is the allele frequency of the SNP rs186975459 in an Alzheimer's disease study within a European cohort?,"According to the largest European genome-wide meta-analysis of Alzheimer's disease (Bellenguez, 2022), single nucleotide polymorphism rs186975459 has an effect allele T frequency of 0.0024 and non-effect allele C frequency of 0.9976.",SNP Disease Relations
What is the allele frequency of the SNP rs531029852 in an Alzheimer's disease study within a European cohort?,"According to the largest European genome-wide meta-analysis of Alzheimer's disease (Bellenguez, 2022), single nucleotide polymorphism rs531029852 has an effect allele A frequency of 0.0009 and non-effect allele C frequency of 0.9991.",SNP Disease Relations
What is the allele frequency of the SNP rs79808231 in an Alzheimer's disease study within a European cohort?,"According to the largest European genome-wide meta-analysis of Alzheimer's disease (Bellenguez, 2022), single nucleotide polymorphism rs79808231 has an effect allele C frequency of 0.0114 and non-effect allele T frequency of 0.9886.",SNP Disease Relations
What is the allele frequency of the SNP rs536883656 in an Alzheimer's disease study within a European cohort?,"According to the largest European genome-wide meta-analysis of Alzheimer's disease (Bellenguez, 2022), single nucleotide polymorphism rs536883656 has an effect allele A frequency of 0.0011 and non-effect allele G frequency of 0.9989.",SNP Disease Relations
What is the allele frequency of the SNP rs191959608 in an Alzheimer's disease study within a European cohort?,"According to the largest European genome-wide meta-analysis of Alzheimer's disease (Bellenguez, 2022), single nucleotide polymorphism rs191959608 has an effect allele A frequency of 0.0003 and non-effect allele G frequency of 0.9997.",SNP Disease Relations
What is the allele frequency of the SNP rs189462887 in an Alzheimer's disease study within a European cohort?,"According to the largest European genome-wide meta-analysis of Alzheimer's disease (Bellenguez, 2022), single nucleotide polymorphism rs189462887 has an effect allele T frequency of 0.0012 and non-effect allele C frequency of 0.9988.",SNP Disease Relations
What is the allele frequency of the SNP rs71425254 in an Alzheimer's disease study within a European cohort?,"According to the largest European genome-wide meta-analysis of Alzheimer's disease (Bellenguez, 2022), single nucleotide polymorphism rs71425254 has an effect allele T frequency of 0.0596 and non-effect allele G frequency of 0.9404.",SNP Disease Relations
What is the allele frequency of the SNP rs189602113 in an Alzheimer's disease study within a European cohort?,"According to the largest European genome-wide meta-analysis of Alzheimer's disease (Bellenguez, 2022), single nucleotide polymorphism rs189602113 has an effect allele A frequency of 0.0049 and non-effect allele G frequency of 0.9951.",SNP Disease Relations
What is the allele frequency of the SNP rs565563458 in an Alzheimer's disease study within a European cohort?,"According to the largest European genome-wide meta-analysis of Alzheimer's disease (Bellenguez, 2022), single nucleotide polymorphism rs565563458 has an effect allele G frequency of 0.0016 and non-effect allele A frequency of 0.9984.",SNP Disease Relations
What is the allele frequency of the SNP rs143161729 in an Alzheimer's disease study within a European cohort?,"According to the largest European genome-wide meta-analysis of Alzheimer's disease (Bellenguez, 2022), single nucleotide polymorphism rs143161729 has an effect allele G frequency of 0.0011 and non-effect allele A frequency of 0.9989.",SNP Disease Relations
What is the allele frequency of the SNP rs4449823 in an Alzheimer's disease study within a European cohort?,"According to the largest European genome-wide meta-analysis of Alzheimer's disease (Bellenguez, 2022), single nucleotide polymorphism rs4449823 has an effect allele C frequency of 0.0016 and non-effect allele T frequency of 0.9984.",SNP Disease Relations
What is the allele frequency of the SNP rs1144067 in an Alzheimer's disease study within a European cohort?,"According to the largest European genome-wide meta-analysis of Alzheimer's disease (Bellenguez, 2022), single nucleotide polymorphism rs1144067 has an effect allele T frequency of 0.2361 and non-effect allele C frequency of 0.7639.",SNP Disease Relations
What is the allele frequency of the SNP rs1381276 in an Alzheimer's disease study within a European cohort?,"According to the largest European genome-wide meta-analysis of Alzheimer's disease (Bellenguez, 2022), single nucleotide polymorphism rs1381276 has an effect allele T frequency of 0.1167 and non-effect allele A frequency of 0.8833.",SNP Disease Relations
What is the allele frequency of the SNP rs12491811 in an Alzheimer's disease study within a European cohort?,"According to the largest European genome-wide meta-analysis of Alzheimer's disease (Bellenguez, 2022), single nucleotide polymorphism rs12491811 has an effect allele A frequency of 0.0017 and non-effect allele T frequency of 0.9983.",SNP Disease Relations
What is the allele frequency of the SNP rs12967716 in an Alzheimer's disease study within a European cohort?,"According to the largest European genome-wide meta-analysis of Alzheimer's disease (Bellenguez, 2022), single nucleotide polymorphism rs12967716 has an effect allele A frequency of 0.1991 and non-effect allele G frequency of 0.8009.",SNP Disease Relations
What is the allele frequency of the SNP rs189689912 in an Alzheimer's disease study within a European cohort?,"According to the largest European genome-wide meta-analysis of Alzheimer's disease (Bellenguez, 2022), single nucleotide polymorphism rs189689912 has an effect allele T frequency of 0.0005 and non-effect allele A frequency of 0.9995.",SNP Disease Relations
What is the allele frequency of the SNP rs186078749 in an Alzheimer's disease study within a European cohort?,"According to the largest European genome-wide meta-analysis of Alzheimer's disease (Bellenguez, 2022), single nucleotide polymorphism rs186078749 has an effect allele A frequency of 0.0043 and non-effect allele G frequency of 0.9957.",SNP Disease Relations
What is the allele frequency of the SNP rs342747 in an Alzheimer's disease study within a European cohort?,"According to the largest European genome-wide meta-analysis of Alzheimer's disease (Bellenguez, 2022), single nucleotide polymorphism rs342747 has an effect allele C frequency of 0.2167 and non-effect allele G frequency of 0.7833.",SNP Disease Relations
What is the allele frequency of the SNP rs73980920 in an Alzheimer's disease study within a European cohort?,"According to the largest European genome-wide meta-analysis of Alzheimer's disease (Bellenguez, 2022), single nucleotide polymorphism rs73980920 has an effect allele G frequency of 0.0016 and non-effect allele A frequency of 0.9984.",SNP Disease Relations
What is the allele frequency of the SNP rs539966082 in an Alzheimer's disease study within a European cohort?,"According to the largest European genome-wide meta-analysis of Alzheimer's disease (Bellenguez, 2022), single nucleotide polymorphism rs539966082 has an effect allele A frequency of 0.005 and non-effect allele T frequency of 0.995.",SNP Disease Relations
What is the allele frequency of the SNP rs28599496 in an Alzheimer's disease study within a European cohort?,"According to the largest European genome-wide meta-analysis of Alzheimer's disease (Bellenguez, 2022), single nucleotide polymorphism rs28599496 has an effect allele C frequency of 0.0877 and non-effect allele G frequency of 0.9123.",SNP Disease Relations
What is the allele frequency of the SNP rs78969508 in an Alzheimer's disease study within a European cohort?,"According to the largest European genome-wide meta-analysis of Alzheimer's disease (Bellenguez, 2022), single nucleotide polymorphism rs78969508 has an effect allele C frequency of 0.0371 and non-effect allele T frequency of 0.9629.",SNP Disease Relations
What is the allele frequency of the SNP rs75411145 in an Alzheimer's disease study within a European cohort?,"According to the largest European genome-wide meta-analysis of Alzheimer's disease (Bellenguez, 2022), single nucleotide polymorphism rs75411145 has an effect allele A frequency of 0.1808 and non-effect allele C frequency of 0.8192.",SNP Disease Relations
What is the allele frequency of the SNP rs13142092 in an Alzheimer's disease study within a European cohort?,"According to the largest European genome-wide meta-analysis of Alzheimer's disease (Bellenguez, 2022), single nucleotide polymorphism rs13142092 has an effect allele T frequency of 0.3678 and non-effect allele C frequency of 0.6322.",SNP Disease Relations
What is the allele frequency of the SNP rs960248510 in an Alzheimer's disease study within a European cohort?,"According to the largest European genome-wide meta-analysis of Alzheimer's disease (Bellenguez, 2022), single nucleotide polymorphism rs960248510 has an effect allele C frequency of 0.0013 and non-effect allele A frequency of 0.9987.",SNP Disease Relations
What is the allele frequency of the SNP rs190653611 in an Alzheimer's disease study within a European cohort?,"According to the largest European genome-wide meta-analysis of Alzheimer's disease (Bellenguez, 2022), single nucleotide polymorphism rs190653611 has an effect allele G frequency of 0.0012 and non-effect allele A frequency of 0.9988.",SNP Disease Relations
What is the allele frequency of the SNP rs151016517 in an Alzheimer's disease study within a European cohort?,"According to the largest European genome-wide meta-analysis of Alzheimer's disease (Bellenguez, 2022), single nucleotide polymorphism rs151016517 has an effect allele C frequency of 0.0009 and non-effect allele CTT frequency of 0.9991.",SNP Disease Relations
What is the allele frequency of the SNP rs142761605 in an Alzheimer's disease study within a European cohort?,"According to the largest European genome-wide meta-analysis of Alzheimer's disease (Bellenguez, 2022), single nucleotide polymorphism rs142761605 has an effect allele T frequency of 0.0151 and non-effect allele G frequency of 0.9849.",SNP Disease Relations
What is the allele frequency of the SNP rs145281558 in an Alzheimer's disease study within a European cohort?,"According to the largest European genome-wide meta-analysis of Alzheimer's disease (Bellenguez, 2022), single nucleotide polymorphism rs145281558 has an effect allele A frequency of 0.0078 and non-effect allele G frequency of 0.9922.",SNP Disease Relations
What is the allele frequency of the SNP rs12724496 in an Alzheimer's disease study within a European cohort?,"According to the largest European genome-wide meta-analysis of Alzheimer's disease (Bellenguez, 2022), single nucleotide polymorphism rs12724496 has an effect allele C frequency of 0.3043 and non-effect allele T frequency of 0.6957.",SNP Disease Relations
What is the allele frequency of the SNP rs7721222 in an Alzheimer's disease study within a European cohort?,"According to the largest European genome-wide meta-analysis of Alzheimer's disease (Bellenguez, 2022), single nucleotide polymorphism rs7721222 has an effect allele A frequency of 0.0037 and non-effect allele G frequency of 0.9963.",SNP Disease Relations
What is the allele frequency of the SNP rs13196912 in an Alzheimer's disease study within a European cohort?,"According to the largest European genome-wide meta-analysis of Alzheimer's disease (Bellenguez, 2022), single nucleotide polymorphism rs13196912 has an effect allele T frequency of 0.0371 and non-effect allele A frequency of 0.9629.",SNP Disease Relations
What is the allele frequency of the SNP rs112751594 in an Alzheimer's disease study within a European cohort?,"According to the largest European genome-wide meta-analysis of Alzheimer's disease (Bellenguez, 2022), single nucleotide polymorphism rs112751594 has an effect allele A frequency of 0.0345 and non-effect allele C frequency of 0.9655.",SNP Disease Relations
What is the allele frequency of the SNP rs116757127 in an Alzheimer's disease study within a European cohort?,"According to the largest European genome-wide meta-analysis of Alzheimer's disease (Bellenguez, 2022), single nucleotide polymorphism rs116757127 has an effect allele C frequency of 0.0094 and non-effect allele T frequency of 0.9906.",SNP Disease Relations
What is the allele frequency of the SNP rs73742195 in an Alzheimer's disease study within a European cohort?,"According to the largest European genome-wide meta-analysis of Alzheimer's disease (Bellenguez, 2022), single nucleotide polymorphism rs73742195 has an effect allele T frequency of 0.0172 and non-effect allele C frequency of 0.9828.",SNP Disease Relations
What is the allele frequency of the SNP rs972313902 in an Alzheimer's disease study within a European cohort?,"According to the largest European genome-wide meta-analysis of Alzheimer's disease (Bellenguez, 2022), single nucleotide polymorphism rs972313902 has an effect allele G frequency of 0.0007 and non-effect allele A frequency of 0.9993.",SNP Disease Relations
What is the allele frequency of the SNP rs919177230 in an Alzheimer's disease study within a European cohort?,"According to the largest European genome-wide meta-analysis of Alzheimer's disease (Bellenguez, 2022), single nucleotide polymorphism rs919177230 has an effect allele C frequency of 0.0003 and non-effect allele T frequency of 0.9997.",SNP Disease Relations
What is the allele frequency of the SNP rs748269512 in an Alzheimer's disease study within a European cohort?,"According to the largest European genome-wide meta-analysis of Alzheimer's disease (Bellenguez, 2022), single nucleotide polymorphism rs748269512 has an effect allele T frequency of 0.0007 and non-effect allele C frequency of 0.9993.",SNP Disease Relations
What is the allele frequency of the SNP rs531932625 in an Alzheimer's disease study within a European cohort?,"According to the largest European genome-wide meta-analysis of Alzheimer's disease (Bellenguez, 2022), single nucleotide polymorphism rs531932625 has an effect allele T frequency of 0.0009 and non-effect allele C frequency of 0.9991.",SNP Disease Relations
What is the allele frequency of the SNP rs192624005 in an Alzheimer's disease study within a European cohort?,"According to the largest European genome-wide meta-analysis of Alzheimer's disease (Bellenguez, 2022), single nucleotide polymorphism rs192624005 has an effect allele A frequency of 0.0006 and non-effect allele C frequency of 0.9994.",SNP Disease Relations
What is the allele frequency of the SNP rs192630294 in an Alzheimer's disease study within a European cohort?,"According to the largest European genome-wide meta-analysis of Alzheimer's disease (Bellenguez, 2022), single nucleotide polymorphism rs192630294 has an effect allele A frequency of 0.0095 and non-effect allele G frequency of 0.9905.",SNP Disease Relations
What is the allele frequency of the SNP rs149971516 in an Alzheimer's disease study within a European cohort?,"According to the largest European genome-wide meta-analysis of Alzheimer's disease (Bellenguez, 2022), single nucleotide polymorphism rs149971516 has an effect allele G frequency of 0.0073 and non-effect allele C frequency of 0.9927.",SNP Disease Relations
What is the allele frequency of the SNP rs962063465 in an Alzheimer's disease study within a European cohort?,"According to the largest European genome-wide meta-analysis of Alzheimer's disease (Bellenguez, 2022), single nucleotide polymorphism rs962063465 has an effect allele G frequency of 0.0019 and non-effect allele A frequency of 0.9981.",SNP Disease Relations
What is the allele frequency of the SNP rs782099287 in an Alzheimer's disease study within a European cohort?,"According to the largest European genome-wide meta-analysis of Alzheimer's disease (Bellenguez, 2022), single nucleotide polymorphism rs782099287 has an effect allele T frequency of 0.0005 and non-effect allele C frequency of 0.9995.",SNP Disease Relations
What is the allele frequency of the SNP rs549602918 in an Alzheimer's disease study within a European cohort?,"According to the largest European genome-wide meta-analysis of Alzheimer's disease (Bellenguez, 2022), single nucleotide polymorphism rs549602918 has an effect allele G frequency of 0.0005 and non-effect allele A frequency of 0.9995.",SNP Disease Relations
What is the allele frequency of the SNP rs61792681 in an Alzheimer's disease study within a European cohort?,"According to the largest European genome-wide meta-analysis of Alzheimer's disease (Bellenguez, 2022), single nucleotide polymorphism rs61792681 has an effect allele G frequency of 0.0563 and non-effect allele A frequency of 0.9437.",SNP Disease Relations
What is the allele frequency of the SNP rs182382434 in an Alzheimer's disease study within a European cohort?,"According to the largest European genome-wide meta-analysis of Alzheimer's disease (Bellenguez, 2022), single nucleotide polymorphism rs182382434 has an effect allele T frequency of 0.0035 and non-effect allele A frequency of 0.9965.",SNP Disease Relations
What is the allele frequency of the SNP rs61447075 in an Alzheimer's disease study within a European cohort?,"According to the largest European genome-wide meta-analysis of Alzheimer's disease (Bellenguez, 2022), single nucleotide polymorphism rs61447075 has an effect allele C frequency of 0.0378 and non-effect allele T frequency of 0.9622.",SNP Disease Relations
What is the allele frequency of the SNP rs185322054 in an Alzheimer's disease study within a European cohort?,"According to the largest European genome-wide meta-analysis of Alzheimer's disease (Bellenguez, 2022), single nucleotide polymorphism rs185322054 has an effect allele G frequency of 0.003 and non-effect allele T frequency of 0.997.",SNP Disease Relations
What is the allele frequency of the SNP rs1047727922 in an Alzheimer's disease study within a European cohort?,"According to the largest European genome-wide meta-analysis of Alzheimer's disease (Bellenguez, 2022), single nucleotide polymorphism rs1047727922 has an effect allele T frequency of 0.0008 and non-effect allele C frequency of 0.9992.",SNP Disease Relations
What is the allele frequency of the SNP rs74436856 in an Alzheimer's disease study within a European cohort?,"According to the largest European genome-wide meta-analysis of Alzheimer's disease (Bellenguez, 2022), single nucleotide polymorphism rs74436856 has an effect allele A frequency of 0.0275 and non-effect allele G frequency of 0.9725.",SNP Disease Relations
What is the allele frequency of the SNP rs377156968 in an Alzheimer's disease study within a European cohort?,"According to the largest European genome-wide meta-analysis of Alzheimer's disease (Bellenguez, 2022), single nucleotide polymorphism rs377156968 has an effect allele T frequency of 0.0026 and non-effect allele TA frequency of 0.9974.",SNP Disease Relations
What is the allele frequency of the SNP rs7035241 in an Alzheimer's disease study within a European cohort?,"According to the largest European genome-wide meta-analysis of Alzheimer's disease (Bellenguez, 2022), single nucleotide polymorphism rs7035241 has an effect allele A frequency of 0.0124 and non-effect allele G frequency of 0.9876.",SNP Disease Relations
What is the allele frequency of the SNP rs1322694 in an Alzheimer's disease study within a European cohort?,"According to the largest European genome-wide meta-analysis of Alzheimer's disease (Bellenguez, 2022), single nucleotide polymorphism rs1322694 has an effect allele C frequency of 0.1276 and non-effect allele G frequency of 0.8724.",SNP Disease Relations
What is the allele frequency of the SNP rs139266011 in an Alzheimer's disease study within a European cohort?,"According to the largest European genome-wide meta-analysis of Alzheimer's disease (Bellenguez, 2022), single nucleotide polymorphism rs139266011 has an effect allele C frequency of 0.0211 and non-effect allele G frequency of 0.9789.",SNP Disease Relations
What is the allele frequency of the SNP rs7997002 in an Alzheimer's disease study within a European cohort?,"According to the largest European genome-wide meta-analysis of Alzheimer's disease (Bellenguez, 2022), single nucleotide polymorphism rs7997002 has an effect allele A frequency of 0.4631 and non-effect allele C frequency of 0.5369.",SNP Disease Relations
What are the names of the genes that are targeted by the drug Duvelisib in the treatment of neoplasm of mature B-cells?,"In the context of neoplasm of mature B-cells, the drug Duvelisib targets the gene phosphatidylinositol-4,5-bisphosphate 3-kinase catalytic subunit delta and phosphatidylinositol-4,5-bisphosphate 3-kinase catalytic subunit gamma.",Drug Gene Relations; Drug Disease Relations
What are the names of the genes that are targeted by the drug Octreotide Acetate in the treatment of metastasis?,"In the context of metastasis, the drug Octreotide Acetate targets the gene somatostatin receptor 5, somatostatin receptor 2, somatostatin receptor 3, somatostatin receptor 1 and somatostatin receptor 4.",Drug Gene Relations; Drug Disease Relations
What are the names of the genes that are targeted by the drug Oxymetazoline Hydrochloride in the treatment of ptosis?,"In the context of ptosis, the drug Oxymetazoline Hydrochloride targets the gene adrenoceptor alpha 1A, adrenoceptor alpha 1D, adrenoceptor alpha 1B, adrenoceptor alpha 2A, adrenoceptor alpha 2C and adrenoceptor alpha 2B.",Drug Gene Relations; Drug Disease Relations
What are the names of the genes that are targeted by the drug Amlodipine Benzoate in the treatment of diabetes mellitus?,"In the context of diabetes mellitus, the drug Amlodipine Benzoate targets the gene calcium voltage-gated channel subunit alpha1 C, calcium voltage-gated channel subunit alpha1 S, calcium voltage-gated channel subunit alpha1 D and calcium voltage-gated channel subunit alpha1 F.",Drug Gene Relations; Drug Disease Relations
What are the names of the genes that are targeted by the drug Ephedrine Sulfate in the treatment of Nasal congestion?,"In the context of Nasal congestion, the drug Ephedrine Sulfate targets the gene adrenoceptor alpha 1A, adrenoceptor beta 2, adrenoceptor beta 1, adrenoceptor beta 3, adrenoceptor alpha 1D, adrenoceptor alpha 1B, adrenoceptor alpha 2A, adrenoceptor alpha 2C and adrenoceptor alpha 2B.",Drug Gene Relations; Drug Disease Relations
What are the names of the genes that are targeted by the drug Nintedanib Esylate in the treatment of systemic scleroderma?,"In the context of systemic scleroderma, the drug Nintedanib Esylate targets the gene kinase insert domain receptor, fibroblast growth factor receptor 1, fibroblast growth factor receptor 3, fibroblast growth factor receptor 2, fms related receptor tyrosine kinase 1, fms related receptor tyrosine kinase 4, platelet derived growth factor receptor beta, platelet derived growth factor receptor alpha and fibroblast growth factor receptor 4.",Drug Gene Relations; Drug Disease Relations
What are the names of the genes that are targeted by the drug Nitroglycerin in the treatment of pain?,"In the context of pain, the drug Nitroglycerin targets the gene guanylate cyclase 1 soluble subunit beta 1, guanylate cyclase 1 soluble subunit beta 2 (pseudogene), guanylate cyclase 1 soluble subunit alpha 2 and guanylate cyclase 1 soluble subunit alpha 1.",Drug Gene Relations; Drug Disease Relations
What are the names of the genes that are targeted by the drug Sorafenib Tosylate in the treatment of thyroid cancer?,"In the context of thyroid cancer, the drug Sorafenib Tosylate targets the gene kinase insert domain receptor, B-Raf proto-oncogene, serine/threonine kinase, fms related receptor tyrosine kinase 1, fms related receptor tyrosine kinase 3, KIT proto-oncogene, receptor tyrosine kinase, fms related receptor tyrosine kinase 4, platelet derived growth factor receptor beta, Raf-1 proto-oncogene, serine/threonine kinase and ret proto-oncogene.",Drug Gene Relations; Drug Disease Relations
What are the names of the genes that are targeted by the drug Lidocaine in the treatment of sprain?,"In the context of sprain, the drug Lidocaine targets the gene sodium voltage-gated channel alpha subunit 1, sodium voltage-gated channel alpha subunit 5, sodium voltage-gated channel alpha subunit 4, sodium voltage-gated channel alpha subunit 7, sodium voltage-gated channel alpha subunit 2, sodium voltage-gated channel alpha subunit 9, sodium voltage-gated channel alpha subunit 3, sodium voltage-gated channel alpha subunit 11, sodium voltage-gated channel alpha subunit 8 and sodium voltage-gated channel alpha subunit 10.",Drug Gene Relations; Drug Disease Relations
What are the names of the genes that are targeted by the drug Ephedrine Sulfate in the treatment of seasonal allergic rhinitis?,"In the context of seasonal allergic rhinitis, the drug Ephedrine Sulfate targets the gene adrenoceptor alpha 1A, adrenoceptor beta 2, adrenoceptor beta 1, adrenoceptor beta 3, adrenoceptor alpha 1D, adrenoceptor alpha 1B, adrenoceptor alpha 2A, adrenoceptor alpha 2C and adrenoceptor alpha 2B.",Drug Gene Relations; Drug Disease Relations
What are the names of the genes that are targeted by the drug Epinephrine in the treatment of muscle cramp?,"In the context of muscle cramp, the drug Epinephrine targets the gene adrenoceptor alpha 1A, adrenoceptor beta 2, adrenoceptor beta 1, adrenoceptor beta 3, adrenoceptor alpha 1D, adrenoceptor alpha 1B, adrenoceptor alpha 2A, adrenoceptor alpha 2C and adrenoceptor alpha 2B.",Drug Gene Relations; Drug Disease Relations
What are the names of the genes that are targeted by the drug Entrectinib in the treatment of non-small cell lung carcinoma?,"In the context of non-small cell lung carcinoma, the drug Entrectinib targets the gene neurotrophic receptor tyrosine kinase 1, ALK receptor tyrosine kinase, neurotrophic receptor tyrosine kinase 2, neurotrophic receptor tyrosine kinase 3 and ROS proto-oncogene 1, receptor tyrosine kinase.",Drug Gene Relations; Drug Disease Relations
What are the names of the genes that are targeted by the drug Copanlisib Hydrochloride in the treatment of neoplasm of mature B-cells?,"In the context of neoplasm of mature B-cells, the drug Copanlisib Hydrochloride targets the gene phosphatidylinositol-4,5-bisphosphate 3-kinase catalytic subunit delta and phosphatidylinositol-4,5-bisphosphate 3-kinase catalytic subunit alpha.",Drug Gene Relations; Drug Disease Relations
What are the names of the genes that are targeted by the drug Nitric Oxide in the treatment of respiratory failure?,"In the context of respiratory failure, the drug Nitric Oxide targets the gene guanylate cyclase 1 soluble subunit beta 1, guanylate cyclase 1 soluble subunit beta 2 (pseudogene), guanylate cyclase 1 soluble subunit alpha 2 and guanylate cyclase 1 soluble subunit alpha 1.",Drug Gene Relations; Drug Disease Relations
What are the names of the genes that are targeted by the drug Nitroglycerin in the treatment of heart failure?,"In the context of heart failure, the drug Nitroglycerin targets the gene guanylate cyclase 1 soluble subunit beta 1, guanylate cyclase 1 soluble subunit beta 2 (pseudogene), guanylate cyclase 1 soluble subunit alpha 2 and guanylate cyclase 1 soluble subunit alpha 1.",Drug Gene Relations; Drug Disease Relations
What are the names of the genes that are targeted by the drug Pemetrexed in the treatment of mesothelioma?,"In the context of mesothelioma, the drug Pemetrexed targets the gene thymidylate synthetase, phosphoribosylglycinamide formyltransferase, phosphoribosylglycinamide synthetase, phosphoribosylaminoimidazole synthetase and dihydrofolate reductase.",Drug Gene Relations; Drug Disease Relations
What are the names of the genes that are targeted by the drug Trametinib in the treatment of cholangiocarcinoma?,"Trametinib has not been approved by the FDA as a treatment for cholangiocarcinoma, but it is currently undergoing evaluation in clinical trials for this purpose. However, the proposed gene target names are  mitogen-activated protein kinase kinase 2 and mitogen-activated protein kinase kinase 1.",Drug Gene Relations; Drug Disease Relations
What are the names of the genes that are targeted by the drug Carvedilol in the treatment of congestive heart failure?,"In the context of congestive heart failure, the drug Carvedilol targets the gene adrenoceptor alpha 1A, adrenoceptor beta 2, adrenoceptor beta 1, adrenoceptor beta 3, adrenoceptor alpha 1D and adrenoceptor alpha 1B.",Drug Gene Relations; Drug Disease Relations
What are the names of the genes that are targeted by the drug Sorafenib in the treatment of renal cell carcinoma?,"In the context of renal cell carcinoma, the drug Sorafenib targets the gene kinase insert domain receptor, B-Raf proto-oncogene, serine/threonine kinase, fms related receptor tyrosine kinase 1, fms related receptor tyrosine kinase 3, KIT proto-oncogene, receptor tyrosine kinase, fms related receptor tyrosine kinase 4, platelet derived growth factor receptor beta, Raf-1 proto-oncogene, serine/threonine kinase and ret proto-oncogene.",Drug Gene Relations; Drug Disease Relations
What are the names of the genes that are targeted by the drug Acetaminophen in the treatment of Back pain?,"In the context of Back pain, the drug Acetaminophen targets the gene prostaglandin-endoperoxide synthase 2, prostaglandin-endoperoxide synthase 1, transient receptor potential cation channel subfamily V member 1 and fatty acid amide hydrolase.",Drug Gene Relations; Drug Disease Relations
What are the names of the genes that are targeted by the drug Acetaminophen in the treatment of Dysmenorrhea?,"In the context of Dysmenorrhea, the drug Acetaminophen targets the gene prostaglandin-endoperoxide synthase 2, prostaglandin-endoperoxide synthase 1, transient receptor potential cation channel subfamily V member 1 and fatty acid amide hydrolase.",Drug Gene Relations; Drug Disease Relations
What are the names of the genes that are targeted by the drug Lidocaine in the treatment of muscle cramp?,"In the context of muscle cramp, the drug Lidocaine targets the gene sodium voltage-gated channel alpha subunit 1, sodium voltage-gated channel alpha subunit 5, sodium voltage-gated channel alpha subunit 4, sodium voltage-gated channel alpha subunit 7, sodium voltage-gated channel alpha subunit 2, sodium voltage-gated channel alpha subunit 9, sodium voltage-gated channel alpha subunit 3, sodium voltage-gated channel alpha subunit 11, sodium voltage-gated channel alpha subunit 8 and sodium voltage-gated channel alpha subunit 10.",Drug Gene Relations; Drug Disease Relations
What are the names of the genes that are targeted by the drug Ropivacaine Hydrochloride in the treatment of pain?,"In the context of pain, the drug Ropivacaine Hydrochloride targets the gene sodium voltage-gated channel alpha subunit 1, sodium voltage-gated channel alpha subunit 5, sodium voltage-gated channel alpha subunit 4, sodium voltage-gated channel alpha subunit 7, sodium voltage-gated channel alpha subunit 2, sodium voltage-gated channel alpha subunit 9, sodium voltage-gated channel alpha subunit 3, sodium voltage-gated channel alpha subunit 11, sodium voltage-gated channel alpha subunit 8 and sodium voltage-gated channel alpha subunit 10.",Drug Gene Relations; Drug Disease Relations
What are the names of the genes that are targeted by the drug Rufinamide in the treatment of Lennox-Gastaut syndrome?,"In the context of Lennox-Gastaut syndrome, the drug Rufinamide targets the gene sodium voltage-gated channel alpha subunit 1, sodium voltage-gated channel alpha subunit 5, sodium voltage-gated channel alpha subunit 4, sodium voltage-gated channel alpha subunit 7, sodium voltage-gated channel alpha subunit 2, sodium voltage-gated channel alpha subunit 9, sodium voltage-gated channel alpha subunit 3, sodium voltage-gated channel alpha subunit 11, sodium voltage-gated channel alpha subunit 8 and sodium voltage-gated channel alpha subunit 10.",Drug Gene Relations; Drug Disease Relations
What are the names of the genes that are targeted by the drug Trametinib in the treatment of malignant glioma?,"Trametinib has not been approved by the FDA as a treatment for malignant glioma, but it is currently undergoing evaluation in clinical trials for this purpose. However, the proposed gene target names are  mitogen-activated protein kinase kinase 2 and mitogen-activated protein kinase kinase 1.",Drug Gene Relations; Drug Disease Relations
What are the names of the genes that are targeted by the drug Oxymetazoline Hydrochloride in the treatment of allergic rhinitis?,"In the context of allergic rhinitis, the drug Oxymetazoline Hydrochloride targets the gene adrenoceptor alpha 1A, adrenoceptor alpha 1D, adrenoceptor alpha 1B, adrenoceptor alpha 2A, adrenoceptor alpha 2C and adrenoceptor alpha 2B.",Drug Gene Relations; Drug Disease Relations
What are the names of the genes that are targeted by the drug Acetaminophen in the treatment of pharyngitis?,"In the context of pharyngitis, the drug Acetaminophen targets the gene prostaglandin-endoperoxide synthase 2, prostaglandin-endoperoxide synthase 1, transient receptor potential cation channel subfamily V member 1 and fatty acid amide hydrolase.",Drug Gene Relations; Drug Disease Relations
What are the names of the genes that are targeted by the drug Acetaminophen in the treatment of pain?,"In the context of pain, the drug Acetaminophen targets the gene prostaglandin-endoperoxide synthase 2, prostaglandin-endoperoxide synthase 1, transient receptor potential cation channel subfamily V member 1 and fatty acid amide hydrolase.",Drug Gene Relations; Drug Disease Relations
What are the names of the genes that are targeted by the drug Ephedrine Sulfate in the treatment of common cold?,"In the context of common cold, the drug Ephedrine Sulfate targets the gene adrenoceptor alpha 1A, adrenoceptor beta 2, adrenoceptor beta 1, adrenoceptor beta 3, adrenoceptor alpha 1D, adrenoceptor alpha 1B, adrenoceptor alpha 2A, adrenoceptor alpha 2C and adrenoceptor alpha 2B.",Drug Gene Relations; Drug Disease Relations
What are the names of the genes that are targeted by the drug Lutetium Dotatate Lu-177 in the treatment of pancreatic neuroendocrine tumor?,"In the context of pancreatic neuroendocrine tumor, the drug Lutetium Dotatate Lu-177 targets the gene somatostatin receptor 5, somatostatin receptor 2, somatostatin receptor 3, somatostatin receptor 1 and somatostatin receptor 4.",Drug Gene Relations; Drug Disease Relations
What are the names of the genes that are targeted by the drug Amantadine Hydrochloride in the treatment of secondary Parkinson disease?,"In the context of secondary Parkinson disease, the drug Amantadine Hydrochloride targets the gene glutamate ionotropic receptor NMDA type subunit 1, glutamate ionotropic receptor NMDA type subunit 2A, glutamate ionotropic receptor NMDA type subunit 2B, glutamate ionotropic receptor NMDA type subunit 2D, glutamate ionotropic receptor NMDA type subunit 3B, glutamate ionotropic receptor NMDA type subunit 2C and glutamate ionotropic receptor NMDA type subunit 3A.",Drug Gene Relations; Drug Disease Relations
What are the names of the genes that are targeted by the drug Carbamazepine in the treatment of Seizure?,"In the context of Seizure, the drug Carbamazepine targets the gene sodium voltage-gated channel alpha subunit 1, sodium voltage-gated channel alpha subunit 5, sodium voltage-gated channel alpha subunit 4, sodium voltage-gated channel alpha subunit 7, sodium voltage-gated channel alpha subunit 2, sodium voltage-gated channel alpha subunit 9, sodium voltage-gated channel alpha subunit 3, sodium voltage-gated channel alpha subunit 11, sodium voltage-gated channel alpha subunit 8 and sodium voltage-gated channel alpha subunit 10.",Drug Gene Relations; Drug Disease Relations
What are the names of the genes that are targeted by the drug Epinephrine in the treatment of glaucoma?,"In the context of glaucoma, the drug Epinephrine targets the gene adrenoceptor alpha 1A, adrenoceptor beta 2, adrenoceptor beta 1, adrenoceptor beta 3, adrenoceptor alpha 1D, adrenoceptor alpha 1B, adrenoceptor alpha 2A, adrenoceptor alpha 2C and adrenoceptor alpha 2B.",Drug Gene Relations; Drug Disease Relations
What are the names of the genes that are targeted by the drug Imatinib Mesylate in the treatment of chronic myelogenous leukemia?,"In the context of chronic myelogenous leukemia, the drug Imatinib Mesylate targets the gene ABL proto-oncogene 1, non-receptor tyrosine kinase, BCR activator of RhoGEF and GTPase, KIT proto-oncogene, receptor tyrosine kinase and platelet derived growth factor receptor beta.",Drug Gene Relations; Drug Disease Relations
What are the names of the genes that are targeted by the drug Infigratinib Phosphate in the treatment of cholangiocarcinoma?,"In the context of cholangiocarcinoma, the drug Infigratinib Phosphate targets the gene fibroblast growth factor receptor 1, fibroblast growth factor receptor 3, fibroblast growth factor receptor 2 and fibroblast growth factor receptor 4.",Drug Gene Relations; Drug Disease Relations
What are the names of the genes that are targeted by the drug Vericiguat in the treatment of cardiovascular disease?,"In the context of cardiovascular disease, the drug Vericiguat targets the gene guanylate cyclase 1 soluble subunit beta 1, guanylate cyclase 1 soluble subunit beta 2 (pseudogene), guanylate cyclase 1 soluble subunit alpha 2 and guanylate cyclase 1 soluble subunit alpha 1.",Drug Gene Relations; Drug Disease Relations
What are the names of the genes that are targeted by the drug Dabigatran in the treatment of stroke?,"Dabigatran has not been approved by the FDA as a treatment for stroke, but it is currently undergoing evaluation in clinical trials for this purpose. However, the proposed gene target name is coagulation factor II, thrombin.",Drug Gene Relations; Drug Disease Relations
What are the names of the genes that are targeted by the drug Phentolamine Mesylate in the treatment of adrenal gland pheochromocytoma?,"In the context of adrenal gland pheochromocytoma, the drug Phentolamine Mesylate targets the gene adrenoceptor alpha 1A, adrenoceptor alpha 1D, adrenoceptor alpha 1B, adrenoceptor alpha 2A, adrenoceptor alpha 2C and adrenoceptor alpha 2B.",Drug Gene Relations; Drug Disease Relations
What are the names of the genes that are targeted by the drug Nitroglycerin in the treatment of angina pectoris?,"In the context of angina pectoris, the drug Nitroglycerin targets the gene guanylate cyclase 1 soluble subunit beta 1, guanylate cyclase 1 soluble subunit beta 2 (pseudogene), guanylate cyclase 1 soluble subunit alpha 2 and guanylate cyclase 1 soluble subunit alpha 1.",Drug Gene Relations; Drug Disease Relations
What are the names of the genes that are targeted by the drug Riluzole in the treatment of amyotrophic lateral sclerosis?,"In the context of amyotrophic lateral sclerosis, the drug Riluzole targets the gene sodium voltage-gated channel alpha subunit 1, sodium voltage-gated channel alpha subunit 5, sodium voltage-gated channel alpha subunit 4, sodium voltage-gated channel alpha subunit 7, sodium voltage-gated channel alpha subunit 2, sodium voltage-gated channel alpha subunit 9, sodium voltage-gated channel alpha subunit 3, sodium voltage-gated channel alpha subunit 11, sodium voltage-gated channel alpha subunit 8 and sodium voltage-gated channel alpha subunit 10.",Drug Gene Relations; Drug Disease Relations
What are the names of the genes that are targeted by the drug Trametinib in the treatment of hepatocellular carcinoma?,"Trametinib has not been approved by the FDA as a treatment for hepatocellular carcinoma, but it is currently undergoing evaluation in clinical trials for this purpose. However, the proposed gene target names are  mitogen-activated protein kinase kinase 2 and mitogen-activated protein kinase kinase 1.",Drug Gene Relations; Drug Disease Relations
What are the names of the genes that are targeted by the drug Acetaminophen in the treatment of influenza?,"In the context of influenza, the drug Acetaminophen targets the gene prostaglandin-endoperoxide synthase 2, prostaglandin-endoperoxide synthase 1, transient receptor potential cation channel subfamily V member 1 and fatty acid amide hydrolase.",Drug Gene Relations; Drug Disease Relations
What are the names of the genes that are targeted by the drug Umbralisib Tosylate in the treatment of marginal zone B-cell lymphoma?,"In the context of marginal zone B-cell lymphoma, the drug Umbralisib Tosylate targets the gene ABL proto-oncogene 1, non-receptor tyrosine kinase, phosphatidylinositol-4,5-bisphosphate 3-kinase catalytic subunit delta and casein kinase 1 epsilon.",Drug Gene Relations; Drug Disease Relations
What drugs target the gene CASP1?,"There are no FDA approved drugs targeting the gene CASP1. However, the following drugs, which potentially target this gene, are currently in various clinical trial stages: Emricasan, Nivocasan, and Belnacasan.",Drug Gene Relations
What drugs target the gene ACE?,"The drugs that target ACE are Perindopril, Moexipril Hydrochloride, Lisinopril, Enalaprilat, Quinapril Hydrochloride, Perindopril Erbumine, Perindopril Arginine, Fosinopril, Fosinopril Sodium, Spirapril, Trandolapril, Captopril, Enalapril, Cilazapril, Spirapril Hydrochloride, Quinapril, Moexipril, Benazepril, Benazepril Hydrochloride, Imidapril, Ramipril, and Enalapril Maleate.",Drug Gene Relations
What drugs target the gene EGFR?,"The drugs that target EGFR are Amivantamab, Panitumumab, Erlotinib, Osimertinib Mesylate, Afatinib, Cetuximab, Lapatinib, Brigatinib, Vandetanib, Mobocertinib Succinate, Neratinib, Lapatinib Ditosylate, Necitumumab, Afatinib Dimaleate, Erlotinib Hydrochloride, Dacomitinib, Mobocertinib, Gefitinib, Osimertinib, and Neratinib Maleate.",Drug Gene Relations
What drugs target the gene DRD2?,"The drugs that target DRD2 are Promazine Hydrochloride, Thiethylperazine Maleate, Perphenazine, Triflupromazine, Benzquinamide, Prochlorperazine, Fluphenazine Decanoate, Haloperidol Decanoate, Loxapine Succinate, Trimipramine Maleate, Bromocriptine, Levomepromazine, Veralipride, Molindone, Fluspirilene, Fluphenazine Enanthate, Pramipexole, Asenapine, Droperidol, Cariprazine, Amisulpride, Benzquinamide Hydrochloride, Ropinirole, Olanzapine Pamoate, Benperidol, Ziprasidone, Ropinirole Hydrochloride, Thiothixene Hydrochloride, Rotigotine, Amoxapine, Remoxipride, Amineptine, Olanzapine, Aripiprazole, Thiothixene, Chlorpromazine Hydrochloride, Thiethylperazine Malate, Trimipramine, Chlorpromazine, Molindone Hydrochloride, Acetophenazine Maleate, Remoxipride Hydrochloride, Lumateperone, Carphenazine Maleate, Pimozide, Apomorphine, Apomorphine Hydrochloride, Thioridazine, Thiethylperazine, Ziprasidone Hydrochloride, Metoclopramide, Ergoloid Mesylates, Prochlorperazine Edisylate, Mesoridazine Besylate, Paliperidone, Clozapine, Risperidone, Lurasidone Hydrochloride, Triflupromazine Hydrochloride, Promazine, Loxapine, Domperidone, Pergolide, Asenapine Maleate, Acetophenazine, Bromperidol, Ziprasidone Mesylate, Iloperidone, Quetiapine Fumarate, Mesoridazine, Chlorprothixene, Fluphenazine, Cabergoline, Aripiprazole Lauroxil, Bromocriptine Mesylate, Minaprine Hydrochloride, Carphenazine, Cariprazine Hydrochloride, Trifluoperazine, Haloperidol Lactate, Sertindole, Sulpiride, Metoclopramide Hydrochloride, Ergoloid, Prochlorperazine Maleate, Haloperidol, Fluphenazine Hydrochloride, Minaprine, Paliperidone Palmitate, Clebopride, Trifluoperazine Hydrochloride, Lurasidone, Pramipexole Dihydrochloride, Loxapine Hydrochloride, Pergolide Mesylate, Quetiapine, Thioridazine Hydrochloride, and Brexpiprazole.",Drug Gene Relations
What drugs target the gene AR?,"The drugs that target AR are Oxymetholone, Testosterone Cypionate, Testosterone Undecanoate, Testosterone Propionate, Methyltestosterone, Dromostanolone Propionate, Cyproterone Acetate, Bicalutamide, Clascoterone, Oxandrolone, Ethylestrenol, Fluoxymesterone, Nandrolone Phenpropionate, Enzalutamide, Flutamide, Methandrostenolone, Danazol, Darolutamide, Testosterone, Nilutamide, Stanozolol, Nandrolone Decanoate, Testosterone Enanthate, Apalutamide, and Abiraterone.",Drug Gene Relations
What drugs target the gene ADORA2A?,"The drugs that target ADORA2A are Theophylline Sodium Glycinate, Adenosine, Theophylline Glycinate, Istradefylline, Regadenoson, Oxtriphylline, Pentoxifylline, Theophylline, Caffeine, Aminophylline, Caffeine, and  Citrated.",Drug Gene Relations
What drugs target the gene ACHE?,"The drugs that target ACHE are Ambenonium Chloride, Ambenonium, Rivastigmine, Pyridostigmine, Donepezil Hydrochloride, Galantamine Hydrobromide, Rivastigmine Tartrate, Neostigmine Methylsulfate, Isoflurophate, Tacrine, Echothiophate Iodide, Echothiophate, Demecarium, Distigmine, Physostigmine Salicylate, Galantamine, Physostigmine, Propanidid, Hexafluorenium, Donepezil, Demecarium Bromide, Pralidoxime Chloride, Hexafluorenium Bromide, Minaprine Hydrochloride, Edrophonium Chloride, Minaprine, Pralidoxime, Pyridostigmine Bromide, Edrophonium, Neostigmine, and Tacrine Hydrochloride.",Drug Gene Relations
What drugs target the gene DRD1?,"The drugs that target DRD1 are Methylergonovine, Methylergonovine Maleate, Amoxapine, Amineptine, Pimozide, Ergoloid Mesylates, Fenoldopam Mesylate, Pergolide, Minaprine Hydrochloride, Fenoldopam, Ergoloid, Minaprine, and Pergolide Mesylate.",Drug Gene Relations
What drugs target the gene SLC6A9?,"There are no FDA approved drugs targeting the gene SLC6A9. However, the following drugs, which potentially target this gene, are currently in various clinical trial stages: Org-25935, Pf-03463275, and Bitopertin.",Drug Gene Relations
What drugs target the gene IFNAR1?,"The drugs that target IFNAR1 are Interferon Alfa-N3, Interferon Beta-1A, Peginterferon Alfa-2B, Peginterferon Alfa-2A, Interferon Alfacon-1, Anifrolumab, Interferon Alfa-2B, Interferon Alfa-2A, Peginterferon Beta-1A, Interferon Beta-1B, and Ropeginterferon Alfa-2B.",Drug Gene Relations
What drugs target the gene KIF11?,"There are no FDA approved drugs targeting the gene KIF11. However, the following drugs, which potentially target this gene, are currently in various clinical trial stages: Azd-4877, Ispinesib, Litronesib, and Filanesib.",Drug Gene Relations
What drugs target the gene TNFSF13?,"There are no FDA approved drugs targeting the gene TNFSF13. However, the following drugs, which potentially target this gene, are currently in various clinical trial stages: Atacicept and Sibeprenlimab.",Drug Gene Relations
What drugs target the gene CXCR1?,"There are no FDA approved drugs targeting the gene CXCR1. However, the following drugs, which potentially target this gene, are currently in various clinical trial stages: Ladarixin, Navarixin, Reparixin, and Sx-682.",Drug Gene Relations
What drugs target the gene SLC6A3?,"The drugs that target SLC6A3 are Pyrovalerone, Phendimetrazine, Pyrovalerone Hydrochloride, Bupropion Hydrochloride, Methylphenidate Hydrochloride, Dextroamphetamine Saccharate, Dextroamphetamine Sulfate, Methamphetamine, Amphetamine Aspartate, Amphetamine, Bupropion, Diethylpropion, Bupropion Hydrobromide, Serdexmethylphenidate, Lisdexamfetamine Dimesylate, Diethylpropion Hydrochloride, Methylphenidate, Nomifensine Maleate, Sibutramine Hydrochloride, Armodafinil, Dextroamphetamine Adipate, Phendimetrazine Tartrate, Serdexmethylphenidate Chloride, Amphetamine Adipate, Phenmetrazine Hydrochloride, Nomifensine, Amphetamine Sulfate, Dextroamphetamine, Modafinil, Methamphetamine Hydrochloride, Mazindol, Sibutramine, Dexmethylphenidate, Dexmethylphenidate Hydrochloride, Phenmetrazine, and Lisdexamfetamine.",Drug Gene Relations
What drugs target the gene MAGEA3?,"There are no FDA approved drugs targeting the gene MAGEA3. However, the following drugs, which potentially target this gene, are currently in various clinical trial stages: Astuprotimut-R and Biropepimut-S.",Drug Gene Relations
What drugs target the gene PIK3R3?,"There are no FDA approved drugs targeting the gene PIK3R3. However, the following drugs, which potentially target this gene, are currently in various clinical trial stages: Bgt-226, Pictilisib, Zstk-474, Azd-6482, Gsk-1059615, Paxalisib, Sf-1126, Sonolisib, Samotolisib, Panulisib, Voxtalisib, Wx-037, Pf-04691502, Buparlisib, Pwt-33587, Taselisib, Vs-5584, Ds-7423, Gedatolisib, Apitolisib, Izorlisib, Pilaralisib, Omipalisib, Dactolisib, Puquitinib, and Recilisib.",Drug Gene Relations
What drugs target the gene SCN10A?,"The drugs that target SCN10A are Propoxycaine, Orphenadrine, Indecainide, Quinidine Polygalacturonate, Fosphenytoin Sodium, Prilocaine Hydrochloride, Zonisamide, Mexiletine, Hexylcaine Hydrochloride, Fosphenytoin, Phenazopyridine Hydrochloride, Primidone, Phenytoin Sodium, Propafenone, Topiramate, Chloroprocaine, Dibucaine, Etidocaine Hydrochloride, Propoxycaine Hydrochloride, Benoxinate, Oxcarbazepine, Quinidine, Articaine Hydrochloride, Chloroprocaine Hydrochloride, Moricizine Hydrochloride, Quinidine Gluconate, Riluzole, Dyclonine, Cenobamate, Propafenone Hydrochloride, Benoxinate Hydrochloride, Disopyramide, Proparacaine Hydrochloride, Procaine Hydrochloride, Ethotoin, Articaine, Mepivacaine, Etidocaine, Merethoxylline Procaine, Prilocaine, Quinidine Sulfate, Cocaine Hydrochloride, Procaine, Hexylcaine, Tetracaine Hydrochloride, Phenytoin, Dronedarone Hydrochloride, Erlosamide, Ropivacaine, Mexiletine Hydrochloride, Lidocaine Hydrochloride, Tocainide Hydrochloride, Orphenadrine Hydrochloride, Moricizine, Phenazopyridine, Eslicarbazepine Acetate, Encainide, Ropivacaine Hydrochloride, Eslicarbazepine, Procainamide Hydrochloride, Dichlorobenzyl Alcohol, Mephenytoin, Tocainide, Procainamide, Rufinamide, Dronedarone, Dyclonine Hydrochloride, Tetracaine, Lamotrigine, Mepivacaine Hydrochloride, Carbamazepine, Cocaine, Lidocaine, Disopyramide Phosphate, Dibucaine Hydrochloride, Proparacaine, Orphenadrine Citrate, Encainide Hydrochloride, Phenacemide, and Indecainide Hydrochloride.",Drug Gene Relations
What drugs target the gene BCL2L10?,"There are no FDA approved drugs targeting the gene BCL2L10. However, the following drugs, which potentially target this gene, are currently in various clinical trial stages: Obatoclax and Obatoclax Mesylate.",Drug Gene Relations
What drugs target the gene CDK11B?,"There are no FDA approved drugs targeting the gene CDK11B. However, the following drugs, which potentially target this gene, are currently in various clinical trial stages: Roniciclib, Pha-793887, Azd-5438, and At-7519.",Drug Gene Relations
What drugs target the gene TUBB4B?,"The drugs that target TUBB4B are Polatuzumab Vedotin, Cabazitaxel, Vinflunine, Brentuximab Vedotin, Docetaxel, Belantamab Mafodotin, Paclitaxel, Vinorelbine, Ixabepilone, Enfortumab Vedotin, Eribulin Mesylate, Vincristine Sulfate, Tisotumab Vedotin, Vinblastine, Colchicine, Vincristine, Eribulin, Trastuzumab Emtansine, Vinblastine Sulfate, and Vinorelbine Tartrate.",Drug Gene Relations
What drugs target the gene P2RY4?,"There are no FDA approved drugs targeting the gene P2RY4. However, the following drugs, which potentially target this gene, are currently in various clinical trial stages: Diquafosol Tetrasodium and Diquafosol.",Drug Gene Relations
What drugs target the gene TRGV3?,"There are no FDA approved drugs targeting the gene TRGV3. However, the following drugs, which potentially target this gene, are currently in various clinical trial stages: Medi-500, Tol-101, and Maslimomab.",Drug Gene Relations
What drugs target the gene IFNAR2?,"The drugs that target IFNAR2 are Interferon Alfa-N3, Interferon Beta-1A, Peginterferon Alfa-2B, Peginterferon Alfa-2A, Interferon Alfacon-1, Interferon Alfa-2B, Interferon Alfa-2A, Peginterferon Beta-1A, Interferon Beta-1B, and Ropeginterferon Alfa-2B.",Drug Gene Relations
What drugs target the gene KIT?,"The drugs that target KIT are Sorafenib, Pazopanib Hydrochloride, Regorafenib, Tivozanib, Sorafenib Tosylate, Pexidartinib, Tivozanib Hydrochloride, Imatinib, Ripretinib, Avapritinib, Imatinib Mesylate, Sunitinib, Sunitinib Malate, Pexidartinib Hydrochloride, Dasatinib, Masitinib, Pazopanib, and Midostaurin.",Drug Gene Relations
What drugs target the gene CHRNA1?,"The drugs that target CHRNA1 are Pipecuronium, Decamethonium, Vecuronium, Rocuronium, Metocurine Iodide, Succinylcholine Chloride, Tubocurarine, Rocuronium Bromide, Cisatracurium, Cisatracurium Besylate, Mivacurium Chloride, Pancuronium, Gallamine, Vecuronium Bromide, Gallamine Triethiodide, Metocurine, Atracurium Besylate, Doxacurium, Rapacuronium, Tubocurarine Chloride, Decamethonium Bromide, Pipecuronium Bromide, Rapacuronium Bromide, Doxacurium Chloride, Atracurium, Mivacurium, Pancuronium Bromide, and Suxamethonium.",Drug Gene Relations
What drugs target the gene PTGS2?,"The drugs that target PTGS2 are Acetaminophen, Oxyphenbutazone, Aloxiprin, Lumiracoxib, Carprofen, Ibuprofen Sodium, Glafenine, Diflunisal, Sulindac, Suprofen, Etodolac, Meloxicam, Bromfenac Sodium, Balsalazide, Balsalazide Disodium, Bismuth Subsalicylate, Tolmetin Sodium, Dexibuprofen, Benzydamine, Fenclofenac, Aspirin, Etoricoxib, Isoxicam, Piroxicam, Ketorolac Tromethamine, Parecoxib Sodium, Flurbiprofen Sodium, Oxaprozin, Dipyrone, Diclofenac Sodium, Sulfasalazine, Diclofenac Epolamine, Fenoprofen Calcium, Diclofenac, Indomethacin, Ibuprofen, Benzydamine Hydrochloride, Ibufenac, Oxaprozin Potassium, Aceclofenac, Meclofenamate Sodium, Acemetacin, Olsalazine Sodium, Apazone, Rofecoxib, Pirprofen, Ibuprofen Lysine, Indomethacin Sodium, Olsalazine, Indoprofen, Phenylbutazone, Naproxen, Fenoprofen, Ketorolac, Mefenamic Acid, Meclofenamic Acid, Celecoxib, Nepafenac, Diclofenac Potassium, Naproxen Sodium, Dexketoprofen, Bromfenac, Clometacin, Tolmetin, Nabumetone, Lornoxicam, Flurbiprofen, Ketoprofen, Valdecoxib, Parecoxib, and Mesalamine.",Drug Gene Relations
What drugs target the gene TACR3?,"There are no FDA approved drugs targeting the gene TACR3. However, the following drugs, which potentially target this gene, are currently in various clinical trial stages: Talnetant, Pavinetant, Fezolinetant, and Elinzanetant.",Drug Gene Relations
What drugs target the gene OPRM1?,"The drugs that target OPRM1 are Morphine, Diphenoxylate, Naloxegol Oxalate, Propoxyphene Napsylate, Codeine Polistirex, Meperidine Hydrochloride, Benzhydrocodone, Remifentanil Hydrochloride, Difenoxin, Nalmefene Hydrochloride, Fentanyl Citrate, Butorphanol, Oxycodone Terephthalate, Alfentanil Hydrochloride, Naldemedine Tosylate, Nalbuphine, Propoxyphene, Remifentanil, Meperidine, Dezocine, Anileridine, Butorphanol Tartrate, Methadone, Methylnaltrexone, Codeine Phosphate, Nalbuphine Hydrochloride, Alfentanil, Buprenorphine Hydrochloride, Levomethadyl Acetate, Dihydrocodeine, Methylnaltrexone Bromide, Meptazinol, Hydrocodone Bitartrate, Hydrocodone Polistirex, Levallorphan, Samidorphan L-Malate, Dextromoramide, Benzhydrocodone Hydrochloride, Hydromorphone, Naltrexone Hydrochloride, Tramadol Hydrochloride, Loperamide, Levomethadyl Acetate Hydrochloride, Buprenorphine, Sufentanil, Oxymorphone, Naltrexone, Morphine Sulfate, Codeine Sulfate, Difenoxin Hydrochloride, Propoxyphene Hydrochloride, Diacetylmorphine, Fentanyl Hydrochloride, Naloxone Hydrochloride, Sufentanil Citrate, Tapentadol, Nalmefene, Oxycodone Hydrochloride, Diphenoxylate Hydrochloride, Dihydrocodeine Bitartrate, Levorphanol, Hydromorphone Hydrochloride, Hydrocodone, Samidorphan, Oxymorphone Hydrochloride, Anileridine Hydrochloride, Alvimopan, Naloxegol, Oliceridine, Anileridine Phosphate, Codeine, Naloxone, Levorphanol Tartrate, Tramadol, Levallorphan Tartrate, Oxycodone, Loperamide Hydrochloride, Naldemedine, Methadone Hydrochloride, Eluxadoline, Fentanyl, and Tapentadol Hydrochloride.",Drug Gene Relations
What drugs target the gene MAOA?,"The drugs that target MAOA are Phenelzine Sulfate, Mebanazine, Proxibarbal, Pargyline Hydrochloride, Tranylcypromine Sulfate, Iproniazid, Isocarboxazid, Nialamide, Tranylcypromine, Phenelzine, Phenoxypropazine, Minaprine Hydrochloride, Minaprine, Pargyline, and Moclobemide.",Drug Gene Relations
What drugs target the gene PTGS1?,"The drugs that target PTGS1 are Acetaminophen, Oxyphenbutazone, Aloxiprin, Ibuprofen Sodium, Glafenine, Diflunisal, Sulindac, Suprofen, Bromfenac Sodium, Balsalazide, Balsalazide Disodium, Bismuth Subsalicylate, Tolmetin Sodium, Dexibuprofen, Benzydamine, Fenclofenac, Aspirin, Isoxicam, Piroxicam, Ketorolac Tromethamine, Flurbiprofen Sodium, Oxaprozin, Dipyrone, Diclofenac Sodium, Sulfasalazine, Diclofenac Epolamine, Fenoprofen Calcium, Diclofenac, Indomethacin, Ibuprofen, Alclofenac, Antipyrine, Benzydamine Hydrochloride, Ibufenac, Oxaprozin Potassium, Meclofenamate Sodium, Acemetacin, Olsalazine Sodium, Apazone, Pirprofen, Ibuprofen Lysine, Indomethacin Sodium, Olsalazine, Indoprofen, Phenylbutazone, Naproxen, Fenoprofen, Ketorolac, Mefenamic Acid, Meclofenamic Acid, Nepafenac, Diclofenac Potassium, Naproxen Sodium, Dexketoprofen, Bromfenac, Clometacin, Tolmetin, Lornoxicam, Flurbiprofen, Ketoprofen, and Mesalamine.",Drug Gene Relations
What drugs target the gene DRD3?,"The drugs that target DRD3 are Promazine Hydrochloride, Haloperidol Decanoate, Loxapine Succinate, Bromocriptine, Levomepromazine, Pramipexole, Droperidol, Cariprazine, Amisulpride, Ropinirole, Olanzapine Pamoate, Ropinirole Hydrochloride, Rotigotine, Amoxapine, Olanzapine, Chlorpromazine Hydrochloride, Chlorpromazine, Pimozide, Apomorphine, Apomorphine Hydrochloride, Thioridazine, Ergoloid Mesylates, Promazine, Loxapine, Pergolide, Levodopa, Chlorprothixene, Bromocriptine Mesylate, Cariprazine Hydrochloride, Trifluoperazine, Haloperidol Lactate, Ergoloid, Haloperidol, Trifluoperazine Hydrochloride, Pramipexole Dihydrochloride, Loxapine Hydrochloride, Pergolide Mesylate, and Thioridazine Hydrochloride.",Drug Gene Relations
What drugs target the gene SCN8A?,"The drugs that target SCN8A are Propoxycaine, Orphenadrine, Indecainide, Quinidine Polygalacturonate, Fosphenytoin Sodium, Prilocaine Hydrochloride, Zonisamide, Mexiletine, Hexylcaine Hydrochloride, Fosphenytoin, Phenazopyridine Hydrochloride, Primidone, Phenytoin Sodium, Propafenone, Topiramate, Chloroprocaine, Etidocaine Hydrochloride, Propoxycaine Hydrochloride, Benoxinate, Oxcarbazepine, Quinidine, Articaine Hydrochloride, Chloroprocaine Hydrochloride, Moricizine Hydrochloride, Quinidine Gluconate, Riluzole, Dyclonine, Cenobamate, Propafenone Hydrochloride, Benoxinate Hydrochloride, Disopyramide, Proparacaine Hydrochloride, Procaine Hydrochloride, Ethotoin, Articaine, Mepivacaine, Etidocaine, Merethoxylline Procaine, Prilocaine, Quinidine Sulfate, Cocaine Hydrochloride, Procaine, Hexylcaine, Tetracaine Hydrochloride, Phenytoin, Dronedarone Hydrochloride, Erlosamide, Ropivacaine, Mexiletine Hydrochloride, Lidocaine Hydrochloride, Tocainide Hydrochloride, Orphenadrine Hydrochloride, Moricizine, Phenazopyridine, Eslicarbazepine Acetate, Encainide, Ropivacaine Hydrochloride, Eslicarbazepine, Procainamide Hydrochloride, Dichlorobenzyl Alcohol, Mephenytoin, Tocainide, Procainamide, Rufinamide, Dronedarone, Dyclonine Hydrochloride, Tetracaine, Lamotrigine, Mepivacaine Hydrochloride, Carbamazepine, Cocaine, Lidocaine, Disopyramide Phosphate, Proparacaine, Orphenadrine Citrate, Encainide Hydrochloride, Phenacemide, and Indecainide Hydrochloride.",Drug Gene Relations
What drugs target the gene PLA2G2A?,"There are no FDA approved drugs targeting the gene PLA2G2A. However, the following drugs, which potentially target this gene, are currently in various clinical trial stages: Varespladib and Varespladib Methyl.",Drug Gene Relations
What drugs target the gene ACVRL1?,"There are no FDA approved drugs targeting the gene ACVRL1. However, the following drugs, which potentially target this gene, are currently in various clinical trial stages: Ascrinvacumab and Panulisib.",Drug Gene Relations
What drugs target the gene NR3C2?,"The drugs that target NR3C2 are Canrenoate Potassium, Desoxycorticosterone Acetate, Finerenone, Nimodipine, Fludrocortisone Acetate, Drospirenone, Spironolactone, Desoxycorticosterone Pivalate, Canrenone, Felodipine, Eplerenone, and Canrenoate.",Drug Gene Relations
What drugs target the gene CD5?,"There are no FDA approved drugs targeting the gene CD5. However, the following drugs, which potentially target this gene, are currently in various clinical trial stages: Zolimomab Aritox and Telimomab Aritox.",Drug Gene Relations
What drugs target the gene GABRA4?,"The drugs that target GABRA4 are Meprobamate, Acamprosate Calcium, Enflurane, Methohexital, Metharbital, Butabarbital, Flurazepam Hydrochloride, Pentobarbital Sodium, Acamprosate, Primidone, Temazepam, Flunitrazepam, Ganaxolone, Diazepam, Methyprylon, Thiopental, Clonazepam, Topiramate, Remimazolam Besylate, Brexanolone, Methaqualone Hydrochloride, Midazolam, Methoxyflurane, Oxazepam, Clomethiazole, Pentobarbital, Cenobamate, Triclofos Sodium, Talbutal, Chlordiazepoxide Hydrochloride, Sevoflurane, Glutethimide, Triclofos, Butabarbital Sodium, Propofol, Lorazepam, Desflurane, Tetrazepam, Ethchlorvynol, Remimazolam, Butalbital, Thiamylal Sodium, Quazepam, Midazolam Hydrochloride, Halazepam, Methohexital Sodium, Methaqualone, Flumazenil, Chlordiazepoxide, Alprazolam, Clorazepic Acid, Prazepam, Thiopental Sodium, Halothane, Etomidate, Thiamylal, Clorazepate Dipotassium, Eszopiclone, Secobarbital, Isoflurane, Triazolam, Clobazam, Clotiazepam, Zopiclone, Estazolam, Flurazepam, and Secobarbital Sodium.",Drug Gene Relations
What drugs target the gene ADRA2B?,"The drugs that target ADRA2B are Oxymetazoline, Naphazoline Hydrochloride, Oxymetazoline Hydrochloride, Tetrahydrozoline, Clonidine, Moxisylyte, Dipivefrin, Epinephrine, Tetrahydrozoline Hydrochloride, Alseroxylon, Guanabenz Acetate, Dipivefrin Hydrochloride, Labetalol, Dexmedetomidine, Norepinephrine Bitartrate, Phenoxybenzamine Hydrochloride, Epinephrine Bitartrate, Hydroxyamphetamine, Norepinephrine, Apraclonidine Hydrochloride, Phentolamine, Tolazoline Hydrochloride, Guanabenz, Tolazoline, Hydroxyamphetamine Hydrobromide, Lofexidine Hydrochloride, Ergotamine Tartrate, Tizanidine, Ergoloid Mesylates, Ergotamine, Phentolamine Mesylate, Lofexidine, Ephedrine, Clonidine Hydrochloride, Mephentermine Sulfate, Droxidopa, Xylometazoline, Levonordefrin, Mephentermine, Naphazoline, Rauwolfia Serpentina, Ephedrine Sulfate, Guanfacine Hydrochloride, Brimonidine Tartrate, Mirtazapine, Tizanidine Hydrochloride, Ergoloid, Ephedrine Hydrochloride, Labetalol Hydrochloride, Apraclonidine, Phenoxybenzamine, Brimonidine, Methyldopate Hydrochloride, Guanfacine, Dexmedetomidine Hydrochloride, Celiprolol, Methyldopa, and Methyldopate.",Drug Gene Relations
What drugs target the gene CHEK1?,"There are no FDA approved drugs targeting the gene CHEK1. However, the following drugs, which potentially target this gene, are currently in various clinical trial stages: Prexasertib, Azd-7762, Rabusertib, Xl-844, Ly-2606368, Rg-7741, Sch-900776, Rg-7602, Ucn-01, and Pf-00477736.",Drug Gene Relations
What drugs target the gene PIM2?,"There are no FDA approved drugs targeting the gene PIM2. However, the following drugs, which potentially target this gene, are currently in various clinical trial stages: Sgi-1776, Azd-1208, and Lgh-447.",Drug Gene Relations
What drugs target the gene TUBB1?,"The drugs that target TUBB1 are Polatuzumab Vedotin, Cabazitaxel, Vinflunine, Brentuximab Vedotin, Docetaxel, Belantamab Mafodotin, Paclitaxel, Vinorelbine, Ixabepilone, Enfortumab Vedotin, Eribulin Mesylate, Vincristine Sulfate, Tisotumab Vedotin, Vinblastine, Colchicine, Vincristine, Eribulin, Trastuzumab Emtansine, Vinblastine Sulfate, and Vinorelbine Tartrate.",Drug Gene Relations
What drugs target the gene CCR2?,"There are no FDA approved drugs targeting the gene CCR2. However, the following drugs, which potentially target this gene, are currently in various clinical trial stages: Ilacirnon, Bms-813160, Mk-0812, Bms-741672, Pf-4136309, Pf-04634817, Cenicriviroc, Jnj-41443532, Plozalizumab, and Azd2423.",Drug Gene Relations
What drugs target the gene IFNA2?,"There are no FDA approved drugs targeting the gene IFNA2. However, the following drugs, which potentially target this gene, are currently in various clinical trial stages: Rontalizumab and Sifalimumab.",Drug Gene Relations
What drugs target the gene MMP12?,"There are no FDA approved drugs targeting the gene MMP12. However, the following drugs, which potentially target this gene, are currently in various clinical trial stages: Azd-1236, Cts-1027, and Marimastat.",Drug Gene Relations
What drugs target the gene KLB?,"There are no FDA approved drugs targeting the gene KLB. However, the following drugs, which potentially target this gene, are currently in various clinical trial stages: Aldafermin, Fazpilodemab, and Pegbelfermin.",Drug Gene Relations
What drugs target the gene PDE4D?,"The drugs that target PDE4D are Flavoxate, Theophylline Sodium Glycinate, Flavoxate Hydrochloride, Apremilast, Dyphylline, Theophylline Glycinate, Oxtriphylline, Pentoxifylline, Theophylline, Amlexanox, Roflumilast, Aminophylline, Crisaborole, and Dipyridamole.",Drug Gene Relations
What drugs target the gene ADRB1?,"The drugs that target ADRB1 are Oxprenolol Hydrochloride, Nebivolol, Nadolol, Atenolol, Acebutolol Hydrochloride, Betaxolol, Timolol Maleate, Dipivefrin, Epinephrine, Carvedilol Phosphate, Penbutolol Sulfate, Metoprolol, Sotalol, Isoproterenol Hydrochloride, Metoprolol Tartrate, Dobutamine, Levobunolol, Propafenone, Levobunolol Hydrochloride, Dipivefrin Hydrochloride, Labetalol, Carteolol Hydrochloride, Norepinephrine Bitartrate, Epinephrine Bitartrate, Hydroxyamphetamine, Norepinephrine, Levobetaxolol Hydrochloride, Metipranolol, Metoprolol Succinate, Practolol, Propafenone Hydrochloride, Isoproterenol, Dobutamine Hydrochloride, Propranolol, Hydroxyamphetamine Hydrobromide, Betaxolol Hydrochloride, Metoprolol Fumarate, Dopamine, Carteolol, Dilevalol Hydrochloride, Oxprenolol, Penbutolol, Carvedilol, Ephedrine, Xamoterol, Metipranolol Hydrochloride, Mephentermine Sulfate, Droxidopa, Pindolol, Acebutolol, Mephentermine, Sotalol Hydrochloride, Timolol, Propranolol Hydrochloride, Dopamine Hydrochloride, Ephedrine Sulfate, Esmolol Hydrochloride, Bisoprolol, Ephedrine Hydrochloride, Labetalol Hydrochloride, Bisoprolol Fumarate, Esmolol, Isoproterenol Sulfate, Pronetalol, Levobetaxolol, Nebivolol Hydrochloride, Celiprolol, and Dilevalol.",Drug Gene Relations
What drugs target the gene GABRQ?,"The drugs that target GABRQ are Meprobamate, Acamprosate Calcium, Enflurane, Methohexital, Metharbital, Butabarbital, Flurazepam Hydrochloride, Pentobarbital Sodium, Acamprosate, Primidone, Temazepam, Flunitrazepam, Ganaxolone, Diazepam, Methyprylon, Thiopental, Clonazepam, Topiramate, Remimazolam Besylate, Brexanolone, Methaqualone Hydrochloride, Midazolam, Methoxyflurane, Oxazepam, Clomethiazole, Pentobarbital, Cenobamate, Triclofos Sodium, Talbutal, Chlordiazepoxide Hydrochloride, Sevoflurane, Glutethimide, Triclofos, Butabarbital Sodium, Propofol, Lorazepam, Desflurane, Tetrazepam, Ethchlorvynol, Remimazolam, Butalbital, Thiamylal Sodium, Quazepam, Midazolam Hydrochloride, Halazepam, Methohexital Sodium, Methaqualone, Flumazenil, Chlordiazepoxide, Alprazolam, Clorazepic Acid, Prazepam, Thiopental Sodium, Halothane, Etomidate, Thiamylal, Clorazepate Dipotassium, Eszopiclone, Secobarbital, Isoflurane, Triazolam, Clobazam, Clotiazepam, Estazolam, Flurazepam, and Secobarbital Sodium.",Drug Gene Relations
What drugs target the gene APH1B?,"There are no FDA approved drugs targeting the gene APH1B. However, the following drugs, which potentially target this gene, are currently in various clinical trial stages: Tarenflurbil, Rg-4733, Nirogacestat, Avagacestat, Begacestat, and Semagacestat.",Drug Gene Relations
What drugs target the gene ADRB2?,"The drugs that target ADRB2 are Oxprenolol Hydrochloride, Nebivolol, Nadolol, Arformoterol Tartrate, Rimiterol, Reproterol, Timolol Maleate, Vilanterol Trifenatate, Dipivefrin, Epinephrine, Carvedilol Phosphate, Penbutolol Sulfate, Sotalol, Levalbuterol Hydrochloride, Isoproterenol Hydrochloride, Clenbuterol, Dobutamine, Albuterol, Levobunolol, Terbutaline Sulfate, Ritodrine, Propafenone, Levobunolol Hydrochloride, Dipivefrin Hydrochloride, Metaproterenol, Labetalol, Carteolol Hydrochloride, Norepinephrine Bitartrate, Epinephrine Bitartrate, Isoetharine Mesylate, Hydroxyamphetamine, Norepinephrine, Levalbuterol Tartrate, Fenoterol, Metipranolol, Isoxsuprine Hydrochloride, Propafenone Hydrochloride, Isoproterenol, Dobutamine Hydrochloride, Indacaterol, Isoetharine Hydrochloride, Propranolol, Hydroxyamphetamine Hydrobromide, Pirbuterol Acetate, Carteolol, Dilevalol Hydrochloride, Indacaterol Maleate, Isoetharine, Bitolterol Mesylate, Oxprenolol, Levosalbutamol, Terbutaline, Formoterol Fumarate, Penbutolol, Carvedilol, Ephedrine, Vilanterol, Metipranolol Hydrochloride, Mephentermine Sulfate, Droxidopa, Formoterol, Pindolol, Salmeterol Xinafoate, Mephentermine, Sotalol Hydrochloride, Timolol, Propranolol Hydrochloride, Salmeterol, Olodaterol, Ephedrine Sulfate, Esmolol Hydrochloride, Ritodrine Hydrochloride, Metaproterenol Sulfate, Olodaterol Hydrochloride, Ephedrine Hydrochloride, Isoxsuprine, Labetalol Hydrochloride, Bitolterol, Esmolol, Isoproterenol Sulfate, Protokylol Hydrochloride, Pronetalol, Protokylol, Nebivolol Hydrochloride, Celiprolol, Pirbuterol, Tulobuterol, Albuterol Sulfate, Arformoterol, and Dilevalol.",Drug Gene Relations
What drugs target the gene TRAV29DV5?,"There are no FDA approved drugs targeting the gene TRAV29DV5. However, the following drugs, which potentially target this gene, are currently in various clinical trial stages: Medi-500, Tol-101, and Maslimomab.",Drug Gene Relations
What drugs target the gene DRD4?,"The drugs that target DRD4 are Promazine Hydrochloride, Haloperidol Decanoate, Loxapine Succinate, Bromocriptine, Levomepromazine, Pramipexole, Droperidol, Ropinirole, Olanzapine Pamoate, Ropinirole Hydrochloride, Rotigotine, Amoxapine, Clothiapine, Olanzapine, Chlorpromazine Hydrochloride, Chlorpromazine, Pimozide, Apomorphine, Apomorphine Hydrochloride, Thioridazine, Ergoloid Mesylates, Promazine, Loxapine, Pergolide, Bromocriptine Mesylate, Trifluoperazine, Haloperidol Lactate, Ergoloid, Haloperidol, Trifluoperazine Hydrochloride, Pramipexole Dihydrochloride, Loxapine Hydrochloride, Pergolide Mesylate, and Thioridazine Hydrochloride.",Drug Gene Relations
What drugs target the gene FDPS?,"The drugs that target FDPS are Risedronic Acid, Ibandronic Acid, Ibandronate Sodium, Pamidronate Disodium, Pamidronic Acid, Zoledronic Acid, Risedronate Sodium, Alendronate Sodium, and Alendronic Acid.",Drug Gene Relations
What drugs target the gene CDK15?,"There are no FDA approved drugs targeting the gene CDK15. However, the following drugs, which potentially target this gene, are currently in various clinical trial stages: Roniciclib, Pha-793887, Azd-5438, and At-7519.",Drug Gene Relations
What drugs target the gene PLK1?,"There are no FDA approved drugs targeting the gene PLK1. However, the following drugs, which potentially target this gene, are currently in various clinical trial stages: Tak-960, Mk-1496, Volasertib, Cafusertib, Gsk-461364, Hmn-214, Bi-2536, and Onvansertib.",Drug Gene Relations
What drugs target the gene GNRHR?,"The drugs that target GNRHR are Ganirelix Acetate, Goserelin Acetate, Leuprolide Mesylate, Gonadorelin, Linzagolix, Nafarelin Acetate, Nafarelin, Degarelix, Relugolix, Goserelin, Leuprolide, Cetrorelix, Gonadorelin Acetate, Histrelin Acetate, Cetrorelix Acetate, Triptorelin, Histrelin, Triptorelin Pamoate, Leuprolide Acetate, Abarelix, Gonadorelin Hydrochloride, Elagolix Sodium, Buserelin, Elagolix, and Degarelix Acetate.",Drug Gene Relations
What drugs target the gene CDK20?,"There are no FDA approved drugs targeting the gene CDK20. However, the following drugs, which potentially target this gene, are currently in various clinical trial stages: Roniciclib, Pha-793887, Azd-5438, and At-7519.",Drug Gene Relations
What drugs target the gene GPNMB?,"There are no FDA approved drugs targeting the gene GPNMB. However, the following drugs, which potentially target this gene, are currently in various clinical trial stages: Glembatumumab and Glembatumumab Vedotin.",Drug Gene Relations
What drugs target the gene ICAM1?,"There are no FDA approved drugs targeting the gene ICAM1. However, the following drugs, which potentially target this gene, are currently in various clinical trial stages: Alicaforsen Sodium, Bi-505, Alicaforsen, Enlimomab, and Enlimomab Pegol.",Drug Gene Relations
What drugs target the gene MAPK10?,"There are no FDA approved drugs targeting the gene MAPK10. However, the following drugs, which potentially target this gene, are currently in various clinical trial stages: Brimapitide,  C-Terminal Acid, Tanzisertib, Cc-401, Brimapitide, and Bentamapimod.",Drug Gene Relations
What drugs target the gene BRDT?,"There are no FDA approved drugs targeting the gene BRDT. However, the following drugs, which potentially target this gene, are currently in various clinical trial stages: Bms-986158, Apabetalone, Pelabresib, Ro-6870810, Birabresib, and Molibresib.",Drug Gene Relations
What drugs target the gene PSENEN?,"There are no FDA approved drugs targeting the gene PSENEN. However, the following drugs, which potentially target this gene, are currently in various clinical trial stages: Tarenflurbil, Rg-4733, Nirogacestat, Avagacestat, Begacestat, and Semagacestat.",Drug Gene Relations
"Are there any specific alleles within the gene BEAN associated with increased susceptibility to developing Parkinson's Disease, as determined by significant SMR analysis?","No, based on the Whole Brain and Whole Blood samples tested, there are no alleles within the gene BEAN that are significantly associated with an increased susceptibility to developing Parkinson's Disease.",SMR SNP Disease Relations; SMR Gene Disease Relations
"Are there any specific alleles within the gene RP11-498P14.5 associated with increased susceptibility to developing Amyotrophic Lateral Sclerosis, as determined by significant SMR analysis?","No, based on the Whole Brain, Whole Blood, Frontal Cortex, Cerebellar Hemisphere, Prefrontal Cortex, Cortex, Caudate Basal Ganglia, Tibial Nerve, Hippocampus, Hypothalamus, Anterior Cingulate Cortex BA24, Putamen Basal Ganglia, Amygdala, Cerebellum and Nucleus Accumbens Basal samples tested, there are no alleles within the gene RP11-498P14.5 that are significantly associated with an increased susceptibility to developing Amyotrophic Lateral Sclerosis.",SMR SNP Disease Relations; SMR Gene Disease Relations
"Are there any specific alleles within the gene RP13-122B23.8 associated with increased susceptibility to developing Frontotemporal Dementia, as determined by significant SMR analysis?","No, based on the Whole Blood samples tested, there are no alleles within the gene RP13-122B23.8 that are significantly associated with an increased susceptibility to developing Frontotemporal Dementia.",SMR SNP Disease Relations; SMR Gene Disease Relations
"Are there any specific alleles within the gene ADAT3 associated with increased susceptibility to developing Alzheimer's Disease, as determined by significant SMR analysis?","Yes, there is 1 allele within the gene ADAT3 that is significantly associated with an increased susceptibility to developing Alzheimer's Disease:
• rs754799
    • Whole Blood: Adjusted SMR multi-SNP P-value: 2.98e-07; b: 3.6967e-02",SMR SNP Disease Relations; SMR Gene Disease Relations
"Are there any specific alleles within the gene REXO1 associated with increased susceptibility to developing Alzheimer's Disease, as determined by significant SMR analysis?","Yes, there are 2 alleles within the gene REXO1 that are significantly associated with an increased susceptibility to developing Alzheimer's Disease:
• rs12460105
    • Whole Blood: Adjusted SMR multi-SNP P-value: 2.68e-07; b: 8.2721e-02
• rs12976128
    • Whole Brain: Adjusted SMR multi-SNP P-value: 1.23e-06; b: 6.6667e-02
",SMR SNP Disease Relations; SMR Gene Disease Relations
"Are there any specific alleles within the gene UBXN6 associated with increased susceptibility to developing Parkinson's Disease, as determined by significant SMR analysis?","No, based on the Spinalcord, Whole Brain, Whole Blood, Cortex, Frontal Cortex, Prefrontal Cortex, Caudate Basal Ganglia, Tibial Nerve, Skeletal Muscle, Hippocampus, Multi Ancestry Whole Brain, Hypothalamus, Anterior Cingulate Cortex BA24, Amygdala and Cerebellum samples tested, there are no alleles within the gene UBXN6 that are significantly associated with an increased susceptibility to developing Parkinson's Disease.",SMR SNP Disease Relations; SMR Gene Disease Relations
"Are there any specific alleles within the gene MOCS1 associated with increased susceptibility to developing Amyotrophic Lateral Sclerosis, as determined by significant SMR analysis?","No, based on the Whole Brain, Whole Blood, Cortex, Prefrontal Cortex, Skeletal Muscle and Multi Ancestry Whole Brain samples tested, there are no alleles within the gene MOCS1 that are significantly associated with an increased susceptibility to developing Amyotrophic Lateral Sclerosis.",SMR SNP Disease Relations; SMR Gene Disease Relations
"Are there any specific alleles within the gene RNA5SP122 associated with increased susceptibility to developing Frontotemporal Dementia, as determined by significant SMR analysis?","No, based on the Cerebellar Hemisphere and Cerebellum samples tested, there are no alleles within the gene RNA5SP122 that are significantly associated with an increased susceptibility to developing Frontotemporal Dementia.",SMR SNP Disease Relations; SMR Gene Disease Relations
"Are there any specific alleles within the gene HMGB1L1 associated with increased susceptibility to developing Alzheimer's Disease, as determined by significant SMR analysis?","No, based on the Whole Brain and Whole Blood samples tested, there are no alleles within the gene HMGB1L1 that are significantly associated with an increased susceptibility to developing Alzheimer's Disease.",SMR SNP Disease Relations; SMR Gene Disease Relations
"Are there any specific alleles within the gene RGMB-AS1 associated with increased susceptibility to developing Progressive supranuclear palsy, as determined by significant SMR analysis?","No, based on the Skeletal Muscle and Whole Blood samples tested, there are no alleles within the gene RGMB-AS1 that are significantly associated with an increased susceptibility to developing Progressive supranuclear palsy.",SMR SNP Disease Relations; SMR Gene Disease Relations
"Are there any specific alleles within the gene CTC-304I17.5 associated with increased susceptibility to developing Progressive supranuclear palsy, as determined by significant SMR analysis?","No, based on the Cerebellar Hemisphere and Cerebellum samples tested, there are no alleles within the gene CTC-304I17.5 that are significantly associated with an increased susceptibility to developing Progressive supranuclear palsy.",SMR SNP Disease Relations; SMR Gene Disease Relations
"Are there any specific alleles within the gene MDGA2 associated with increased susceptibility to developing Alzheimer's Disease, as determined by significant SMR analysis?","No, based on the Whole Brain and Whole Blood samples tested, there are no alleles within the gene MDGA2 that are significantly associated with an increased susceptibility to developing Alzheimer's Disease.",SMR SNP Disease Relations; SMR Gene Disease Relations
"Are there any specific alleles within the gene LACTB associated with increased susceptibility to developing Alzheimer's Disease, as determined by significant SMR analysis?","Yes, there are 4 alleles within the gene LACTB that are significantly associated with an increased susceptibility to developing Alzheimer's Disease:
• rs2729779
    • Whole Blood: Adjusted SMR multi-SNP P-value: 7.14e-08; b: 1.0206e-01
• rs2652823
    • Multi Ancestry Whole Brain: Adjusted SMR multi-SNP P-value: 8.32e-08; b: 6.8851e-02
• rs1472631
    • Skeletal Muscle: Adjusted SMR multi-SNP P-value: 3.18e-07; b: 1.2652e-01
• rs4775633
    • Cortex: Adjusted SMR multi-SNP P-value: 4.60e-07; b: 8.6554e-02
",SMR SNP Disease Relations; SMR Gene Disease Relations
"Are there any specific alleles within the gene HAR1B associated with increased susceptibility to developing Frontotemporal Dementia, as determined by significant SMR analysis?","No, based on the Whole Brain, Whole Blood, Frontal Cortex, Cerebellar Hemisphere, Prefrontal Cortex, Cortex, Caudate Basal Ganglia, Hypothalamus, Anterior Cingulate Cortex BA24, Putamen Basal Ganglia, Amygdala, Cerebellum and Nucleus Accumbens Basal samples tested, there are no alleles within the gene HAR1B that are significantly associated with an increased susceptibility to developing Frontotemporal Dementia.",SMR SNP Disease Relations; SMR Gene Disease Relations
"Are there any specific alleles within the gene C8orf88 associated with increased susceptibility to developing Alzheimer's Disease, as determined by significant SMR analysis?","No, based on the Whole Brain and Multi Ancestry Whole Brain samples tested, there are no alleles within the gene C8orf88 that are significantly associated with an increased susceptibility to developing Alzheimer's Disease.",SMR SNP Disease Relations; SMR Gene Disease Relations
"Are there any specific alleles within the gene FAM83G associated with increased susceptibility to developing Alzheimer's Disease, as determined by significant SMR analysis?","No, based on the Whole Brain and Whole Blood samples tested, there are no alleles within the gene FAM83G that are significantly associated with an increased susceptibility to developing Alzheimer's Disease.",SMR SNP Disease Relations; SMR Gene Disease Relations
"Are there any specific alleles within the gene KCNA1 associated with increased susceptibility to developing Parkinson's Disease, as determined by significant SMR analysis?","No, based on the Whole Brain and Whole Blood samples tested, there are no alleles within the gene KCNA1 that are significantly associated with an increased susceptibility to developing Parkinson's Disease.",SMR SNP Disease Relations; SMR Gene Disease Relations
"Are there any specific alleles within the gene KAT8 associated with increased susceptibility to developing Alzheimer's Disease, as determined by significant SMR analysis?","Yes, there are 4 alleles within the gene KAT8 that are significantly associated with an increased susceptibility to developing Alzheimer's Disease:
• rs4527034
    • Multi Ancestry Whole Brain: Adjusted SMR multi-SNP P-value: 1.14e-07; b: 5.4922e-02
• rs1978487
    • Whole Blood: Adjusted SMR multi-SNP P-value: 2.55e-07; b: 6.0376e-02
• rs4889619
    • Whole Brain: Adjusted SMR multi-SNP P-value: 2.80e-07; b: 7.1332e-02
• rs1978485
    • Whole Blood: Adjusted SMR multi-SNP P-value: 6.79e-07; b: 6.2558e-02
",SMR SNP Disease Relations; SMR Gene Disease Relations
"Are there any specific alleles within the gene FOLH1 associated with increased susceptibility to developing Parkinson's Disease, as determined by significant SMR analysis?","No, based on the Cerebellum, Whole Blood, Cortex, Prefrontal Cortex, Caudate Basal Ganglia, Tibial Nerve, Multi Ancestry Whole Brain, Putamen Basal Ganglia and Whole Brain samples tested, there are no alleles within the gene FOLH1 that are significantly associated with an increased susceptibility to developing Parkinson's Disease.",SMR SNP Disease Relations; SMR Gene Disease Relations
"Are there any specific alleles within the gene LRRC37A17P associated with increased susceptibility to developing Parkinson's Disease, as determined by significant SMR analysis?","Yes, there is 1 allele within the gene LRRC37A17P that is significantly associated with an increased susceptibility to developing Parkinson's Disease:
• rs4630591
    • Prefrontal Cortex: Adjusted SMR multi-SNP P-value: 2.43e-06; b: 1.5006e+00",SMR SNP Disease Relations; SMR Gene Disease Relations
"Are there any specific alleles within the gene EMP1 associated with increased susceptibility to developing Lewy Body Dementia, as determined by significant SMR analysis?","No, based on the Whole Brain, Whole Blood, Cortex, Prefrontal Cortex and Multi Ancestry Whole Brain samples tested, there are no alleles within the gene EMP1 that are significantly associated with an increased susceptibility to developing Lewy Body Dementia.",SMR SNP Disease Relations; SMR Gene Disease Relations
"Are there any specific alleles within the gene ATP10D associated with increased susceptibility to developing Lewy Body Dementia, as determined by significant SMR analysis?","No, based on the Whole Blood, Cortex, Prefrontal Cortex, Tibial Nerve, Skeletal Muscle and Multi Ancestry Whole Brain samples tested, there are no alleles within the gene ATP10D that are significantly associated with an increased susceptibility to developing Lewy Body Dementia.",SMR SNP Disease Relations; SMR Gene Disease Relations
"Are there any specific alleles within the gene AGFG2 associated with increased susceptibility to developing Alzheimer's Disease, as determined by significant SMR analysis?","Yes, there is 1 allele within the gene AGFG2 that is significantly associated with an increased susceptibility to developing Alzheimer's Disease:
• rs2734897
    • Cerebellum: Adjusted SMR multi-SNP P-value: 7.44e-08; b: 1.4750e-01",SMR SNP Disease Relations; SMR Gene Disease Relations
"Are there any specific alleles within the gene FBRS associated with increased susceptibility to developing Parkinson's Disease, as determined by significant SMR analysis?","No, based on the Whole Brain and Whole Blood samples tested, there are no alleles within the gene FBRS that are significantly associated with an increased susceptibility to developing Parkinson's Disease.",SMR SNP Disease Relations; SMR Gene Disease Relations
"Are there any specific alleles within the gene CLIC1 associated with increased susceptibility to developing Progressive supranuclear palsy, as determined by significant SMR analysis?","No, based on the Cerebellum, Whole Brain, Whole Blood and Cortex samples tested, there are no alleles within the gene CLIC1 that are significantly associated with an increased susceptibility to developing Progressive supranuclear palsy.",SMR SNP Disease Relations; SMR Gene Disease Relations
"Are there any specific alleles within the gene LRRC37A associated with increased susceptibility to developing Parkinson's Disease, as determined by significant SMR analysis?","Yes, there is 1 allele within the gene LRRC37A that is significantly associated with an increased susceptibility to developing Parkinson's Disease:
• rs17698176
    • Whole Blood: Adjusted SMR multi-SNP P-value: 9.68e-07; b: 7.4373e-02",SMR SNP Disease Relations; SMR Gene Disease Relations
"Are there any specific alleles within the gene DPP7 associated with increased susceptibility to developing Amyotrophic Lateral Sclerosis, as determined by significant SMR analysis?","No, based on the Whole Brain, Whole Blood, Cortex, Frontal Cortex, Cerebellar Hemisphere, Prefrontal Cortex, Tibial Nerve, Skeletal Muscle, Multi Ancestry Whole Brain, Anterior Cingulate Cortex BA24 and Cerebellum samples tested, there are no alleles within the gene DPP7 that are significantly associated with an increased susceptibility to developing Amyotrophic Lateral Sclerosis.",SMR SNP Disease Relations; SMR Gene Disease Relations
"Are there any specific alleles within the gene ZNRF2P2 associated with increased susceptibility to developing Alzheimer's Disease, as determined by significant SMR analysis?","No, based on the Whole Brain, Whole Blood, Prefrontal Cortex, Cortex, Skeletal Muscle, Hippocampus, Substantia nigra and Hypothalamus samples tested, there are no alleles within the gene ZNRF2P2 that are significantly associated with an increased susceptibility to developing Alzheimer's Disease.",SMR SNP Disease Relations; SMR Gene Disease Relations
"Are there any specific alleles within the gene NDUFB3 associated with increased susceptibility to developing Amyotrophic Lateral Sclerosis, as determined by significant SMR analysis?","No, based on the Prefrontal Cortex and Multi Ancestry Whole Brain samples tested, there are no alleles within the gene NDUFB3 that are significantly associated with an increased susceptibility to developing Amyotrophic Lateral Sclerosis.",SMR SNP Disease Relations; SMR Gene Disease Relations
"Are there any specific alleles within the gene CENPQ associated with increased susceptibility to developing Frontotemporal Dementia, as determined by significant SMR analysis?","No, based on the Cerebellum, Whole Brain, Cortex, Frontal Cortex, Cerebellar Hemisphere, Prefrontal Cortex, Caudate Basal Ganglia, Tibial Nerve, Skeletal Muscle, Hippocampus, Multi Ancestry Whole Brain, Substantia nigra, Hypothalamus, Liver, Anterior Cingulate Cortex BA24, Whole Blood, Putamen Basal Ganglia, Amygdala and Nucleus Accumbens Basal samples tested, there are no alleles within the gene CENPQ that are significantly associated with an increased susceptibility to developing Frontotemporal Dementia.",SMR SNP Disease Relations; SMR Gene Disease Relations
"Are there any specific alleles within the gene RP11-174G6.5 associated with increased susceptibility to developing Parkinson's Disease, as determined by significant SMR analysis?","No, based on the Prefrontal Cortex, Multi Ancestry Whole Brain, Anterior Cingulate Cortex BA24, Whole Blood, Whole Brain and Nucleus Accumbens Basal samples tested, there are no alleles within the gene RP11-174G6.5 that are significantly associated with an increased susceptibility to developing Parkinson's Disease.",SMR SNP Disease Relations; SMR Gene Disease Relations
"Are there any specific alleles within the gene FBXL19 associated with increased susceptibility to developing Parkinson's Disease, as determined by significant SMR analysis?","Yes, there is 1 allele within the gene FBXL19 that is significantly associated with an increased susceptibility to developing Parkinson's Disease:
• rs7200879
    • Whole Blood: Adjusted SMR multi-SNP P-value: 2.68e-06; b: 3.3047e-01",SMR SNP Disease Relations; SMR Gene Disease Relations
"Are there any specific alleles within the gene RP11-330O11.3 associated with increased susceptibility to developing Alzheimer's Disease, as determined by significant SMR analysis?","No, based on the Whole Brain, Whole Blood, Frontal Cortex and Skeletal Muscle samples tested, there are no alleles within the gene RP11-330O11.3 that are significantly associated with an increased susceptibility to developing Alzheimer's Disease.",SMR SNP Disease Relations; SMR Gene Disease Relations
"Are there any specific alleles within the gene IPO13 associated with increased susceptibility to developing Lewy Body Dementia, as determined by significant SMR analysis?","No, based on the Whole Brain, Skeletal Muscle, Multi Ancestry Whole Brain and Whole Blood samples tested, there are no alleles within the gene IPO13 that are significantly associated with an increased susceptibility to developing Lewy Body Dementia.",SMR SNP Disease Relations; SMR Gene Disease Relations
"Are there any specific alleles within the gene RP13-735L24.1 associated with increased susceptibility to developing Frontotemporal Dementia, as determined by significant SMR analysis?","No, based on the Cerebellar Hemisphere, Prefrontal Cortex, Tibial Nerve, Skeletal Muscle, Liver, Whole Blood, Whole Brain and Cerebellum samples tested, there are no alleles within the gene RP13-735L24.1 that are significantly associated with an increased susceptibility to developing Frontotemporal Dementia.",SMR SNP Disease Relations; SMR Gene Disease Relations
"Are there any specific alleles within the gene RP11-981G7.1 associated with increased susceptibility to developing Parkinson's Disease, as determined by significant SMR analysis?","No, based on the Frontal Cortex, Cerebellar Hemisphere, Prefrontal Cortex, Cortex, Caudate Basal Ganglia, Hippocampus, Whole Blood, Whole Brain, Cerebellum and Nucleus Accumbens Basal samples tested, there are no alleles within the gene RP11-981G7.1 that are significantly associated with an increased susceptibility to developing Parkinson's Disease.",SMR SNP Disease Relations; SMR Gene Disease Relations
"Are there any specific alleles within the gene GNB2L1 associated with increased susceptibility to developing Progressive supranuclear palsy, as determined by significant SMR analysis?","No, based on the Whole Brain and Whole Blood samples tested, there are no alleles within the gene GNB2L1 that are significantly associated with an increased susceptibility to developing Progressive supranuclear palsy.",SMR SNP Disease Relations; SMR Gene Disease Relations
"Are there any specific alleles within the gene ARHGAP27 associated with increased susceptibility to developing Alzheimer's Disease, as determined by significant SMR analysis?","Yes, there is 1 allele within the gene ARHGAP27 that is significantly associated with an increased susceptibility to developing Alzheimer's Disease:
• rs35489312
    • Whole Blood: Adjusted SMR multi-SNP P-value: 5.52e-07; b: 3.8537e-02",SMR SNP Disease Relations; SMR Gene Disease Relations
"Are there any specific alleles within the gene HAND2 associated with increased susceptibility to developing Progressive supranuclear palsy, as determined by significant SMR analysis?","No, based on the Cerebellum, Whole Brain, Whole Blood and Multi Ancestry Whole Brain samples tested, there are no alleles within the gene HAND2 that are significantly associated with an increased susceptibility to developing Progressive supranuclear palsy.",SMR SNP Disease Relations; SMR Gene Disease Relations
"Are there any specific alleles within the gene NAALADL1 associated with increased susceptibility to developing Alzheimer's Disease, as determined by significant SMR analysis?","No, based on the Multi Ancestry Whole Brain and Whole Blood samples tested, there are no alleles within the gene NAALADL1 that are significantly associated with an increased susceptibility to developing Alzheimer's Disease.",SMR SNP Disease Relations; SMR Gene Disease Relations
"Are there any specific alleles within the gene AC009229.5 associated with increased susceptibility to developing Amyotrophic Lateral Sclerosis, as determined by significant SMR analysis?","No, based on the Whole Blood and Tibial Nerve samples tested, there are no alleles within the gene AC009229.5 that are significantly associated with an increased susceptibility to developing Amyotrophic Lateral Sclerosis.",SMR SNP Disease Relations; SMR Gene Disease Relations
"Are there any specific alleles within the gene BPIFB6 associated with increased susceptibility to developing Frontotemporal Dementia, as determined by significant SMR analysis?","No, based on the Whole Brain and Whole Blood samples tested, there are no alleles within the gene BPIFB6 that are significantly associated with an increased susceptibility to developing Frontotemporal Dementia.",SMR SNP Disease Relations; SMR Gene Disease Relations
"Are there any specific alleles within the gene CXCR4 associated with increased susceptibility to developing Lewy Body Dementia, as determined by significant SMR analysis?","No, based on the Skeletal Muscle and Whole Blood samples tested, there are no alleles within the gene CXCR4 that are significantly associated with an increased susceptibility to developing Lewy Body Dementia.",SMR SNP Disease Relations; SMR Gene Disease Relations
"Are there any specific alleles within the gene AUTS2 associated with increased susceptibility to developing Frontotemporal Dementia, as determined by significant SMR analysis?","No, based on the Whole Brain and Whole Blood samples tested, there are no alleles within the gene AUTS2 that are significantly associated with an increased susceptibility to developing Frontotemporal Dementia.",SMR SNP Disease Relations; SMR Gene Disease Relations
"Are there any specific alleles within the gene POLK associated with increased susceptibility to developing Progressive supranuclear palsy, as determined by significant SMR analysis?","No, based on the Whole Blood, Cerebellar Hemisphere, Tibial Nerve, Multi Ancestry Whole Brain and Whole Brain samples tested, there are no alleles within the gene POLK that are significantly associated with an increased susceptibility to developing Progressive supranuclear palsy.",SMR SNP Disease Relations; SMR Gene Disease Relations
"Are there any specific alleles within the gene OR2L3 associated with increased susceptibility to developing Amyotrophic Lateral Sclerosis, as determined by significant SMR analysis?","No, based on the Cerebellum, Basal Ganglia, Hippocampus, Cortex, Cerebellar Hemisphere and Prefrontal Cortex samples tested, there are no alleles within the gene OR2L3 that are significantly associated with an increased susceptibility to developing Amyotrophic Lateral Sclerosis.",SMR SNP Disease Relations; SMR Gene Disease Relations
"Are there any specific alleles within the gene STXBP1 associated with increased susceptibility to developing Frontotemporal Dementia, as determined by significant SMR analysis?","No, based on the Whole Brain and Whole Blood samples tested, there are no alleles within the gene STXBP1 that are significantly associated with an increased susceptibility to developing Frontotemporal Dementia.",SMR SNP Disease Relations; SMR Gene Disease Relations
"Are there any specific alleles within the gene RP11-446E9.1 associated with increased susceptibility to developing Alzheimer's Disease, as determined by significant SMR analysis?","No, based on the Frontal Cortex, Cerebellar Hemisphere, Prefrontal Cortex, Cortex and Cerebellum samples tested, there are no alleles within the gene RP11-446E9.1 that are significantly associated with an increased susceptibility to developing Alzheimer's Disease.",SMR SNP Disease Relations; SMR Gene Disease Relations
"Are there any specific alleles within the gene CR1 associated with increased susceptibility to developing Alzheimer's Disease, as determined by significant SMR analysis?","Yes, there are 4 alleles within the gene CR1 that are significantly associated with an increased susceptibility to developing Alzheimer's Disease:
• rs679515
    • Multi Ancestry Whole Brain: Adjusted SMR multi-SNP P-value: 2.09e-15; b: 1.4662e-01
    • Prefrontal Cortex: Adjusted SMR multi-SNP P-value: 1.08e-12; b: 2.5435e-01
    • Whole Brain: Adjusted SMR multi-SNP P-value: 2.10e-12; b: 2.1204e-01
    • Cortex: Adjusted SMR multi-SNP P-value: 4.46e-08; b: 1.9186e-01
• rs1830763
    • Cortex: Adjusted SMR multi-SNP P-value: 3.83e-15; b: 1.4726e-01
    • Cerebellum: Adjusted SMR multi-SNP P-value: 1.72e-08; b: 2.4529e-01
• rs6697005
    • Basal Ganglia: Adjusted SMR multi-SNP P-value: 2.48e-08; b: 1.6583e-01
• rs2093760
    • Caudate Basal Ganglia: Adjusted SMR multi-SNP P-value: 3.25e-08; b: 2.1476e-01
",SMR SNP Disease Relations; SMR Gene Disease Relations
"Are there any specific alleles within the gene OR4S1 associated with increased susceptibility to developing Alzheimer's Disease, as determined by significant SMR analysis?","No, based on the Whole Brain and Whole Blood samples tested, there are no alleles within the gene OR4S1 that are significantly associated with an increased susceptibility to developing Alzheimer's Disease.",SMR SNP Disease Relations; SMR Gene Disease Relations
"Are there any specific alleles within the gene EMILIN3 associated with increased susceptibility to developing Frontotemporal Dementia, as determined by significant SMR analysis?","No, based on the Hippocampus, Whole Brain, Whole Blood, Cortex, Caudate Basal Ganglia, Multi Ancestry Whole Brain, Hypothalamus, Liver, Putamen Basal Ganglia, Amygdala and Nucleus Accumbens Basal samples tested, there are no alleles within the gene EMILIN3 that are significantly associated with an increased susceptibility to developing Frontotemporal Dementia.",SMR SNP Disease Relations; SMR Gene Disease Relations
"Are there any specific alleles within the gene SLC11A1 associated with increased susceptibility to developing Frontotemporal Dementia, as determined by significant SMR analysis?","No, based on the Whole Brain, Whole Blood and Multi Ancestry Whole Brain samples tested, there are no alleles within the gene SLC11A1 that are significantly associated with an increased susceptibility to developing Frontotemporal Dementia.",SMR SNP Disease Relations; SMR Gene Disease Relations
"Are there any specific alleles within the gene RP11-707O23.5 associated with increased susceptibility to developing Parkinson's Disease, as determined by significant SMR analysis?","Yes, there is 1 allele within the gene RP11-707O23.5 that is significantly associated with an increased susceptibility to developing Parkinson's Disease:
• rs440778
    • Whole Brain: Adjusted SMR multi-SNP P-value: 6.02e-12; b: 3.3142e-01",SMR SNP Disease Relations; SMR Gene Disease Relations
"Are there any specific alleles within the gene CUTA associated with increased susceptibility to developing Alzheimer's Disease, as determined by significant SMR analysis?","No, based on the Whole Brain, Whole Blood, Prefrontal Cortex, Tibial Nerve and Skeletal Muscle samples tested, there are no alleles within the gene CUTA that are significantly associated with an increased susceptibility to developing Alzheimer's Disease.",SMR SNP Disease Relations; SMR Gene Disease Relations
"Are there any specific alleles within the gene DPY19L2P2 associated with increased susceptibility to developing Progressive supranuclear palsy, as determined by significant SMR analysis?","No, based on the Whole Blood samples tested, there are no alleles within the gene DPY19L2P2 that are significantly associated with an increased susceptibility to developing Progressive supranuclear palsy.",SMR SNP Disease Relations; SMR Gene Disease Relations
"Are there any specific alleles within the gene RP11-95D17.1 associated with increased susceptibility to developing Amyotrophic Lateral Sclerosis, as determined by significant SMR analysis?","No, based on the Cerebellar Hemisphere, Prefrontal Cortex, Tibial Nerve, Skeletal Muscle, Multi Ancestry Whole Brain, Liver, Whole Blood and Cerebellum samples tested, there are no alleles within the gene RP11-95D17.1 that are significantly associated with an increased susceptibility to developing Amyotrophic Lateral Sclerosis.",SMR SNP Disease Relations; SMR Gene Disease Relations
"Are there any specific alleles within the gene SIPA1 associated with increased susceptibility to developing Frontotemporal Dementia, as determined by significant SMR analysis?","No, based on the Whole Brain, Whole Blood, Cortex, Tibial Nerve and Multi Ancestry Whole Brain samples tested, there are no alleles within the gene SIPA1 that are significantly associated with an increased susceptibility to developing Frontotemporal Dementia.",SMR SNP Disease Relations; SMR Gene Disease Relations
"Are there any specific alleles within the gene DRC1 associated with increased susceptibility to developing Frontotemporal Dementia, as determined by significant SMR analysis?","No, based on the Whole Brain, Whole Blood, Cortex, Frontal Cortex and Prefrontal Cortex samples tested, there are no alleles within the gene DRC1 that are significantly associated with an increased susceptibility to developing Frontotemporal Dementia.",SMR SNP Disease Relations; SMR Gene Disease Relations
"Are there any specific alleles within the gene DNAAF1 associated with increased susceptibility to developing Amyotrophic Lateral Sclerosis, as determined by significant SMR analysis?","No, based on the Cerebellum, Whole Brain, Whole Blood, Cortex, Prefrontal Cortex and Tibial Nerve samples tested, there are no alleles within the gene DNAAF1 that are significantly associated with an increased susceptibility to developing Amyotrophic Lateral Sclerosis.",SMR SNP Disease Relations; SMR Gene Disease Relations
"Are there any specific alleles within the gene PHYHIP associated with increased susceptibility to developing Lewy Body Dementia, as determined by significant SMR analysis?","No, based on the Whole Brain, Whole Blood, Cerebellar Hemisphere, Multi Ancestry Whole Brain and Cerebellum samples tested, there are no alleles within the gene PHYHIP that are significantly associated with an increased susceptibility to developing Lewy Body Dementia.",SMR SNP Disease Relations; SMR Gene Disease Relations
"Are there any specific alleles within the gene TXK associated with increased susceptibility to developing Amyotrophic Lateral Sclerosis, as determined by significant SMR analysis?","No, based on the Whole Brain, Whole Blood and Cortex samples tested, there are no alleles within the gene TXK that are significantly associated with an increased susceptibility to developing Amyotrophic Lateral Sclerosis.",SMR SNP Disease Relations; SMR Gene Disease Relations
"Are there any specific alleles within the gene RP11-944L7.4 associated with increased susceptibility to developing Frontotemporal Dementia, as determined by significant SMR analysis?","No, based on the Whole Brain, Whole Blood and Skeletal Muscle samples tested, there are no alleles within the gene RP11-944L7.4 that are significantly associated with an increased susceptibility to developing Frontotemporal Dementia.",SMR SNP Disease Relations; SMR Gene Disease Relations
"Are there any specific alleles within the gene PHLDA2 associated with increased susceptibility to developing Progressive supranuclear palsy, as determined by significant SMR analysis?","No, based on the Whole Brain, Whole Blood, Cortex and Multi Ancestry Whole Brain samples tested, there are no alleles within the gene PHLDA2 that are significantly associated with an increased susceptibility to developing Progressive supranuclear palsy.",SMR SNP Disease Relations; SMR Gene Disease Relations
"Are there any specific alleles within the gene RAB8B associated with increased susceptibility to developing Alzheimer's Disease, as determined by significant SMR analysis?","Yes, there are 2 alleles within the gene RAB8B that are significantly associated with an increased susceptibility to developing Alzheimer's Disease:
• rs11858666
    • Whole Brain: Adjusted SMR multi-SNP P-value: 3.45e-07; b: 1.1164e-01
• rs2729793
    • Whole Blood: Adjusted SMR multi-SNP P-value: 4.97e-07; b: 8.5872e-02
",SMR SNP Disease Relations; SMR Gene Disease Relations
"Are there any specific alleles within the gene CTD-2538A21.1 associated with increased susceptibility to developing Frontotemporal Dementia, as determined by significant SMR analysis?","No, based on the Whole Brain, Cerebellar Hemisphere, Prefrontal Cortex and Cerebellum samples tested, there are no alleles within the gene CTD-2538A21.1 that are significantly associated with an increased susceptibility to developing Frontotemporal Dementia.",SMR SNP Disease Relations; SMR Gene Disease Relations
"Are there any specific alleles within the gene SLC52A1 associated with increased susceptibility to developing Parkinson's Disease, as determined by significant SMR analysis?","No, based on the Whole Brain, Whole Blood and Cortex samples tested, there are no alleles within the gene SLC52A1 that are significantly associated with an increased susceptibility to developing Parkinson's Disease.",SMR SNP Disease Relations; SMR Gene Disease Relations
"Are there any specific alleles within the gene LARP4 associated with increased susceptibility to developing Amyotrophic Lateral Sclerosis, as determined by significant SMR analysis?","No, based on the Prefrontal Cortex and Multi Ancestry Whole Brain samples tested, there are no alleles within the gene LARP4 that are significantly associated with an increased susceptibility to developing Amyotrophic Lateral Sclerosis.",SMR SNP Disease Relations; SMR Gene Disease Relations
"Are there any specific alleles within the gene MKX associated with increased susceptibility to developing Amyotrophic Lateral Sclerosis, as determined by significant SMR analysis?","No, based on the Whole Brain, Whole Blood, Prefrontal Cortex and Multi Ancestry Whole Brain samples tested, there are no alleles within the gene MKX that are significantly associated with an increased susceptibility to developing Amyotrophic Lateral Sclerosis.",SMR SNP Disease Relations; SMR Gene Disease Relations
"Are there any specific alleles within the gene MRPL41 associated with increased susceptibility to developing Frontotemporal Dementia, as determined by significant SMR analysis?","No, based on the Whole Brain, Whole Blood, Cortex, Tibial Nerve, Multi Ancestry Whole Brain, Liver and Cerebellum samples tested, there are no alleles within the gene MRPL41 that are significantly associated with an increased susceptibility to developing Frontotemporal Dementia.",SMR SNP Disease Relations; SMR Gene Disease Relations
"Are there any specific alleles within the gene FMO3 associated with increased susceptibility to developing Alzheimer's Disease, as determined by significant SMR analysis?","No, based on the Cortex, Prefrontal Cortex, Tibial Nerve, Skeletal Muscle and Multi Ancestry Whole Brain samples tested, there are no alleles within the gene FMO3 that are significantly associated with an increased susceptibility to developing Alzheimer's Disease.",SMR SNP Disease Relations; SMR Gene Disease Relations
"Are there any specific alleles within the gene RP11-793H13.11 associated with increased susceptibility to developing Lewy Body Dementia, as determined by significant SMR analysis?","No, based on the Whole Blood, Prefrontal Cortex, Skeletal Muscle and Multi Ancestry Whole Brain samples tested, there are no alleles within the gene RP11-793H13.11 that are significantly associated with an increased susceptibility to developing Lewy Body Dementia.",SMR SNP Disease Relations; SMR Gene Disease Relations
"Are there any specific alleles within the gene UNC93B6 associated with increased susceptibility to developing Amyotrophic Lateral Sclerosis, as determined by significant SMR analysis?","No, based on the Frontal Cortex, Prefrontal Cortex, Cortex and Caudate Basal Ganglia samples tested, there are no alleles within the gene UNC93B6 that are significantly associated with an increased susceptibility to developing Amyotrophic Lateral Sclerosis.",SMR SNP Disease Relations; SMR Gene Disease Relations
"Are there any specific alleles within the gene MARCH1 associated with increased susceptibility to developing Parkinson's Disease, as determined by significant SMR analysis?","No, based on the Whole Brain, Whole Blood, Cerebellar Hemisphere, Prefrontal Cortex, Tibial Nerve, Skeletal Muscle, Multi Ancestry Whole Brain, Liver and Cerebellum samples tested, there are no alleles within the gene MARCH1 that are significantly associated with an increased susceptibility to developing Parkinson's Disease.",SMR SNP Disease Relations; SMR Gene Disease Relations
"Are there any specific alleles within the gene SH2D6 associated with increased susceptibility to developing Alzheimer's Disease, as determined by significant SMR analysis?","No, based on the Cerebellum, Whole Brain, Whole Blood, Cortex, Cerebellar Hemisphere, Prefrontal Cortex, Hippocampus, Liver, Putamen Basal Ganglia and Nucleus Accumbens Basal samples tested, there are no alleles within the gene SH2D6 that are significantly associated with an increased susceptibility to developing Alzheimer's Disease.",SMR SNP Disease Relations; SMR Gene Disease Relations
"Are there any specific alleles within the gene CSTF1 associated with increased susceptibility to developing Alzheimer's Disease, as determined by significant SMR analysis?","Yes, there is 1 allele within the gene CSTF1 that is significantly associated with an increased susceptibility to developing Alzheimer's Disease:
• rs6024857
    • Whole Blood: Adjusted SMR multi-SNP P-value: 2.11e-10; b: 3.3751e-01",SMR SNP Disease Relations; SMR Gene Disease Relations
"Are there any specific alleles within the gene CDSN associated with increased susceptibility to developing Frontotemporal Dementia, as determined by significant SMR analysis?","No, based on the Whole Brain, Whole Blood and Cortex samples tested, there are no alleles within the gene CDSN that are significantly associated with an increased susceptibility to developing Frontotemporal Dementia.",SMR SNP Disease Relations; SMR Gene Disease Relations
"Are there any specific alleles within the gene VPS72 associated with increased susceptibility to developing Progressive supranuclear palsy, as determined by significant SMR analysis?","No, based on the Whole Blood samples tested, there are no alleles within the gene VPS72 that are significantly associated with an increased susceptibility to developing Progressive supranuclear palsy.",SMR SNP Disease Relations; SMR Gene Disease Relations
"Are there any specific alleles within the gene RP11-1029J19.5 associated with increased susceptibility to developing Amyotrophic Lateral Sclerosis, as determined by significant SMR analysis?","No, based on the Whole Brain and Whole Blood samples tested, there are no alleles within the gene RP11-1029J19.5 that are significantly associated with an increased susceptibility to developing Amyotrophic Lateral Sclerosis.",SMR SNP Disease Relations; SMR Gene Disease Relations
"Are there any specific alleles within the gene ASPRV1 associated with increased susceptibility to developing Alzheimer's Disease, as determined by significant SMR analysis?","No, based on the Whole Brain, Whole Blood, Cortex, Prefrontal Cortex, Tibial Nerve and Multi Ancestry Whole Brain samples tested, there are no alleles within the gene ASPRV1 that are significantly associated with an increased susceptibility to developing Alzheimer's Disease.",SMR SNP Disease Relations; SMR Gene Disease Relations
"Are there any specific alleles within the gene LSM14A associated with increased susceptibility to developing Amyotrophic Lateral Sclerosis, as determined by significant SMR analysis?","No, based on the Whole Blood samples tested, there are no alleles within the gene LSM14A that are significantly associated with an increased susceptibility to developing Amyotrophic Lateral Sclerosis.",SMR SNP Disease Relations; SMR Gene Disease Relations
"Are there any specific alleles within the gene CCDC155 associated with increased susceptibility to developing Alzheimer's Disease, as determined by significant SMR analysis?","No, based on the Cerebellum, Whole Brain, Whole Blood, Cortex and Cerebellar Hemisphere samples tested, there are no alleles within the gene CCDC155 that are significantly associated with an increased susceptibility to developing Alzheimer's Disease.",SMR SNP Disease Relations; SMR Gene Disease Relations
"Are there any specific alleles within the gene RAD9A associated with increased susceptibility to developing Frontotemporal Dementia, as determined by significant SMR analysis?","No, based on the Cerebellum, Cortex, Frontal Cortex, Caudate Basal Ganglia, Tibial Nerve, Skeletal Muscle, Multi Ancestry Whole Brain, Substantia nigra, Hypothalamus, Whole Blood, Putamen Basal Ganglia and Nucleus Accumbens Basal samples tested, there are no alleles within the gene RAD9A that are significantly associated with an increased susceptibility to developing Frontotemporal Dementia.",SMR SNP Disease Relations; SMR Gene Disease Relations
"Are there any specific alleles within the gene RTL10 associated with increased susceptibility to developing Amyotrophic Lateral Sclerosis, as determined by significant SMR analysis?","No, based on the Cerebellum, Basal Ganglia and Cortex samples tested, there are no alleles within the gene RTL10 that are significantly associated with an increased susceptibility to developing Amyotrophic Lateral Sclerosis.",SMR SNP Disease Relations; SMR Gene Disease Relations
"Are there any specific alleles within the gene BST1 associated with increased susceptibility to developing Amyotrophic Lateral Sclerosis, as determined by significant SMR analysis?","No, based on the Whole Brain, Whole Blood and Multi Ancestry Whole Brain samples tested, there are no alleles within the gene BST1 that are significantly associated with an increased susceptibility to developing Amyotrophic Lateral Sclerosis.",SMR SNP Disease Relations; SMR Gene Disease Relations
"Are there any specific alleles within the gene FAM180B associated with increased susceptibility to developing Parkinson's Disease, as determined by significant SMR analysis?","No, based on the Cerebellum, Whole Brain, Whole Blood, Cortex, Frontal Cortex, Prefrontal Cortex and Nucleus Accumbens Basal samples tested, there are no alleles within the gene FAM180B that are significantly associated with an increased susceptibility to developing Parkinson's Disease.",SMR SNP Disease Relations; SMR Gene Disease Relations
"Are there any specific alleles within the gene CTD-2127H9.1 associated with increased susceptibility to developing Alzheimer's Disease, as determined by significant SMR analysis?","No, based on the Whole Brain, Whole Blood and Tibial Nerve samples tested, there are no alleles within the gene CTD-2127H9.1 that are significantly associated with an increased susceptibility to developing Alzheimer's Disease.",SMR SNP Disease Relations; SMR Gene Disease Relations
"Are there any specific alleles within the gene GDPD5 associated with increased susceptibility to developing Progressive supranuclear palsy, as determined by significant SMR analysis?","No, based on the Whole Brain, Whole Blood, Cortex, Tibial Nerve and Multi Ancestry Whole Brain samples tested, there are no alleles within the gene GDPD5 that are significantly associated with an increased susceptibility to developing Progressive supranuclear palsy.",SMR SNP Disease Relations; SMR Gene Disease Relations
"Are there any specific alleles within the gene CTD-2514C3.1 associated with increased susceptibility to developing Parkinson's Disease, as determined by significant SMR analysis?","No, based on the Cerebellar Hemisphere, Prefrontal Cortex, Tibial Nerve and Cerebellum samples tested, there are no alleles within the gene CTD-2514C3.1 that are significantly associated with an increased susceptibility to developing Parkinson's Disease.",SMR SNP Disease Relations; SMR Gene Disease Relations
"Are there any specific alleles within the gene UNKL associated with increased susceptibility to developing Lewy Body Dementia, as determined by significant SMR analysis?","No, based on the Whole Brain, Whole Blood and Multi Ancestry Whole Brain samples tested, there are no alleles within the gene UNKL that are significantly associated with an increased susceptibility to developing Lewy Body Dementia.",SMR SNP Disease Relations; SMR Gene Disease Relations
"Are there any specific alleles within the gene CTD-2126E3.1 associated with increased susceptibility to developing Amyotrophic Lateral Sclerosis, as determined by significant SMR analysis?","No, based on the Whole Brain, Tibial Nerve and Skeletal Muscle samples tested, there are no alleles within the gene CTD-2126E3.1 that are significantly associated with an increased susceptibility to developing Amyotrophic Lateral Sclerosis.",SMR SNP Disease Relations; SMR Gene Disease Relations
"Are there any specific alleles within the gene LRRC20 associated with increased susceptibility to developing Frontotemporal Dementia, as determined by significant SMR analysis?","No, based on the Whole Brain, Whole Blood, Cortex, Prefrontal Cortex, Tibial Nerve, Skeletal Muscle and Multi Ancestry Whole Brain samples tested, there are no alleles within the gene LRRC20 that are significantly associated with an increased susceptibility to developing Frontotemporal Dementia.",SMR SNP Disease Relations; SMR Gene Disease Relations
"Are there any specific alleles within the gene TIMM44 associated with increased susceptibility to developing Amyotrophic Lateral Sclerosis, as determined by significant SMR analysis?","No, based on the Cerebellum, Whole Brain, Whole Blood, Cortex, Cerebellar Hemisphere, Prefrontal Cortex, Caudate Basal Ganglia, Tibial Nerve, Skeletal Muscle, Hippocampus, Multi Ancestry Whole Brain, Hypothalamus, Putamen Basal Ganglia and Nucleus Accumbens Basal samples tested, there are no alleles within the gene TIMM44 that are significantly associated with an increased susceptibility to developing Amyotrophic Lateral Sclerosis.",SMR SNP Disease Relations; SMR Gene Disease Relations
"Are there any specific alleles within the gene CCNE1 associated with increased susceptibility to developing Progressive supranuclear palsy, as determined by significant SMR analysis?","No, based on the Whole Brain and Whole Blood samples tested, there are no alleles within the gene CCNE1 that are significantly associated with an increased susceptibility to developing Progressive supranuclear palsy.",SMR SNP Disease Relations; SMR Gene Disease Relations
"Are there any specific alleles within the gene RP11-774O3.1 associated with increased susceptibility to developing Amyotrophic Lateral Sclerosis, as determined by significant SMR analysis?","No, based on the Whole Brain samples tested, there are no alleles within the gene RP11-774O3.1 that are significantly associated with an increased susceptibility to developing Amyotrophic Lateral Sclerosis.",SMR SNP Disease Relations; SMR Gene Disease Relations
"Are there any specific alleles within the gene AC104667.3 associated with increased susceptibility to developing Amyotrophic Lateral Sclerosis, as determined by significant SMR analysis?","No, based on the Whole Brain and Whole Blood samples tested, there are no alleles within the gene AC104667.3 that are significantly associated with an increased susceptibility to developing Amyotrophic Lateral Sclerosis.",SMR SNP Disease Relations; SMR Gene Disease Relations
"Are there any specific alleles within the gene RP11-383B4.4 associated with increased susceptibility to developing Amyotrophic Lateral Sclerosis, as determined by significant SMR analysis?","No, based on the Cerebellar Hemisphere, Caudate Basal Ganglia, Liver, Whole Blood and Putamen Basal Ganglia samples tested, there are no alleles within the gene RP11-383B4.4 that are significantly associated with an increased susceptibility to developing Amyotrophic Lateral Sclerosis.",SMR SNP Disease Relations; SMR Gene Disease Relations
"Are there any specific alleles within the gene CNRIP1 associated with increased susceptibility to developing Lewy Body Dementia, as determined by significant SMR analysis?","No, based on the Whole Brain, Whole Blood, Prefrontal Cortex and Multi Ancestry Whole Brain samples tested, there are no alleles within the gene CNRIP1 that are significantly associated with an increased susceptibility to developing Lewy Body Dementia.",SMR SNP Disease Relations; SMR Gene Disease Relations
"Are there any specific alleles within the gene MRPL35 associated with increased susceptibility to developing Lewy Body Dementia, as determined by significant SMR analysis?","No, based on the Cortex, Frontal Cortex, Cerebellar Hemisphere, Prefrontal Cortex, Tibial Nerve, Multi Ancestry Whole Brain, Hypothalamus, Whole Blood, Amygdala, Whole Brain, Cerebellum and Nucleus Accumbens Basal samples tested, there are no alleles within the gene MRPL35 that are significantly associated with an increased susceptibility to developing Lewy Body Dementia.",SMR SNP Disease Relations; SMR Gene Disease Relations
"Are there any specific alleles within the gene RP11-801F7.1 associated with increased susceptibility to developing Frontotemporal Dementia, as determined by significant SMR analysis?","No, based on the Prefrontal Cortex samples tested, there are no alleles within the gene RP11-801F7.1 that are significantly associated with an increased susceptibility to developing Frontotemporal Dementia.",SMR SNP Disease Relations; SMR Gene Disease Relations
"Are there any specific alleles within the gene AC092684.1 associated with increased susceptibility to developing Alzheimer's Disease, as determined by significant SMR analysis?","No, based on the Whole Brain and Whole Blood samples tested, there are no alleles within the gene AC092684.1 that are significantly associated with an increased susceptibility to developing Alzheimer's Disease.",SMR SNP Disease Relations; SMR Gene Disease Relations
"Are there any specific alleles within the gene PKD2 associated with increased susceptibility to developing Alzheimer's Disease, as determined by significant SMR analysis?","No, based on the Whole Brain, Cortex, Frontal Cortex, Prefrontal Cortex, Caudate Basal Ganglia, Multi Ancestry Whole Brain and Whole Blood samples tested, there are no alleles within the gene PKD2 that are significantly associated with an increased susceptibility to developing Alzheimer's Disease.",SMR SNP Disease Relations; SMR Gene Disease Relations
"Are there any specific alleles within the gene CDRT15P1 associated with increased susceptibility to developing Frontotemporal Dementia, as determined by significant SMR analysis?","No, based on the Cerebellar Hemisphere, Tibial Nerve, Liver, Whole Blood, Whole Brain and Cerebellum samples tested, there are no alleles within the gene CDRT15P1 that are significantly associated with an increased susceptibility to developing Frontotemporal Dementia.",SMR SNP Disease Relations; SMR Gene Disease Relations
"Are there any specific alleles within the gene ST6GAL1 associated with increased susceptibility to developing Alzheimer's Disease, as determined by significant SMR analysis?","No, based on the Whole Brain, Whole Blood, Cortex, Prefrontal Cortex, Tibial Nerve, Skeletal Muscle and Multi Ancestry Whole Brain samples tested, there are no alleles within the gene ST6GAL1 that are significantly associated with an increased susceptibility to developing Alzheimer's Disease.",SMR SNP Disease Relations; SMR Gene Disease Relations
"Are there any specific alleles within the gene NLRP9 associated with increased susceptibility to developing Parkinson's Disease, as determined by significant SMR analysis?","No, based on the Whole Brain and Cortex samples tested, there are no alleles within the gene NLRP9 that are significantly associated with an increased susceptibility to developing Parkinson's Disease.",SMR SNP Disease Relations; SMR Gene Disease Relations
"Are there any specific alleles within the gene TNPO1 associated with increased susceptibility to developing Parkinson's Disease, as determined by significant SMR analysis?","No, based on the Whole Brain, Skeletal Muscle, Multi Ancestry Whole Brain and Whole Blood samples tested, there are no alleles within the gene TNPO1 that are significantly associated with an increased susceptibility to developing Parkinson's Disease.",SMR SNP Disease Relations; SMR Gene Disease Relations
"Are there any specific alleles within the gene WDPCP associated with increased susceptibility to developing Lewy Body Dementia, as determined by significant SMR analysis?","No, based on the Whole Brain, Caudate Basal Ganglia, Tibial Nerve, Skeletal Muscle, Multi Ancestry Whole Brain and Whole Blood samples tested, there are no alleles within the gene WDPCP that are significantly associated with an increased susceptibility to developing Lewy Body Dementia.",SMR SNP Disease Relations; SMR Gene Disease Relations
"Are there any specific alleles within the gene ANXA8L1 associated with increased susceptibility to developing Lewy Body Dementia, as determined by significant SMR analysis?","No, based on the Cortex and Prefrontal Cortex samples tested, there are no alleles within the gene ANXA8L1 that are significantly associated with an increased susceptibility to developing Lewy Body Dementia.",SMR SNP Disease Relations; SMR Gene Disease Relations
"Are there any specific alleles within the gene TMEM53 associated with increased susceptibility to developing Alzheimer's Disease, as determined by significant SMR analysis?","No, based on the Whole Brain, Whole Blood and Cortex samples tested, there are no alleles within the gene TMEM53 that are significantly associated with an increased susceptibility to developing Alzheimer's Disease.",SMR SNP Disease Relations; SMR Gene Disease Relations
"Are there any specific alleles within the gene RP11-950C14.7 associated with increased susceptibility to developing Amyotrophic Lateral Sclerosis, as determined by significant SMR analysis?","No, based on the Whole Brain, Whole Blood and Tibial Nerve samples tested, there are no alleles within the gene RP11-950C14.7 that are significantly associated with an increased susceptibility to developing Amyotrophic Lateral Sclerosis.",SMR SNP Disease Relations; SMR Gene Disease Relations
"Are there any specific alleles within the gene GML associated with increased susceptibility to developing Parkinson's Disease, as determined by significant SMR analysis?","No, based on the Whole Brain, Whole Blood and Cortex samples tested, there are no alleles within the gene GML that are significantly associated with an increased susceptibility to developing Parkinson's Disease.",SMR SNP Disease Relations; SMR Gene Disease Relations
"Are there any specific alleles within the gene SCUBE3 associated with increased susceptibility to developing Amyotrophic Lateral Sclerosis, as determined by significant SMR analysis?","No, based on the Whole Brain, Whole Blood and Cortex samples tested, there are no alleles within the gene SCUBE3 that are significantly associated with an increased susceptibility to developing Amyotrophic Lateral Sclerosis.",SMR SNP Disease Relations; SMR Gene Disease Relations
"Are there any specific alleles within the gene RP11-332J15.2 associated with increased susceptibility to developing Lewy Body Dementia, as determined by significant SMR analysis?","No, based on the Frontal Cortex, Cerebellar Hemisphere, Prefrontal Cortex, Cortex, Caudate Basal Ganglia, Putamen Basal Ganglia, Amygdala, Whole Brain, Cerebellum and Nucleus Accumbens Basal samples tested, there are no alleles within the gene RP11-332J15.2 that are significantly associated with an increased susceptibility to developing Lewy Body Dementia.",SMR SNP Disease Relations; SMR Gene Disease Relations
"Are there any specific alleles within the gene RP11-173P15.7 associated with increased susceptibility to developing Frontotemporal Dementia, as determined by significant SMR analysis?","No, based on the Whole Brain, Whole Blood and Skeletal Muscle samples tested, there are no alleles within the gene RP11-173P15.7 that are significantly associated with an increased susceptibility to developing Frontotemporal Dementia.",SMR SNP Disease Relations; SMR Gene Disease Relations
"Are there any specific alleles within the gene PTPRCAP associated with increased susceptibility to developing Progressive supranuclear palsy, as determined by significant SMR analysis?","No, based on the Whole Blood and Whole Brain samples tested, there are no alleles within the gene PTPRCAP that are significantly associated with an increased susceptibility to developing Progressive supranuclear palsy.",SMR SNP Disease Relations; SMR Gene Disease Relations
"Are there any specific alleles within the gene MOBKL2B associated with increased susceptibility to developing Amyotrophic Lateral Sclerosis, as determined by significant SMR analysis?","Yes, there is 1 allele within the gene MOBKL2B that is significantly associated with an increased susceptibility to developing Amyotrophic Lateral Sclerosis:
• rs10812605
    • Whole Blood: Adjusted SMR multi-SNP P-value: 2.86e-10; b: 4.4213e-01",SMR SNP Disease Relations; SMR Gene Disease Relations
"Are there any specific alleles within the gene RP4-647C14.2 associated with increased susceptibility to developing Frontotemporal Dementia, as determined by significant SMR analysis?","No, based on the Tibial Nerve and Whole Blood samples tested, there are no alleles within the gene RP4-647C14.2 that are significantly associated with an increased susceptibility to developing Frontotemporal Dementia.",SMR SNP Disease Relations; SMR Gene Disease Relations
"Are there any specific alleles within the gene RP5-837I24.1 associated with increased susceptibility to developing Alzheimer's Disease, as determined by significant SMR analysis?","No, based on the Prefrontal Cortex samples tested, there are no alleles within the gene RP5-837I24.1 that are significantly associated with an increased susceptibility to developing Alzheimer's Disease.",SMR SNP Disease Relations; SMR Gene Disease Relations
"Are there any specific alleles within the gene AC015971.2 associated with increased susceptibility to developing Parkinson's Disease, as determined by significant SMR analysis?","No, based on the Whole Brain, Whole Blood, Tibial Nerve and Skeletal Muscle samples tested, there are no alleles within the gene AC015971.2 that are significantly associated with an increased susceptibility to developing Parkinson's Disease.",SMR SNP Disease Relations; SMR Gene Disease Relations
"Are there any specific alleles within the gene C20ORF135 associated with increased susceptibility to developing Alzheimer's Disease, as determined by significant SMR analysis?","No, based on the Cortex, Tibial Nerve, Skeletal Muscle, Hippocampus and Nucleus Accumbens Basal samples tested, there are no alleles within the gene C20ORF135 that are significantly associated with an increased susceptibility to developing Alzheimer's Disease.",SMR SNP Disease Relations; SMR Gene Disease Relations
"Are there any specific alleles within the gene AC005082.12 associated with increased susceptibility to developing Parkinson's Disease, as determined by significant SMR analysis?","Yes, there are 2 alleles within the gene AC005082.12 that are significantly associated with an increased susceptibility to developing Parkinson's Disease:
• rs858295
    • Whole Brain: Adjusted SMR multi-SNP P-value: 7.61e-07; b: 2.3425e-01
• rs870476
    • Whole Brain: Adjusted SMR multi-SNP P-value: 2.46e-06; b: 1.7725e-01
",SMR SNP Disease Relations; SMR Gene Disease Relations
"Are there any specific alleles within the gene CA12 associated with increased susceptibility to developing Lewy Body Dementia, as determined by significant SMR analysis?","No, based on the Cerebellum, Whole Brain, Whole Blood, Cortex, Frontal Cortex, Cerebellar Hemisphere, Prefrontal Cortex and Multi Ancestry Whole Brain samples tested, there are no alleles within the gene CA12 that are significantly associated with an increased susceptibility to developing Lewy Body Dementia.",SMR SNP Disease Relations; SMR Gene Disease Relations
"Are there any specific alleles within the gene FAM76B associated with increased susceptibility to developing Amyotrophic Lateral Sclerosis, as determined by significant SMR analysis?","No, based on the Whole Brain, Whole Blood and Cortex samples tested, there are no alleles within the gene FAM76B that are significantly associated with an increased susceptibility to developing Amyotrophic Lateral Sclerosis.",SMR SNP Disease Relations; SMR Gene Disease Relations
"Are there any specific alleles within the gene KLHL7-AS1 associated with increased susceptibility to developing Parkinson's Disease, as determined by significant SMR analysis?","Yes, there is 1 allele within the gene KLHL7-AS1 that is significantly associated with an increased susceptibility to developing Parkinson's Disease:
• rs1005786
    • Whole Blood: Adjusted SMR multi-SNP P-value: 1.69e-07; b: 1.4591e-01",SMR SNP Disease Relations; SMR Gene Disease Relations
"Are there any specific alleles within the gene DDX19A associated with increased susceptibility to developing Alzheimer's Disease, as determined by significant SMR analysis?","No, based on the Multi Ancestry Whole Brain and Whole Blood samples tested, there are no alleles within the gene DDX19A that are significantly associated with an increased susceptibility to developing Alzheimer's Disease.",SMR SNP Disease Relations; SMR Gene Disease Relations
"Are there any specific alleles within the gene FPR3 associated with increased susceptibility to developing Lewy Body Dementia, as determined by significant SMR analysis?","No, based on the Whole Brain, Whole Blood, Cortex and Multi Ancestry Whole Brain samples tested, there are no alleles within the gene FPR3 that are significantly associated with an increased susceptibility to developing Lewy Body Dementia.",SMR SNP Disease Relations; SMR Gene Disease Relations
"Are there any specific alleles within the gene CTB-113D17.1 associated with increased susceptibility to developing Parkinson's Disease, as determined by significant SMR analysis?","No, based on the Whole Blood, Frontal Cortex, Cerebellar Hemisphere, Prefrontal Cortex, Cortex, Caudate Basal Ganglia, Tibial Nerve, Skeletal Muscle, Hippocampus, Substantia nigra, Hypothalamus, Anterior Cingulate Cortex BA24, Putamen Basal Ganglia, Amygdala, Whole Brain, Cerebellum and Nucleus Accumbens Basal samples tested, there are no alleles within the gene CTB-113D17.1 that are significantly associated with an increased susceptibility to developing Parkinson's Disease.",SMR SNP Disease Relations; SMR Gene Disease Relations
"Are there any specific alleles within the gene IGF2BP2 associated with increased susceptibility to developing Amyotrophic Lateral Sclerosis, as determined by significant SMR analysis?","No, based on the Whole Brain, Whole Blood and Tibial Nerve samples tested, there are no alleles within the gene IGF2BP2 that are significantly associated with an increased susceptibility to developing Amyotrophic Lateral Sclerosis.",SMR SNP Disease Relations; SMR Gene Disease Relations
"Are there any specific alleles within the gene EPHX2 associated with increased susceptibility to developing Alzheimer's Disease, as determined by significant SMR analysis?","Yes, there are 5 alleles within the gene EPHX2 that are significantly associated with an increased susceptibility to developing Alzheimer's Disease:
• rs73227337
    • Whole Brain: Adjusted SMR multi-SNP P-value: 1.50e-09; b: 9.7229e-02
• rs10096092
    • Whole Brain: Adjusted SMR multi-SNP P-value: 1.25e-08; b: 3.5867e-02
• rs6994778
    • Whole Blood: Adjusted SMR multi-SNP P-value: 2.98e-08; b: 9.2998e-02
• rs17057245
    • Whole Brain: Adjusted SMR multi-SNP P-value: 5.69e-08; b: 4.2306e-02
• rs10104713
    • Whole Brain: Adjusted SMR multi-SNP P-value: 7.48e-08; b: 1.0357e-01
",SMR SNP Disease Relations; SMR Gene Disease Relations
"Are there any specific alleles within the gene RDX associated with increased susceptibility to developing Amyotrophic Lateral Sclerosis, as determined by significant SMR analysis?","No, based on the Whole Brain and Whole Blood samples tested, there are no alleles within the gene RDX that are significantly associated with an increased susceptibility to developing Amyotrophic Lateral Sclerosis.",SMR SNP Disease Relations; SMR Gene Disease Relations
"Are there any specific alleles within the gene STEAP1 associated with increased susceptibility to developing Amyotrophic Lateral Sclerosis, as determined by significant SMR analysis?","No, based on the Cerebellum, Cortex, Prefrontal Cortex, Multi Ancestry Whole Brain and Liver samples tested, there are no alleles within the gene STEAP1 that are significantly associated with an increased susceptibility to developing Amyotrophic Lateral Sclerosis.",SMR SNP Disease Relations; SMR Gene Disease Relations
"Are there any specific alleles within the gene C4orf47 associated with increased susceptibility to developing Frontotemporal Dementia, as determined by significant SMR analysis?","No, based on the Cerebellum, Whole Brain, Whole Blood and Cortex samples tested, there are no alleles within the gene C4orf47 that are significantly associated with an increased susceptibility to developing Frontotemporal Dementia.",SMR SNP Disease Relations; SMR Gene Disease Relations
"Are there any specific alleles within the gene AC091814.3 associated with increased susceptibility to developing Progressive supranuclear palsy, as determined by significant SMR analysis?","No, based on the Whole Blood samples tested, there are no alleles within the gene AC091814.3 that are significantly associated with an increased susceptibility to developing Progressive supranuclear palsy.",SMR SNP Disease Relations; SMR Gene Disease Relations
"Are there any specific alleles within the gene OGFR-AS1 associated with increased susceptibility to developing Alzheimer's Disease, as determined by significant SMR analysis?","No, based on the Whole Blood and Liver samples tested, there are no alleles within the gene OGFR-AS1 that are significantly associated with an increased susceptibility to developing Alzheimer's Disease.",SMR SNP Disease Relations; SMR Gene Disease Relations
"Are there any specific alleles within the gene RSPH4A associated with increased susceptibility to developing Parkinson's Disease, as determined by significant SMR analysis?","No, based on the Whole Brain, Whole Blood, Prefrontal Cortex, Tibial Nerve and Skeletal Muscle samples tested, there are no alleles within the gene RSPH4A that are significantly associated with an increased susceptibility to developing Parkinson's Disease.",SMR SNP Disease Relations; SMR Gene Disease Relations
"Are there any specific alleles within the gene HSD3B7 associated with increased susceptibility to developing Parkinson's Disease, as determined by significant SMR analysis?","Yes, there are 2 alleles within the gene HSD3B7 that are significantly associated with an increased susceptibility to developing Parkinson's Disease:
• rs8060857
    • Whole Brain: Adjusted SMR multi-SNP P-value: 8.00e-08; b: 2.1607e-01
• rs4889606
    • Whole Blood: Adjusted SMR multi-SNP P-value: 7.67e-07; b: 4.3491e-01
",SMR SNP Disease Relations; SMR Gene Disease Relations
"Are there any specific alleles within the gene FZD6 associated with increased susceptibility to developing Alzheimer's Disease, as determined by significant SMR analysis?","No, based on the Cerebellum, Whole Brain, Whole Blood, Cortex, Frontal Cortex, Prefrontal Cortex, Tibial Nerve and Multi Ancestry Whole Brain samples tested, there are no alleles within the gene FZD6 that are significantly associated with an increased susceptibility to developing Alzheimer's Disease.",SMR SNP Disease Relations; SMR Gene Disease Relations
"Are there any specific alleles within the gene MGC57346 associated with increased susceptibility to developing Parkinson's Disease, as determined by significant SMR analysis?","Yes, there are 2 alleles within the gene MGC57346 that are significantly associated with an increased susceptibility to developing Parkinson's Disease:
• rs62056790
    • Whole Blood: Adjusted SMR multi-SNP P-value: 1.12e-11; b: 5.0660e-01
• rs389217
    • Whole Brain: Adjusted SMR multi-SNP P-value: 5.49e-08; b: 4.6318e-01
",SMR SNP Disease Relations; SMR Gene Disease Relations
"Are there any specific alleles within the gene FAM131B associated with increased susceptibility to developing Alzheimer's Disease, as determined by significant SMR analysis?","Yes, there is 1 allele within the gene FAM131B that is significantly associated with an increased susceptibility to developing Alzheimer's Disease:
• rs13232480
    • Whole Blood: Adjusted SMR multi-SNP P-value: 8.03e-07; b: 2.2714e-02",SMR SNP Disease Relations; SMR Gene Disease Relations
"Are there any specific alleles within the gene GNA11 associated with increased susceptibility to developing Alzheimer's Disease, as determined by significant SMR analysis?","No, based on the Whole Brain, Whole Blood, Cortex, Prefrontal Cortex, Skeletal Muscle and Multi Ancestry Whole Brain samples tested, there are no alleles within the gene GNA11 that are significantly associated with an increased susceptibility to developing Alzheimer's Disease.",SMR SNP Disease Relations; SMR Gene Disease Relations
"Are there any specific alleles within the gene RP11-87C12.2 associated with increased susceptibility to developing Alzheimer's Disease, as determined by significant SMR analysis?","No, based on the Whole Brain and Whole Blood samples tested, there are no alleles within the gene RP11-87C12.2 that are significantly associated with an increased susceptibility to developing Alzheimer's Disease.",SMR SNP Disease Relations; SMR Gene Disease Relations
"Are there any specific alleles within the gene C1orf204 associated with increased susceptibility to developing Progressive supranuclear palsy, as determined by significant SMR analysis?","No, based on the Frontal Cortex, Cortex, Caudate Basal Ganglia, Skeletal Muscle, Multi Ancestry Whole Brain, Whole Blood, Whole Brain and Nucleus Accumbens Basal samples tested, there are no alleles within the gene C1orf204 that are significantly associated with an increased susceptibility to developing Progressive supranuclear palsy.",SMR SNP Disease Relations; SMR Gene Disease Relations
"Are there any specific alleles within the gene RP3-395M20.12 associated with increased susceptibility to developing Amyotrophic Lateral Sclerosis, as determined by significant SMR analysis?","No, based on the Whole Brain samples tested, there are no alleles within the gene RP3-395M20.12 that are significantly associated with an increased susceptibility to developing Amyotrophic Lateral Sclerosis.",SMR SNP Disease Relations; SMR Gene Disease Relations
"Are there any specific alleles within the gene RP11-114N19.3 associated with increased susceptibility to developing Frontotemporal Dementia, as determined by significant SMR analysis?","No, based on the Whole Brain and Prefrontal Cortex samples tested, there are no alleles within the gene RP11-114N19.3 that are significantly associated with an increased susceptibility to developing Frontotemporal Dementia.",SMR SNP Disease Relations; SMR Gene Disease Relations
"Are there any specific alleles within the gene RETN associated with increased susceptibility to developing Frontotemporal Dementia, as determined by significant SMR analysis?","No, based on the Whole Brain and Whole Blood samples tested, there are no alleles within the gene RETN that are significantly associated with an increased susceptibility to developing Frontotemporal Dementia.",SMR SNP Disease Relations; SMR Gene Disease Relations
"Are there any specific alleles within the gene AL022476.2 associated with increased susceptibility to developing Progressive supranuclear palsy, as determined by significant SMR analysis?","No, based on the Cerebellar Hemisphere, Whole Blood and Cerebellum samples tested, there are no alleles within the gene AL022476.2 that are significantly associated with an increased susceptibility to developing Progressive supranuclear palsy.",SMR SNP Disease Relations; SMR Gene Disease Relations
"Are there any specific alleles within the gene RP11-342M1.7 associated with increased susceptibility to developing Amyotrophic Lateral Sclerosis, as determined by significant SMR analysis?","No, based on the Whole Brain and Whole Blood samples tested, there are no alleles within the gene RP11-342M1.7 that are significantly associated with an increased susceptibility to developing Amyotrophic Lateral Sclerosis.",SMR SNP Disease Relations; SMR Gene Disease Relations
"Are there any specific alleles within the gene FCRLB associated with increased susceptibility to developing Progressive supranuclear palsy, as determined by significant SMR analysis?","No, based on the Cerebellum, Hippocampus, Whole Brain, Whole Blood, Cortex, Liver and Nucleus Accumbens Basal samples tested, there are no alleles within the gene FCRLB that are significantly associated with an increased susceptibility to developing Progressive supranuclear palsy.",SMR SNP Disease Relations; SMR Gene Disease Relations
"Are there any specific alleles within the gene STARD13-AS associated with increased susceptibility to developing Progressive supranuclear palsy, as determined by significant SMR analysis?","No, based on the Skeletal Muscle samples tested, there are no alleles within the gene STARD13-AS that are significantly associated with an increased susceptibility to developing Progressive supranuclear palsy.",SMR SNP Disease Relations; SMR Gene Disease Relations
"Are there any specific alleles within the gene SPPL2B associated with increased susceptibility to developing Amyotrophic Lateral Sclerosis, as determined by significant SMR analysis?","No, based on the Cerebellum, Whole Brain, Whole Blood, Cortex, Cerebellar Hemisphere, Tibial Nerve, Multi Ancestry Whole Brain and Liver samples tested, there are no alleles within the gene SPPL2B that are significantly associated with an increased susceptibility to developing Amyotrophic Lateral Sclerosis.",SMR SNP Disease Relations; SMR Gene Disease Relations
"Are there any specific alleles within the gene RP11-422P24.10 associated with increased susceptibility to developing Alzheimer's Disease, as determined by significant SMR analysis?","No, based on the Prefrontal Cortex samples tested, there are no alleles within the gene RP11-422P24.10 that are significantly associated with an increased susceptibility to developing Alzheimer's Disease.",SMR SNP Disease Relations; SMR Gene Disease Relations
"Are there any specific alleles within the gene CCT8 associated with increased susceptibility to developing Progressive supranuclear palsy, as determined by significant SMR analysis?","No, based on the Cerebellum, Whole Blood, Cortex, Tibial Nerve, Skeletal Muscle, Multi Ancestry Whole Brain and Whole Brain samples tested, there are no alleles within the gene CCT8 that are significantly associated with an increased susceptibility to developing Progressive supranuclear palsy.",SMR SNP Disease Relations; SMR Gene Disease Relations
"Are there any specific alleles within the gene DISC1 associated with increased susceptibility to developing Frontotemporal Dementia, as determined by significant SMR analysis?","No, based on the Whole Brain, Whole Blood, Cortex, Prefrontal Cortex, Tibial Nerve, Skeletal Muscle and Multi Ancestry Whole Brain samples tested, there are no alleles within the gene DISC1 that are significantly associated with an increased susceptibility to developing Frontotemporal Dementia.",SMR SNP Disease Relations; SMR Gene Disease Relations
"Are there any specific alleles within the gene FGF11 associated with increased susceptibility to developing Lewy Body Dementia, as determined by significant SMR analysis?","No, based on the Whole Brain, Whole Blood, Cortex, Prefrontal Cortex, Skeletal Muscle and Multi Ancestry Whole Brain samples tested, there are no alleles within the gene FGF11 that are significantly associated with an increased susceptibility to developing Lewy Body Dementia.",SMR SNP Disease Relations; SMR Gene Disease Relations
"Are there any specific alleles within the gene TNRC6A associated with increased susceptibility to developing Frontotemporal Dementia, as determined by significant SMR analysis?","No, based on the Whole Brain and Whole Blood samples tested, there are no alleles within the gene TNRC6A that are significantly associated with an increased susceptibility to developing Frontotemporal Dementia.",SMR SNP Disease Relations; SMR Gene Disease Relations
"Are there any specific alleles within the gene PADI6 associated with increased susceptibility to developing Alzheimer's Disease, as determined by significant SMR analysis?","No, based on the Whole Brain and Whole Blood samples tested, there are no alleles within the gene PADI6 that are significantly associated with an increased susceptibility to developing Alzheimer's Disease.",SMR SNP Disease Relations; SMR Gene Disease Relations
"Are there any specific alleles within the gene BTNL2 associated with increased susceptibility to developing Alzheimer's Disease, as determined by significant SMR analysis?","Yes, there are 5 alleles within the gene BTNL2 that are significantly associated with an increased susceptibility to developing Alzheimer's Disease:
• rs116522341
    • Whole Blood: Adjusted SMR multi-SNP P-value: 2.68e-09; b: 6.1839e-02
• rs9268912
    • Cortex: Adjusted SMR multi-SNP P-value: 1.77e-08; b: 1.3480e-01
• rs9271430
    • Whole Blood: Adjusted SMR multi-SNP P-value: 8.90e-08; b: 8.9741e-02
• rs115625939
    • Whole Blood: Adjusted SMR multi-SNP P-value: 3.11e-07; b: 1.6361e-02
• rs743862
    • Whole Brain: Adjusted SMR multi-SNP P-value: 7.77e-07; b: 5.2832e-02
",SMR SNP Disease Relations; SMR Gene Disease Relations
"Are there any specific alleles within the gene RP11-669E14.4 associated with increased susceptibility to developing Parkinson's Disease, as determined by significant SMR analysis?","Yes, there are 2 alleles within the gene RP11-669E14.4 that are significantly associated with an increased susceptibility to developing Parkinson's Disease:
• rs17661027
    • Liver: Adjusted SMR multi-SNP P-value: 2.52e-11; b: 4.0692e-01
• rs575074983
    • Prefrontal Cortex: Adjusted SMR multi-SNP P-value: 6.39e-09; b: 7.9573e-01
",SMR SNP Disease Relations; SMR Gene Disease Relations
"Are there any specific alleles within the gene FAM65B associated with increased susceptibility to developing Frontotemporal Dementia, as determined by significant SMR analysis?","No, based on the Whole Brain, Whole Blood, Tibial Nerve and Multi Ancestry Whole Brain samples tested, there are no alleles within the gene FAM65B that are significantly associated with an increased susceptibility to developing Frontotemporal Dementia.",SMR SNP Disease Relations; SMR Gene Disease Relations
"Are there any specific alleles within the gene DOT1L associated with increased susceptibility to developing Frontotemporal Dementia, as determined by significant SMR analysis?","No, based on the Whole Brain, Whole Blood, Cerebellar Hemisphere, Caudate Basal Ganglia, Multi Ancestry Whole Brain, Cerebellum and Nucleus Accumbens Basal samples tested, there are no alleles within the gene DOT1L that are significantly associated with an increased susceptibility to developing Frontotemporal Dementia.",SMR SNP Disease Relations; SMR Gene Disease Relations
"Are there any specific alleles within the gene C16orf93 associated with increased susceptibility to developing Parkinson's Disease, as determined by significant SMR analysis?","Yes, there are 2 alleles within the gene C16orf93 that are significantly associated with an increased susceptibility to developing Parkinson's Disease:
• rs885107
    • Whole Brain: Adjusted SMR multi-SNP P-value: 1.69e-07; b: 1.9349e-01
• rs3747486
    • Prefrontal Cortex: Adjusted SMR multi-SNP P-value: 6.40e-07; b: 4.0232e-01
",SMR SNP Disease Relations; SMR Gene Disease Relations
"Are there any specific alleles within the gene RCAN2 associated with increased susceptibility to developing Progressive supranuclear palsy, as determined by significant SMR analysis?","No, based on the Whole Brain and Whole Blood samples tested, there are no alleles within the gene RCAN2 that are significantly associated with an increased susceptibility to developing Progressive supranuclear palsy.",SMR SNP Disease Relations; SMR Gene Disease Relations
"Are there any specific alleles within the gene MS4A3 associated with increased susceptibility to developing Alzheimer's Disease, as determined by significant SMR analysis?","Yes, there are 2 alleles within the gene MS4A3 that are significantly associated with an increased susceptibility to developing Alzheimer's Disease:
• rs1286162
    • Whole Blood: Adjusted SMR multi-SNP P-value: 5.04e-17; b: 6.4203e-02
• rs539360
    • Whole Blood: Adjusted SMR multi-SNP P-value: 2.39e-06; b: 2.7297e-01
",SMR SNP Disease Relations; SMR Gene Disease Relations
"Are there any specific alleles within the gene OR2T4 associated with increased susceptibility to developing Lewy Body Dementia, as determined by significant SMR analysis?","No, based on the Whole Brain, Whole Blood, Cortex and Prefrontal Cortex samples tested, there are no alleles within the gene OR2T4 that are significantly associated with an increased susceptibility to developing Lewy Body Dementia.",SMR SNP Disease Relations; SMR Gene Disease Relations
"Are there any specific alleles within the gene CCL4L2 associated with increased susceptibility to developing Amyotrophic Lateral Sclerosis, as determined by significant SMR analysis?","No, based on the Basal Ganglia, Whole Blood, Cortex and Prefrontal Cortex samples tested, there are no alleles within the gene CCL4L2 that are significantly associated with an increased susceptibility to developing Amyotrophic Lateral Sclerosis.",SMR SNP Disease Relations; SMR Gene Disease Relations
"Are there any specific alleles within the gene SMIM19 associated with increased susceptibility to developing Frontotemporal Dementia, as determined by significant SMR analysis?","No, based on the Cerebellum, Basal Ganglia, Spinalcord, Whole Blood, Cortex, Frontal Cortex, Cerebellar Hemisphere, Prefrontal Cortex, Caudate Basal Ganglia, Tibial Nerve, Skeletal Muscle, Hippocampus, Multi Ancestry Whole Brain, Substantia nigra, Hypothalamus, Liver, Anterior Cingulate Cortex BA24, Putamen Basal Ganglia, Amygdala and Nucleus Accumbens Basal samples tested, there are no alleles within the gene SMIM19 that are significantly associated with an increased susceptibility to developing Frontotemporal Dementia.",SMR SNP Disease Relations; SMR Gene Disease Relations
"Are there any specific alleles within the gene HAP1 associated with increased susceptibility to developing Lewy Body Dementia, as determined by significant SMR analysis?","No, based on the Whole Blood, Cortex, Tibial Nerve, Multi Ancestry Whole Brain and Whole Brain samples tested, there are no alleles within the gene HAP1 that are significantly associated with an increased susceptibility to developing Lewy Body Dementia.",SMR SNP Disease Relations; SMR Gene Disease Relations
"Are there any specific alleles within the gene CDS2 associated with increased susceptibility to developing Lewy Body Dementia, as determined by significant SMR analysis?","No, based on the Cerebellum, Basal Ganglia, Cortex, Frontal Cortex, Cerebellar Hemisphere, Prefrontal Cortex, Caudate Basal Ganglia, Tibial Nerve, Hippocampus, Multi Ancestry Whole Brain, Substantia nigra, Anterior Cingulate Cortex BA24, Whole Blood, Putamen Basal Ganglia, Amygdala, Whole Brain and Nucleus Accumbens Basal samples tested, there are no alleles within the gene CDS2 that are significantly associated with an increased susceptibility to developing Lewy Body Dementia.",SMR SNP Disease Relations; SMR Gene Disease Relations
"Are there any specific alleles within the gene TNFRSF6B associated with increased susceptibility to developing Parkinson's Disease, as determined by significant SMR analysis?","No, based on the Tibial Nerve and Whole Blood samples tested, there are no alleles within the gene TNFRSF6B that are significantly associated with an increased susceptibility to developing Parkinson's Disease.",SMR SNP Disease Relations; SMR Gene Disease Relations
"Are there any specific alleles within the gene HSP90B1 associated with increased susceptibility to developing Lewy Body Dementia, as determined by significant SMR analysis?","No, based on the Prefrontal Cortex, Multi Ancestry Whole Brain and Whole Blood samples tested, there are no alleles within the gene HSP90B1 that are significantly associated with an increased susceptibility to developing Lewy Body Dementia.",SMR SNP Disease Relations; SMR Gene Disease Relations
"Are there any specific alleles within the gene CTC-429P9.2 associated with increased susceptibility to developing Frontotemporal Dementia, as determined by significant SMR analysis?","No, based on the Whole Brain, Whole Blood and Skeletal Muscle samples tested, there are no alleles within the gene CTC-429P9.2 that are significantly associated with an increased susceptibility to developing Frontotemporal Dementia.",SMR SNP Disease Relations; SMR Gene Disease Relations
"Are there any specific alleles within the gene RP11-384K6.2 associated with increased susceptibility to developing Parkinson's Disease, as determined by significant SMR analysis?","No, based on the Whole Blood and Whole Brain samples tested, there are no alleles within the gene RP11-384K6.2 that are significantly associated with an increased susceptibility to developing Parkinson's Disease.",SMR SNP Disease Relations; SMR Gene Disease Relations
"Are there any specific alleles within the gene CPLX1 associated with increased susceptibility to developing Parkinson's Disease, as determined by significant SMR analysis?","Yes, there is 1 allele within the gene CPLX1 that is significantly associated with an increased susceptibility to developing Parkinson's Disease:
• rs3088106
    • Whole Blood: Adjusted SMR multi-SNP P-value: 2.95e-07; b: 4.6720e-03",SMR SNP Disease Relations; SMR Gene Disease Relations
"Are there any specific alleles within the gene BLID associated with increased susceptibility to developing Parkinson's Disease, as determined by significant SMR analysis?","No, based on the Whole Brain and Whole Blood samples tested, there are no alleles within the gene BLID that are significantly associated with an increased susceptibility to developing Parkinson's Disease.",SMR SNP Disease Relations; SMR Gene Disease Relations
"Are there any specific alleles within the gene ALOX15P2 associated with increased susceptibility to developing Amyotrophic Lateral Sclerosis, as determined by significant SMR analysis?","No, based on the Whole Brain and Whole Blood samples tested, there are no alleles within the gene ALOX15P2 that are significantly associated with an increased susceptibility to developing Amyotrophic Lateral Sclerosis.",SMR SNP Disease Relations; SMR Gene Disease Relations
"Are there any specific alleles within the gene LINC01140 associated with increased susceptibility to developing Parkinson's Disease, as determined by significant SMR analysis?","No, based on the Whole Brain and Multi Ancestry Whole Brain samples tested, there are no alleles within the gene LINC01140 that are significantly associated with an increased susceptibility to developing Parkinson's Disease.",SMR SNP Disease Relations; SMR Gene Disease Relations
"Are there any specific alleles within the gene AC019118.2 associated with increased susceptibility to developing Progressive supranuclear palsy, as determined by significant SMR analysis?","No, based on the Whole Brain and Whole Blood samples tested, there are no alleles within the gene AC019118.2 that are significantly associated with an increased susceptibility to developing Progressive supranuclear palsy.",SMR SNP Disease Relations; SMR Gene Disease Relations
"Are there any specific alleles within the gene RP11-293E1.1 associated with increased susceptibility to developing Parkinson's Disease, as determined by significant SMR analysis?","Yes, there is 1 allele within the gene RP11-293E1.1 that is significantly associated with an increased susceptibility to developing Parkinson's Disease:
• rs111327992
    • Prefrontal Cortex: Adjusted SMR multi-SNP P-value: 1.76e-06; b: 9.3036e-01",SMR SNP Disease Relations; SMR Gene Disease Relations
"Are there any specific alleles within the gene EPHA1 associated with increased susceptibility to developing Alzheimer's Disease, as determined by significant SMR analysis?","Yes, there is 1 allele within the gene EPHA1 that is significantly associated with an increased susceptibility to developing Alzheimer's Disease:
• rs3935067
    • Whole Brain: Adjusted SMR multi-SNP P-value: 1.96e-09; b: 9.8366e-02",SMR SNP Disease Relations; SMR Gene Disease Relations
"Are there any specific alleles within the gene KIAA1211L associated with increased susceptibility to developing Alzheimer's Disease, as determined by significant SMR analysis?","No, based on the Whole Brain, Whole Blood and Skeletal Muscle samples tested, there are no alleles within the gene KIAA1211L that are significantly associated with an increased susceptibility to developing Alzheimer's Disease.",SMR SNP Disease Relations; SMR Gene Disease Relations
"Are there any specific alleles within the gene SLC1A5 associated with increased susceptibility to developing Lewy Body Dementia, as determined by significant SMR analysis?","No, based on the Whole Brain, Whole Blood, Tibial Nerve and Skeletal Muscle samples tested, there are no alleles within the gene SLC1A5 that are significantly associated with an increased susceptibility to developing Lewy Body Dementia.",SMR SNP Disease Relations; SMR Gene Disease Relations
"Are there any specific alleles within the gene MED6P1 associated with increased susceptibility to developing Amyotrophic Lateral Sclerosis, as determined by significant SMR analysis?","No, based on the Whole Blood samples tested, there are no alleles within the gene MED6P1 that are significantly associated with an increased susceptibility to developing Amyotrophic Lateral Sclerosis.",SMR SNP Disease Relations; SMR Gene Disease Relations
"Are there any specific alleles within the gene CTB-58E17.3 associated with increased susceptibility to developing Amyotrophic Lateral Sclerosis, as determined by significant SMR analysis?","No, based on the Whole Blood samples tested, there are no alleles within the gene CTB-58E17.3 that are significantly associated with an increased susceptibility to developing Amyotrophic Lateral Sclerosis.",SMR SNP Disease Relations; SMR Gene Disease Relations
"Are there any specific alleles within the gene RP11-203J24.8 associated with increased susceptibility to developing Amyotrophic Lateral Sclerosis, as determined by significant SMR analysis?","No, based on the Whole Brain, Whole Blood, Prefrontal Cortex and Tibial Nerve samples tested, there are no alleles within the gene RP11-203J24.8 that are significantly associated with an increased susceptibility to developing Amyotrophic Lateral Sclerosis.",SMR SNP Disease Relations; SMR Gene Disease Relations
"Are there any specific alleles within the gene GPR18 associated with increased susceptibility to developing Alzheimer's Disease, as determined by significant SMR analysis?","No, based on the Whole Brain and Whole Blood samples tested, there are no alleles within the gene GPR18 that are significantly associated with an increased susceptibility to developing Alzheimer's Disease.",SMR SNP Disease Relations; SMR Gene Disease Relations
"Are there any specific alleles within the gene HMBOX1 associated with increased susceptibility to developing Alzheimer's Disease, as determined by significant SMR analysis?","No, based on the Whole Brain, Cortex, Multi Ancestry Whole Brain and Whole Blood samples tested, there are no alleles within the gene HMBOX1 that are significantly associated with an increased susceptibility to developing Alzheimer's Disease.",SMR SNP Disease Relations; SMR Gene Disease Relations
"Are there any specific alleles within the gene ZNF473 associated with increased susceptibility to developing Parkinson's Disease, as determined by significant SMR analysis?","No, based on the Skeletal Muscle and Whole Blood samples tested, there are no alleles within the gene ZNF473 that are significantly associated with an increased susceptibility to developing Parkinson's Disease.",SMR SNP Disease Relations; SMR Gene Disease Relations
"Are there any specific alleles within the gene AP2S1 associated with increased susceptibility to developing Progressive supranuclear palsy, as determined by significant SMR analysis?","No, based on the Whole Brain, Skeletal Muscle, Whole Blood and Amygdala samples tested, there are no alleles within the gene AP2S1 that are significantly associated with an increased susceptibility to developing Progressive supranuclear palsy.",SMR SNP Disease Relations; SMR Gene Disease Relations
"Are there any specific alleles within the gene AIMP2 associated with increased susceptibility to developing Parkinson's Disease, as determined by significant SMR analysis?","No, based on the Whole Brain, Whole Blood, Prefrontal Cortex and Multi Ancestry Whole Brain samples tested, there are no alleles within the gene AIMP2 that are significantly associated with an increased susceptibility to developing Parkinson's Disease.",SMR SNP Disease Relations; SMR Gene Disease Relations
"Are there any specific alleles within the gene PDHA2 associated with increased susceptibility to developing Alzheimer's Disease, as determined by significant SMR analysis?","No, based on the Whole Brain and Whole Blood samples tested, there are no alleles within the gene PDHA2 that are significantly associated with an increased susceptibility to developing Alzheimer's Disease.",SMR SNP Disease Relations; SMR Gene Disease Relations
"Are there any specific alleles within the gene RP11-567L7.5 associated with increased susceptibility to developing Progressive supranuclear palsy, as determined by significant SMR analysis?","No, based on the Whole Brain samples tested, there are no alleles within the gene RP11-567L7.5 that are significantly associated with an increased susceptibility to developing Progressive supranuclear palsy.",SMR SNP Disease Relations; SMR Gene Disease Relations
"Are there any specific alleles within the gene RESP18 associated with increased susceptibility to developing Frontotemporal Dementia, as determined by significant SMR analysis?","No, based on the Cerebellum, Basal Ganglia, Hippocampus, Whole Brain, Whole Blood, Cortex, Frontal Cortex, Prefrontal Cortex, Caudate Basal Ganglia, Substantia nigra, Hypothalamus, Anterior Cingulate Cortex BA24, Putamen Basal Ganglia, Amygdala and Nucleus Accumbens Basal samples tested, there are no alleles within the gene RESP18 that are significantly associated with an increased susceptibility to developing Frontotemporal Dementia.",SMR SNP Disease Relations; SMR Gene Disease Relations
"Are there any specific alleles within the gene CACNG6 associated with increased susceptibility to developing Lewy Body Dementia, as determined by significant SMR analysis?","No, based on the Spinalcord, Whole Brain, Whole Blood, Cortex, Frontal Cortex, Caudate Basal Ganglia, Skeletal Muscle and Putamen Basal Ganglia samples tested, there are no alleles within the gene CACNG6 that are significantly associated with an increased susceptibility to developing Lewy Body Dementia.",SMR SNP Disease Relations; SMR Gene Disease Relations
"Are there any specific alleles within the gene CTD-2139B15.2 associated with increased susceptibility to developing Alzheimer's Disease, as determined by significant SMR analysis?","No, based on the Whole Brain and Whole Blood samples tested, there are no alleles within the gene CTD-2139B15.2 that are significantly associated with an increased susceptibility to developing Alzheimer's Disease.",SMR SNP Disease Relations; SMR Gene Disease Relations
"Are there any specific alleles within the gene SMUG1 associated with increased susceptibility to developing Lewy Body Dementia, as determined by significant SMR analysis?","No, based on the Cerebellum, Whole Blood, Cortex, Prefrontal Cortex, Tibial Nerve, Multi Ancestry Whole Brain, Liver and Whole Brain samples tested, there are no alleles within the gene SMUG1 that are significantly associated with an increased susceptibility to developing Lewy Body Dementia.",SMR SNP Disease Relations; SMR Gene Disease Relations
"Are there any specific alleles within the gene RPS18P9 associated with increased susceptibility to developing Frontotemporal Dementia, as determined by significant SMR analysis?","No, based on the Tibial Nerve, Multi Ancestry Whole Brain, Whole Blood and Cerebellum samples tested, there are no alleles within the gene RPS18P9 that are significantly associated with an increased susceptibility to developing Frontotemporal Dementia.",SMR SNP Disease Relations; SMR Gene Disease Relations
"Are there any specific alleles within the gene PPP4C associated with increased susceptibility to developing Alzheimer's Disease, as determined by significant SMR analysis?","Yes, there are 3 alleles within the gene PPP4C that are significantly associated with an increased susceptibility to developing Alzheimer's Disease:
• rs12596543
    • Whole Blood: Adjusted SMR multi-SNP P-value: 1.45e-08; b: 2.4974e-01
    • Whole Brain: Adjusted SMR multi-SNP P-value: 9.70e-07; b: 5.2383e-02
• rs7201518
    • Multi Ancestry Whole Brain: Adjusted SMR multi-SNP P-value: 6.72e-07; b: 8.1773e-02
• rs9783783
    • Prefrontal Cortex: Adjusted SMR multi-SNP P-value: 2.47e-06; b: 5.6033e-01
",SMR SNP Disease Relations; SMR Gene Disease Relations
"Are there any specific alleles within the gene ARFGAP3 associated with increased susceptibility to developing Lewy Body Dementia, as determined by significant SMR analysis?","No, based on the Whole Blood, Cortex, Prefrontal Cortex, Caudate Basal Ganglia, Tibial Nerve, Skeletal Muscle, Hippocampus, Multi Ancestry Whole Brain, Putamen Basal Ganglia and Whole Brain samples tested, there are no alleles within the gene ARFGAP3 that are significantly associated with an increased susceptibility to developing Lewy Body Dementia.",SMR SNP Disease Relations; SMR Gene Disease Relations
"Are there any specific alleles within the gene SPPL2A associated with increased susceptibility to developing Amyotrophic Lateral Sclerosis, as determined by significant SMR analysis?","No, based on the Cerebellum, Whole Brain, Whole Blood, Cortex, Cerebellar Hemisphere, Caudate Basal Ganglia, Tibial Nerve, Skeletal Muscle, Multi Ancestry Whole Brain and Liver samples tested, there are no alleles within the gene SPPL2A that are significantly associated with an increased susceptibility to developing Amyotrophic Lateral Sclerosis.",SMR SNP Disease Relations; SMR Gene Disease Relations
"Are there any specific alleles within the gene PM20D1 associated with increased susceptibility to developing Parkinson's Disease, as determined by significant SMR analysis?","Yes, there are 3 alleles within the gene PM20D1 that are significantly associated with an increased susceptibility to developing Parkinson's Disease:
• rs9438393
    • Cortex: Adjusted SMR multi-SNP P-value: 6.36e-07; b: 2.8054e-02
• rs823080
    • Whole Blood: Adjusted SMR multi-SNP P-value: 7.08e-07; b: 2.0235e-02
• rs1772143
    • Whole Blood: Adjusted SMR multi-SNP P-value: 7.75e-07; b: 2.1573e-02
",SMR SNP Disease Relations; SMR Gene Disease Relations
"Are there any specific alleles within the gene RP11-392E22.3 associated with increased susceptibility to developing Alzheimer's Disease, as determined by significant SMR analysis?","No, based on the Whole Brain and Whole Blood samples tested, there are no alleles within the gene RP11-392E22.3 that are significantly associated with an increased susceptibility to developing Alzheimer's Disease.",SMR SNP Disease Relations; SMR Gene Disease Relations
"Are there any specific alleles within the gene AC009487.5 associated with increased susceptibility to developing Progressive supranuclear palsy, as determined by significant SMR analysis?","No, based on the Whole Blood samples tested, there are no alleles within the gene AC009487.5 that are significantly associated with an increased susceptibility to developing Progressive supranuclear palsy.",SMR SNP Disease Relations; SMR Gene Disease Relations
"Are there any specific alleles within the gene KIF28P associated with increased susceptibility to developing Progressive supranuclear palsy, as determined by significant SMR analysis?","No, based on the Whole Brain and Whole Blood samples tested, there are no alleles within the gene KIF28P that are significantly associated with an increased susceptibility to developing Progressive supranuclear palsy.",SMR SNP Disease Relations; SMR Gene Disease Relations
"Are there any specific alleles within the gene SUMO1 associated with increased susceptibility to developing Alzheimer's Disease, as determined by significant SMR analysis?","No, based on the Whole Brain and Whole Blood samples tested, there are no alleles within the gene SUMO1 that are significantly associated with an increased susceptibility to developing Alzheimer's Disease.",SMR SNP Disease Relations; SMR Gene Disease Relations
"Are there any specific alleles within the gene MOV10L1 associated with increased susceptibility to developing Amyotrophic Lateral Sclerosis, as determined by significant SMR analysis?","No, based on the Cerebellum, Whole Brain, Whole Blood, Cortex, Prefrontal Cortex and Tibial Nerve samples tested, there are no alleles within the gene MOV10L1 that are significantly associated with an increased susceptibility to developing Amyotrophic Lateral Sclerosis.",SMR SNP Disease Relations; SMR Gene Disease Relations
"Are there any specific alleles within the gene MMRN1 associated with increased susceptibility to developing Parkinson's Disease, as determined by significant SMR analysis?","Yes, there are 11 alleles within the gene MMRN1 that are significantly associated with an increased susceptibility to developing Parkinson's Disease. Here are the top 10:
• rs79093919
    • Multi Ancestry Whole Brain: Adjusted SMR multi-SNP P-value: 8.45e-15; b: 1.5153e-01
    • Prefrontal Cortex: Adjusted SMR multi-SNP P-value: 1.14e-08; b: 4.3019e-01
• rs112334424
    • Cortex: Adjusted SMR multi-SNP P-value: 4.10e-14; b: 2.4752e-01
• rs76644078
    • Tibial Nerve: Adjusted SMR multi-SNP P-value: 9.67e-11; b: 2.5589e-01
• rs75329999
    • Cerebellum: Adjusted SMR multi-SNP P-value: 2.60e-10; b: 2.1527e-01
• rs78945589
    • Whole Blood: Adjusted SMR multi-SNP P-value: 1.27e-08; b: 5.3268e-01
• rs116370523
    • Putamen Basal Ganglia: Adjusted SMR multi-SNP P-value: 3.53e-08; b: 1.4639e-01
    • Amygdala: Adjusted SMR multi-SNP P-value: 4.47e-07; b: 1.4318e-01
• rs75943295
    • Frontal Cortex: Adjusted SMR multi-SNP P-value: 3.95e-08; b: 1.7168e-01
    • Substantia nigra: Adjusted SMR multi-SNP P-value: 1.61e-07; b: 1.3417e-01
    • Anterior Cingulate Cortex BA24: Adjusted SMR multi-SNP P-value: 5.52e-07; b: 1.5532e-01
    • Cortex: Adjusted SMR multi-SNP P-value: 8.19e-07; b: 1.8218e-01
    • Nucleus Accumbens Basal: Adjusted SMR multi-SNP P-value: 8.38e-07; b: 2.3398e-01
    • Caudate Basal Ganglia: Adjusted SMR multi-SNP P-value: 1.20e-06; b: 2.2600e-01
• rs28532850
    • Skeletal Muscle: Adjusted SMR multi-SNP P-value: 6.16e-08; b: 4.9663e-01
• rs79994234
    • Hippocampus: Adjusted SMR multi-SNP P-value: 9.05e-08; b: 1.9742e-01
• rs77823616
    • Whole Brain: Adjusted SMR multi-SNP P-value: 4.19e-07; b: 2.4823e-01
",SMR SNP Disease Relations; SMR Gene Disease Relations
"Are there any specific alleles within the gene MGAT2 associated with increased susceptibility to developing Lewy Body Dementia, as determined by significant SMR analysis?","No, based on the Whole Brain and Whole Blood samples tested, there are no alleles within the gene MGAT2 that are significantly associated with an increased susceptibility to developing Lewy Body Dementia.",SMR SNP Disease Relations; SMR Gene Disease Relations
"Are there any specific alleles within the gene TGIF1 associated with increased susceptibility to developing Amyotrophic Lateral Sclerosis, as determined by significant SMR analysis?","No, based on the Whole Brain, Whole Blood, Cortex and Multi Ancestry Whole Brain samples tested, there are no alleles within the gene TGIF1 that are significantly associated with an increased susceptibility to developing Amyotrophic Lateral Sclerosis.",SMR SNP Disease Relations; SMR Gene Disease Relations
"Are there any specific alleles within the gene PCDHB5 associated with increased susceptibility to developing Progressive supranuclear palsy, as determined by significant SMR analysis?","No, based on the Whole Blood, Cortex, Tibial Nerve and Multi Ancestry Whole Brain samples tested, there are no alleles within the gene PCDHB5 that are significantly associated with an increased susceptibility to developing Progressive supranuclear palsy.",SMR SNP Disease Relations; SMR Gene Disease Relations
"Are there any specific alleles within the gene RP11-529E10.6 associated with increased susceptibility to developing Progressive supranuclear palsy, as determined by significant SMR analysis?","No, based on the Cortex, Caudate Basal Ganglia, Tibial Nerve, Skeletal Muscle, Hypothalamus, Whole Blood, Putamen Basal Ganglia, Whole Brain and Cerebellum samples tested, there are no alleles within the gene RP11-529E10.6 that are significantly associated with an increased susceptibility to developing Progressive supranuclear palsy.",SMR SNP Disease Relations; SMR Gene Disease Relations
"Are there any specific alleles within the gene HNF1A associated with increased susceptibility to developing Progressive supranuclear palsy, as determined by significant SMR analysis?","No, based on the Whole Brain and Whole Blood samples tested, there are no alleles within the gene HNF1A that are significantly associated with an increased susceptibility to developing Progressive supranuclear palsy.",SMR SNP Disease Relations; SMR Gene Disease Relations
"Are there any specific alleles within the gene RIPK1 associated with increased susceptibility to developing Lewy Body Dementia, as determined by significant SMR analysis?","No, based on the Cerebellum, Whole Brain, Whole Blood, Cortex, Frontal Cortex, Cerebellar Hemisphere, Caudate Basal Ganglia, Tibial Nerve and Multi Ancestry Whole Brain samples tested, there are no alleles within the gene RIPK1 that are significantly associated with an increased susceptibility to developing Lewy Body Dementia.",SMR SNP Disease Relations; SMR Gene Disease Relations
"Are there any specific alleles within the gene RP11-561C5.5 associated with increased susceptibility to developing Lewy Body Dementia, as determined by significant SMR analysis?","No, based on the Prefrontal Cortex, Tibial Nerve, Substantia nigra and Amygdala samples tested, there are no alleles within the gene RP11-561C5.5 that are significantly associated with an increased susceptibility to developing Lewy Body Dementia.",SMR SNP Disease Relations; SMR Gene Disease Relations
"Are there any specific alleles within the gene TPP2 associated with increased susceptibility to developing Parkinson's Disease, as determined by significant SMR analysis?","No, based on the Whole Brain, Whole Blood, Cortex, Prefrontal Cortex, Skeletal Muscle and Multi Ancestry Whole Brain samples tested, there are no alleles within the gene TPP2 that are significantly associated with an increased susceptibility to developing Parkinson's Disease.",SMR SNP Disease Relations; SMR Gene Disease Relations
"Are there any specific alleles within the gene FGF23 associated with increased susceptibility to developing Parkinson's Disease, as determined by significant SMR analysis?","No, based on the Whole Brain, Whole Blood, Cortex and Prefrontal Cortex samples tested, there are no alleles within the gene FGF23 that are significantly associated with an increased susceptibility to developing Parkinson's Disease.",SMR SNP Disease Relations; SMR Gene Disease Relations
"Are there any specific alleles within the gene AC000068.9 associated with increased susceptibility to developing Amyotrophic Lateral Sclerosis, as determined by significant SMR analysis?","No, based on the Skeletal Muscle samples tested, there are no alleles within the gene AC000068.9 that are significantly associated with an increased susceptibility to developing Amyotrophic Lateral Sclerosis.",SMR SNP Disease Relations; SMR Gene Disease Relations
"Are there any specific alleles within the gene CST3 associated with increased susceptibility to developing Lewy Body Dementia, as determined by significant SMR analysis?","No, based on the Cerebellum, Whole Brain, Whole Blood, Cortex, Prefrontal Cortex, Tibial Nerve, Skeletal Muscle and Multi Ancestry Whole Brain samples tested, there are no alleles within the gene CST3 that are significantly associated with an increased susceptibility to developing Lewy Body Dementia.",SMR SNP Disease Relations; SMR Gene Disease Relations
"Are there any specific alleles within the gene WFIKKN1 associated with increased susceptibility to developing Lewy Body Dementia, as determined by significant SMR analysis?","No, based on the Cerebellum, Basal Ganglia, Spinalcord, Hippocampus, Whole Brain, Whole Blood, Cortex, Frontal Cortex, Cerebellar Hemisphere, Prefrontal Cortex, Caudate Basal Ganglia, Tibial Nerve, Skeletal Muscle, Multi Ancestry Whole Brain, Substantia nigra, Hypothalamus, Liver, Anterior Cingulate Cortex BA24, Putamen Basal Ganglia, Amygdala and Nucleus Accumbens Basal samples tested, there are no alleles within the gene WFIKKN1 that are significantly associated with an increased susceptibility to developing Lewy Body Dementia.",SMR SNP Disease Relations; SMR Gene Disease Relations
"Are there any specific alleles within the gene GCA associated with increased susceptibility to developing Amyotrophic Lateral Sclerosis, as determined by significant SMR analysis?","No, based on the Cerebellum, Cerebellar Hemisphere, Prefrontal Cortex, Multi Ancestry Whole Brain and Whole Blood samples tested, there are no alleles within the gene GCA that are significantly associated with an increased susceptibility to developing Amyotrophic Lateral Sclerosis.",SMR SNP Disease Relations; SMR Gene Disease Relations
"Are there any specific alleles within the gene USP6NL associated with increased susceptibility to developing Alzheimer's Disease, as determined by significant SMR analysis?","Yes, there is 1 allele within the gene USP6NL that is significantly associated with an increased susceptibility to developing Alzheimer's Disease:
• rs12356673
    • Whole Blood: Adjusted SMR multi-SNP P-value: 2.39e-06; b: 1.7194e-01",SMR SNP Disease Relations; SMR Gene Disease Relations
"Are there any specific alleles within the gene CHCHD2 associated with increased susceptibility to developing Frontotemporal Dementia, as determined by significant SMR analysis?","No, based on the Cerebellum, Whole Brain, Whole Blood, Cortex, Frontal Cortex, Prefrontal Cortex, Caudate Basal Ganglia, Tibial Nerve, Skeletal Muscle, Hippocampus, Multi Ancestry Whole Brain, Hypothalamus, Putamen Basal Ganglia and Nucleus Accumbens Basal samples tested, there are no alleles within the gene CHCHD2 that are significantly associated with an increased susceptibility to developing Frontotemporal Dementia.",SMR SNP Disease Relations; SMR Gene Disease Relations
"Are there any specific alleles within the gene PARVB associated with increased susceptibility to developing Frontotemporal Dementia, as determined by significant SMR analysis?","No, based on the Cerebellum, Whole Brain, Whole Blood, Cortex, Cerebellar Hemisphere, Caudate Basal Ganglia, Tibial Nerve, Skeletal Muscle, Multi Ancestry Whole Brain and Liver samples tested, there are no alleles within the gene PARVB that are significantly associated with an increased susceptibility to developing Frontotemporal Dementia.",SMR SNP Disease Relations; SMR Gene Disease Relations
"Are there any specific alleles within the gene BTNL3 associated with increased susceptibility to developing Lewy Body Dementia, as determined by significant SMR analysis?","No, based on the Cerebellum, Whole Brain, Cortex, Frontal Cortex, Prefrontal Cortex, Hippocampus, Substantia nigra, Hypothalamus, Liver, Anterior Cingulate Cortex BA24 and Whole Blood samples tested, there are no alleles within the gene BTNL3 that are significantly associated with an increased susceptibility to developing Lewy Body Dementia.",SMR SNP Disease Relations; SMR Gene Disease Relations
"Are there any specific alleles within the gene TLX3 associated with increased susceptibility to developing Parkinson's Disease, as determined by significant SMR analysis?","No, based on the Whole Brain and Whole Blood samples tested, there are no alleles within the gene TLX3 that are significantly associated with an increased susceptibility to developing Parkinson's Disease.",SMR SNP Disease Relations; SMR Gene Disease Relations
"Are there any specific alleles within the gene LGALS17A associated with increased susceptibility to developing Parkinson's Disease, as determined by significant SMR analysis?","No, based on the Whole Brain, Skeletal Muscle and Whole Blood samples tested, there are no alleles within the gene LGALS17A that are significantly associated with an increased susceptibility to developing Parkinson's Disease.",SMR SNP Disease Relations; SMR Gene Disease Relations
"Are there any specific alleles within the gene RNF135 associated with increased susceptibility to developing Alzheimer's Disease, as determined by significant SMR analysis?","No, based on the Whole Brain, Whole Blood, Tibial Nerve and Skeletal Muscle samples tested, there are no alleles within the gene RNF135 that are significantly associated with an increased susceptibility to developing Alzheimer's Disease.",SMR SNP Disease Relations; SMR Gene Disease Relations
"Are there any specific alleles within the gene GLI2 associated with increased susceptibility to developing Parkinson's Disease, as determined by significant SMR analysis?","No, based on the Whole Brain, Whole Blood, Tibial Nerve and Multi Ancestry Whole Brain samples tested, there are no alleles within the gene GLI2 that are significantly associated with an increased susceptibility to developing Parkinson's Disease.",SMR SNP Disease Relations; SMR Gene Disease Relations
"Are there any specific alleles within the gene ZNF668 associated with increased susceptibility to developing Parkinson's Disease, as determined by significant SMR analysis?","Yes, there are 2 alleles within the gene ZNF668 that are significantly associated with an increased susceptibility to developing Parkinson's Disease:
• rs2303222
    • Whole Blood: Adjusted SMR multi-SNP P-value: 4.08e-08; b: 2.4919e-01
• rs4889530
    • Multi Ancestry Whole Brain: Adjusted SMR multi-SNP P-value: 1.47e-07; b: 2.2673e-01
    • Whole Blood: Adjusted SMR multi-SNP P-value: 1.74e-07; b: 2.8407e-01
",SMR SNP Disease Relations; SMR Gene Disease Relations
"Are there any specific alleles within the gene NCOA1 associated with increased susceptibility to developing Frontotemporal Dementia, as determined by significant SMR analysis?","No, based on the Whole Brain, Whole Blood, Cortex, Prefrontal Cortex, Tibial Nerve, Multi Ancestry Whole Brain and Liver samples tested, there are no alleles within the gene NCOA1 that are significantly associated with an increased susceptibility to developing Frontotemporal Dementia.",SMR SNP Disease Relations; SMR Gene Disease Relations
"Are there any specific alleles within the gene GNG4 associated with increased susceptibility to developing Progressive supranuclear palsy, as determined by significant SMR analysis?","No, based on the Whole Brain, Whole Blood, Cortex, Tibial Nerve and Multi Ancestry Whole Brain samples tested, there are no alleles within the gene GNG4 that are significantly associated with an increased susceptibility to developing Progressive supranuclear palsy.",SMR SNP Disease Relations; SMR Gene Disease Relations
"Are there any specific alleles within the gene CALU associated with increased susceptibility to developing Amyotrophic Lateral Sclerosis, as determined by significant SMR analysis?","No, based on the Whole Brain, Whole Blood, Cortex, Prefrontal Cortex, Skeletal Muscle and Multi Ancestry Whole Brain samples tested, there are no alleles within the gene CALU that are significantly associated with an increased susceptibility to developing Amyotrophic Lateral Sclerosis.",SMR SNP Disease Relations; SMR Gene Disease Relations
"Are there any specific alleles within the gene ITGA11 associated with increased susceptibility to developing Progressive supranuclear palsy, as determined by significant SMR analysis?","No, based on the Whole Brain, Whole Blood and Tibial Nerve samples tested, there are no alleles within the gene ITGA11 that are significantly associated with an increased susceptibility to developing Progressive supranuclear palsy.",SMR SNP Disease Relations; SMR Gene Disease Relations
"Are there any specific alleles within the gene RP11-405L18.4 associated with increased susceptibility to developing Progressive supranuclear palsy, as determined by significant SMR analysis?","No, based on the Tibial Nerve and Liver samples tested, there are no alleles within the gene RP11-405L18.4 that are significantly associated with an increased susceptibility to developing Progressive supranuclear palsy.",SMR SNP Disease Relations; SMR Gene Disease Relations
"Are there any specific alleles within the gene RNF145 associated with increased susceptibility to developing Lewy Body Dementia, as determined by significant SMR analysis?","No, based on the Whole Brain, Whole Blood, Prefrontal Cortex and Multi Ancestry Whole Brain samples tested, there are no alleles within the gene RNF145 that are significantly associated with an increased susceptibility to developing Lewy Body Dementia.",SMR SNP Disease Relations; SMR Gene Disease Relations
"Are there any specific alleles within the gene AC074183.4 associated with increased susceptibility to developing Alzheimer's Disease, as determined by significant SMR analysis?","No, based on the Whole Brain and Whole Blood samples tested, there are no alleles within the gene AC074183.4 that are significantly associated with an increased susceptibility to developing Alzheimer's Disease.",SMR SNP Disease Relations; SMR Gene Disease Relations
"Are there any specific alleles within the gene TMEM175 associated with increased susceptibility to developing Parkinson's Disease, as determined by significant SMR analysis?","Yes, there are 5 alleles within the gene TMEM175 that are significantly associated with an increased susceptibility to developing Parkinson's Disease:
• rs11248057
    • Whole Blood: Adjusted SMR multi-SNP P-value: 4.33e-11; b: 4.9539e-01
• rs11248059
    • Whole Blood: Adjusted SMR multi-SNP P-value: 5.26e-11; b: 2.3605e-01
• rs6813110
    • Whole Blood: Adjusted SMR multi-SNP P-value: 4.65e-09; b: 9.1266e-02
• rs17783233
    • Whole Brain: Adjusted SMR multi-SNP P-value: 6.68e-07; b: 1.9601e-01
• rs2290403
    • Whole Brain: Adjusted SMR multi-SNP P-value: 9.38e-07; b: 1.2194e-01
",SMR SNP Disease Relations; SMR Gene Disease Relations
"Are there any specific alleles within the gene MKL1 associated with increased susceptibility to developing Amyotrophic Lateral Sclerosis, as determined by significant SMR analysis?","No, based on the Whole Brain, Whole Blood, Skeletal Muscle and Multi Ancestry Whole Brain samples tested, there are no alleles within the gene MKL1 that are significantly associated with an increased susceptibility to developing Amyotrophic Lateral Sclerosis.",SMR SNP Disease Relations; SMR Gene Disease Relations
"Are there any specific alleles within the gene LINC00884 associated with increased susceptibility to developing Progressive supranuclear palsy, as determined by significant SMR analysis?","No, based on the Whole Blood samples tested, there are no alleles within the gene LINC00884 that are significantly associated with an increased susceptibility to developing Progressive supranuclear palsy.",SMR SNP Disease Relations; SMR Gene Disease Relations
Is there an association between KLHL7-DT and Parkinson's disease?,"Yes, there are 4 significant SNP associations between KLHL7-DT and PD, according to the largest European genome-wide meta-analysis of Parkinson's disease (Nalls et al., 2019): rs1006709: (GWAS P-value: 1.26e-08; b value: -1.0140e-01), rs1990365: (GWAS P-value: 2.66e-08; b value: -1.0090e-01), rs6461687: (GWAS P-value: 2.84e-08; b value: -1.0040e-01), rs6461688: (GWAS P-value: 2.84e-08; b value: -1.0040e-01).",Gene Disease Relations
Is there an association between SPPL2C and Parkinson's disease?,"Yes, there are 12 significant SNP associations between SPPL2C and PD, according to the largest European genome-wide meta-analysis of Parkinson's disease (Nalls et al., 2019). Here are the top 10 most significant SNPs: rs62621252: (GWAS P-value: 1.11e-20; b value: -2.5140e-01), rs62054815: (GWAS P-value: 1.59e-20; b value: -2.5030e-01), rs12373123: (GWAS P-value: 1.64e-20; b value: -2.5020e-01), rs12185233: (GWAS P-value: 1.65e-20; b value: -2.5030e-01), rs11079725: (GWAS P-value: 1.69e-20; b value: -2.5020e-01), rs12373139: (GWAS P-value: 1.69e-20; b value: -2.5010e-01), rs12185268: (GWAS P-value: 1.78e-20; b value: -2.5000e-01), rs12373142: (GWAS P-value: 1.94e-20; b value: -2.5120e-01), rs12185235: (GWAS P-value: 2.10e-20; b value: -2.4960e-01), rs12373124: (GWAS P-value: 2.61e-20; b value: -2.5040e-01).",Gene Disease Relations
Is there an association between MAPT and Parkinson's disease?,"Yes, there are 828 significant SNP associations between MAPT and PD, according to the largest European genome-wide meta-analysis of Parkinson's disease (Nalls et al., 2019). Here are the top 10 most significant SNPs: rs58879558: (GWAS P-value: 1.36e-21; b value: -2.3830e-01), rs3785884: (GWAS P-value: 2.17e-21; b value: -2.3700e-01), rs7210219: (GWAS P-value: 2.66e-21; b value: -2.6070e-01), rs112572874: (GWAS P-value: 2.93e-21; b value: -2.3920e-01), rs55726761: (GWAS P-value: 3.41e-21; b value: -2.5460e-01), rs62063853: (GWAS P-value: 3.64e-21; b value: -2.4010e-01), rs62063854: (GWAS P-value: 3.88e-21; b value: -2.4000e-01), rs62062297: (GWAS P-value: 3.92e-21; b value: -2.5410e-01), rs62063852: (GWAS P-value: 3.96e-21; b value: -2.3900e-01), rs17652449: (GWAS P-value: 4.25e-21; b value: -2.5510e-01).",Gene Disease Relations
Are there any SMR association signals with the gene TRIM10 in Alzheimer's Disease?,"Yes, there are 2 SNPs within TRIM10 that have significant SMR association signals in Alzheimer's Disease. Each SNP is listed with the tissue having the most significant SMR value:
• rs112863641
    • Whole Blood: Adjusted SMR multi-SNP P-value: 1.38e-06; HEIDI: 2.8197e-01
• rs116187716
    • Whole Blood: Adjusted SMR multi-SNP P-value: 2.11e-06; HEIDI: 4.6937e-01
",SMR SNP Disease Relations; SMR Gene Disease Relations
Are there any SMR association signals with the gene FAM215B in Parkinson's Disease?,"Yes, there are 5 SNPs within FAM215B that have significant SMR association signals in Parkinson's Disease. Each SNP is listed with the tissue having the most significant SMR value:
• rs3874943
    • Prefrontal Cortex: Adjusted SMR multi-SNP P-value: 4.32e-11; HEIDI: 2.65e-08
• rs55974014
    • Cerebellum: Adjusted SMR multi-SNP P-value: 1.45e-10; HEIDI: 1.3937e-02
• rs9896243
    • Cerebellar Hemisphere: Adjusted SMR multi-SNP P-value: 8.12e-09; HEIDI: 6.1615e-02
• rs7218567
    • Whole Brain: Adjusted SMR multi-SNP P-value: 2.53e-08; HEIDI: 4.3155e-03
• rs17698176
    • Whole Blood: Adjusted SMR multi-SNP P-value: 3.15e-08; HEIDI: 2.82e-09
",SMR SNP Disease Relations; SMR Gene Disease Relations
Are there any SMR association signals with the gene SLC44A4 in Alzheimer's Disease?,"Yes, there are 2 SNPs within SLC44A4 that have significant SMR association signals in Alzheimer's Disease. Each SNP is listed with the tissue having the most significant SMR value:
• rs2242664
    • Whole Blood: Adjusted SMR multi-SNP P-value: 9.27e-08; HEIDI: 2.0093e-01
• rs589428
    • Whole Blood: Adjusted SMR multi-SNP P-value: 3.68e-07; HEIDI: 2.8726e-03
",SMR SNP Disease Relations; SMR Gene Disease Relations
Are there any SMR association signals with the gene MS4A3 in Alzheimer's Disease?,"Yes, there are 2 SNPs within MS4A3 that have significant SMR association signals in Alzheimer's Disease. Each SNP is listed with the tissue having the most significant SMR value:
• rs1286162
    • Whole Blood: Adjusted SMR multi-SNP P-value: 5.04e-17; HEIDI: 4.55e-10
• rs539360
    • Whole Blood: Adjusted SMR multi-SNP P-value: 2.39e-06; HEIDI: 1.3602e-02
",SMR SNP Disease Relations; SMR Gene Disease Relations
Are there any SMR association signals with the gene PVRL2 in Lewy Body Dementia?,"Yes, there are 3 SNPs within PVRL2 that have significant SMR association signals in Lewy Body Dementia. Each SNP is listed with the tissue having the most significant SMR value:
• rs17561351
    • Whole Blood: Adjusted SMR multi-SNP P-value: 2.64e-25; HEIDI: 2.17e-14
• rs4452060
    • Skeletal Muscle: Adjusted SMR multi-SNP P-value: 3.96e-07; HEIDI: 5.2287e-04
• rs60389450
    • Whole Blood: Adjusted SMR multi-SNP P-value: 1.56e-06; HEIDI: 1.3380e-03
",SMR SNP Disease Relations; SMR Gene Disease Relations
Are there any SMR association signals with the gene HMHA1 in Alzheimer's Disease?,"Yes, there are 4 SNPs within HMHA1 that have significant SMR association signals in Alzheimer's Disease. Each SNP is listed with the tissue having the most significant SMR value:
• rs8109683
    • Whole Blood: Adjusted SMR multi-SNP P-value: 3.16e-12; HEIDI: 2.38e-13
• rs2269848
    • Whole Blood: Adjusted SMR multi-SNP P-value: 4.82e-12; HEIDI: 9.06e-18
• rs76957023
    • Whole Blood: Adjusted SMR multi-SNP P-value: 8.34e-09; HEIDI: 1.1591e-03
• rs11084881
    • Whole Blood: Adjusted SMR multi-SNP P-value: 4.47e-07; HEIDI: 2.99e-09
",SMR SNP Disease Relations; SMR Gene Disease Relations
Are there any SMR association signals with the gene KANSL1-AS1 in Alzheimer's Disease?,"Yes, there are 6 SNPs within KANSL1-AS1 that have significant SMR association signals in Alzheimer's Disease. Each SNP is listed with the tissue having the most significant SMR value:
• rs199447
    • Prefrontal Cortex: Adjusted SMR multi-SNP P-value: 8.64e-08; HEIDI: 4.1685e-04
• rs55974014
    • Multi Ancestry Whole Brain: Adjusted SMR multi-SNP P-value: 3.32e-07; HEIDI: 7.3855e-01
• rs1378358
    • Whole Brain: Adjusted SMR multi-SNP P-value: 3.99e-07; HEIDI: 4.3650e-01
• rs199456
    • Whole Blood: Adjusted SMR multi-SNP P-value: 6.90e-07; HEIDI: 2.1528e-01
• rs2532233
    • Whole Blood: Adjusted SMR multi-SNP P-value: 1.09e-06; HEIDI: 9.0277e-02
• rs199533
    • Frontal Cortex: Adjusted SMR multi-SNP P-value: 2.55e-06; HEIDI: 5.5350e-01
",SMR SNP Disease Relations; SMR Gene Disease Relations
Are there any SMR association signals with the gene RP11-669E14.4 in Parkinson's Disease?,"Yes, there are 2 SNPs within RP11-669E14.4 that have significant SMR association signals in Parkinson's Disease. Each SNP is listed with the tissue having the most significant SMR value:
• rs17661027
    • Liver: Adjusted SMR multi-SNP P-value: 2.52e-11; HEIDI: -1.00e+04
• rs575074983
    • Prefrontal Cortex: Adjusted SMR multi-SNP P-value: 6.39e-09; HEIDI: 2.0666e-03
",SMR SNP Disease Relations; SMR Gene Disease Relations
Are there any SMR association signals with the gene GPX3 in Amyotrophic Lateral Sclerosis?,"Yes, there is 1 SNP within GPX3 that has a significant SMR association signal in Amyotrophic Lateral Sclerosis:
• rs12518386
    • Whole Blood: Adjusted SMR multi-SNP P-value: 1.91e-09; HEIDI: 2.8669e-03
",SMR SNP Disease Relations; SMR Gene Disease Relations
Are there any SMR association signals with the gene CR1 in Alzheimer's Disease?,"Yes, there are 4 SNPs within CR1 that have significant SMR association signals in Alzheimer's Disease. Each SNP is listed with the tissue having the most significant SMR value:
• rs679515
    • Multi Ancestry Whole Brain: Adjusted SMR multi-SNP P-value: 2.09e-15; HEIDI: 9.09e-08
• rs1830763
    • Cortex: Adjusted SMR multi-SNP P-value: 3.83e-15; HEIDI: 6.0285e-02
• rs6697005
    • Basal Ganglia: Adjusted SMR multi-SNP P-value: 2.48e-08; HEIDI: 7.8615e-02
• rs2093760
    • Caudate Basal Ganglia: Adjusted SMR multi-SNP P-value: 3.25e-08; HEIDI: 5.3293e-01
",SMR SNP Disease Relations; SMR Gene Disease Relations
Are there any SMR association signals with the gene RP11-259G18.2 in Progressive supranuclear palsy?,"Yes, there are 2 SNPs within RP11-259G18.2 that have significant SMR association signals in Progressive supranuclear palsy. Each SNP is listed with the tissue having the most significant SMR value:
• rs169201
    • Whole Blood: Adjusted SMR multi-SNP P-value: 2.48e-35; HEIDI: 7.02e-07
• rs1981997
    • Cerebellum: Adjusted SMR multi-SNP P-value: 4.56e-19; HEIDI: 1.11e-20
",SMR SNP Disease Relations; SMR Gene Disease Relations
Are there any SMR association signals with the gene TUBB8P7 in Alzheimer's Disease?,"Yes, there is 1 SNP within TUBB8P7 that has a significant SMR association signal in Alzheimer's Disease:
• rs112089506
    • Prefrontal Cortex: Adjusted SMR multi-SNP P-value: 6.61e-07; HEIDI: 1.9875e-01
",SMR SNP Disease Relations; SMR Gene Disease Relations
Are there any SMR association signals with the gene GRIN3B in Alzheimer's Disease?,"Yes, there are 3 SNPs within GRIN3B that have significant SMR association signals in Alzheimer's Disease. Each SNP is listed with the tissue having the most significant SMR value:
• rs58342790
    • Cortex: Adjusted SMR multi-SNP P-value: 2.31e-08; HEIDI: 3.22e-06
• rs10401454
    • Tibial Nerve: Adjusted SMR multi-SNP P-value: 4.16e-07; HEIDI: 1.4571e-04
• rs113337161
    • Whole Blood: Adjusted SMR multi-SNP P-value: 1.68e-06; HEIDI: 3.12e-06
",SMR SNP Disease Relations; SMR Gene Disease Relations
Are there any SMR association signals with the gene TSC22D4 in Alzheimer's Disease?,"Yes, there are 2 SNPs within TSC22D4 that have significant SMR association signals in Alzheimer's Disease. Each SNP is listed with the tissue having the most significant SMR value:
• rs67163493
    • Whole Blood: Adjusted SMR multi-SNP P-value: 5.75e-11; HEIDI: 6.8342e-04
• rs3807471
    • Whole Blood: Adjusted SMR multi-SNP P-value: 2.43e-08; HEIDI: 2.4771e-04
",SMR SNP Disease Relations; SMR Gene Disease Relations
Are there any SMR association signals with the gene STAG3L5P in Alzheimer's Disease?,"Yes, there are 2 SNPs within STAG3L5P that have significant SMR association signals in Alzheimer's Disease. Each SNP is listed with the tissue having the most significant SMR value:
• rs6975660
    • Prefrontal Cortex: Adjusted SMR multi-SNP P-value: 5.47e-08; HEIDI: 4.27e-05
• rs73401443
    • Multi Ancestry Whole Brain: Adjusted SMR multi-SNP P-value: 1.59e-07; HEIDI: 1.6394e-02
",SMR SNP Disease Relations; SMR Gene Disease Relations
Are there any SMR association signals with the gene C9orf72 in Amyotrophic Lateral Sclerosis?,"Yes, there are 9 SNPs within C9orf72 that have significant SMR association signals in Amyotrophic Lateral Sclerosis. Each SNP is listed with the tissue having the most significant SMR value:
• rs774358
    • Whole Blood: Adjusted SMR multi-SNP P-value: 6.69e-22; HEIDI: 2.80e-11
• rs1031153
    • Cortex: Adjusted SMR multi-SNP P-value: 3.69e-16; HEIDI: 8.69e-08
• rs2492816
    • Prefrontal Cortex: Adjusted SMR multi-SNP P-value: 1.79e-15; HEIDI: 4.87e-14
• rs13691
    • Cerebellum: Adjusted SMR multi-SNP P-value: 5.57e-12; HEIDI: 1.3769e-04
• rs2282241
    • Whole Blood: Adjusted SMR multi-SNP P-value: 1.86e-11; HEIDI: 7.97e-13
• rs10967976
    • Skeletal Muscle: Adjusted SMR multi-SNP P-value: 2.79e-11; HEIDI: 1.3086e-04
• rs3736321
    • Nucleus Accumbens Basal: Adjusted SMR multi-SNP P-value: 6.04e-11; HEIDI: 9.7205e-04
• rs9969832
    • Whole Blood: Adjusted SMR multi-SNP P-value: 6.71e-11; HEIDI: 6.8091e-01
• rs10967981
    • Whole Blood: Adjusted SMR multi-SNP P-value: 1.79e-07; HEIDI: 1.3189e-02
",SMR SNP Disease Relations; SMR Gene Disease Relations
Are there any SMR association signals with the gene FAM47E in Parkinson's Disease?,"Yes, there are 3 SNPs within FAM47E that have significant SMR association signals in Parkinson's Disease. Each SNP is listed with the tissue having the most significant SMR value:
• rs4859657
    • Cortex: Adjusted SMR multi-SNP P-value: 4.94e-07; HEIDI: 5.76e-06
• rs1876538
    • Multi Ancestry Whole Brain: Adjusted SMR multi-SNP P-value: 1.14e-06; HEIDI: 1.2069e-04
• rs62303000
    • Whole Brain: Adjusted SMR multi-SNP P-value: 2.36e-06; HEIDI: 2.4740e-03
",SMR SNP Disease Relations; SMR Gene Disease Relations
Are there any SMR association signals with the gene LRRC37A4P in Progressive supranuclear palsy?,"Yes, there are 3 SNPs within LRRC37A4P that have significant SMR association signals in Progressive supranuclear palsy. Each SNP is listed with the tissue having the most significant SMR value:
• rs11012
    • Multi Ancestry Whole Brain: Adjusted SMR multi-SNP P-value: 4.48e-39; HEIDI: 4.01e-41
• rs12373139
    • Whole Blood: Adjusted SMR multi-SNP P-value: 4.92e-35; HEIDI: 9.30e-26
• rs1981997
    • Cortex: Adjusted SMR multi-SNP P-value: 2.28e-21; HEIDI: 5.43e-26
",SMR SNP Disease Relations; SMR Gene Disease Relations
Are there any SMR association signals with the gene KANSL1 in Progressive supranuclear palsy?,"Yes, there are 8 SNPs within KANSL1 that have significant SMR association signals in Progressive supranuclear palsy. Each SNP is listed with the tissue having the most significant SMR value:
• rs169201
    • Cortex: Adjusted SMR multi-SNP P-value: 7.96e-41; HEIDI: 4.37e-16
• rs17692129
    • Whole Blood: Adjusted SMR multi-SNP P-value: 1.62e-20; HEIDI: 1.51e-06
• rs11012
    • Whole Brain: Adjusted SMR multi-SNP P-value: 2.60e-17; HEIDI: 2.15e-06
• rs6503455
    • Tibial Nerve: Adjusted SMR multi-SNP P-value: 4.86e-15; HEIDI: 6.40e-16
• rs8070723
    • Whole Brain: Adjusted SMR multi-SNP P-value: 4.85e-12; HEIDI: 2.30e-08
• rs415430
    • Whole Blood: Adjusted SMR multi-SNP P-value: 1.72e-11; HEIDI: 2.7667e-03
• rs2074404
    • Whole Blood: Adjusted SMR multi-SNP P-value: 1.18e-10; HEIDI: 1.2868e-04
• rs11869096
    • Anterior Cingulate Cortex BA24: Adjusted SMR multi-SNP P-value: 1.03e-06; HEIDI: 2.4125e-02
",SMR SNP Disease Relations; SMR Gene Disease Relations
Are there any SMR association signals with the gene AC005082.12 in Parkinson's Disease?,"Yes, there are 6 SNPs within AC005082.12 that have significant SMR association signals in Parkinson's Disease. Each SNP is listed with the tissue having the most significant SMR value:
• rs858300
    • Whole Blood: Adjusted SMR multi-SNP P-value: 8.99e-09; HEIDI: 2.3048e-02
• rs858283
    • Whole Blood: Adjusted SMR multi-SNP P-value: 7.05e-07; HEIDI: 8.4009e-03
• rs858295
    • Whole Brain: Adjusted SMR multi-SNP P-value: 7.61e-07; HEIDI: 4.9471e-03
• rs858289
    • Tibial Nerve: Adjusted SMR multi-SNP P-value: 2.29e-06; HEIDI: 1.7925e-01
• rs870476
    • Whole Brain: Adjusted SMR multi-SNP P-value: 2.46e-06; HEIDI: 1.5037e-01
• rs1881200
    • Prefrontal Cortex: Adjusted SMR multi-SNP P-value: 2.62e-06; HEIDI: 1.3845e-02
",SMR SNP Disease Relations; SMR Gene Disease Relations
Are there any SMR association signals with the gene RP11-448P19.1 in Parkinson's Disease?,"Yes, there is 1 SNP within RP11-448P19.1 that has a significant SMR association signal in Parkinson's Disease:
• rs10750540
    • Whole Blood: Adjusted SMR multi-SNP P-value: 1.43e-07; HEIDI: 4.9745e-03
",SMR SNP Disease Relations; SMR Gene Disease Relations
Are there any SMR association signals with the gene WNT3 in Progressive supranuclear palsy?,"Yes, there are 5 SNPs within WNT3 that have significant SMR association signals in Progressive supranuclear palsy. Each SNP is listed with the tissue having the most significant SMR value:
• rs2074404
    • Whole Blood: Adjusted SMR multi-SNP P-value: 6.75e-20; HEIDI: 1.3082e-04
• rs8069437
    • Cortex: Adjusted SMR multi-SNP P-value: 9.26e-18; HEIDI: 1.21e-08
• rs415430
    • Tibial Nerve: Adjusted SMR multi-SNP P-value: 1.53e-12; HEIDI: 5.41e-06
• rs12952746
    • Whole Brain: Adjusted SMR multi-SNP P-value: 1.31e-10; HEIDI: 8.38e-07
• rs8074816
    • Whole Blood: Adjusted SMR multi-SNP P-value: 2.63e-06; HEIDI: -1.00e+04
",SMR SNP Disease Relations; SMR Gene Disease Relations
Are there any SMR association signals with the gene WNT3 in Parkinson's Disease?,"Yes, there are 5 SNPs within WNT3 that have significant SMR association signals in Parkinson's Disease. Each SNP is listed with the tissue having the most significant SMR value:
• rs199520
    • Whole Blood: Adjusted SMR multi-SNP P-value: 1.56e-10; HEIDI: 2.29e-05
• rs199523
    • Tibial Nerve: Adjusted SMR multi-SNP P-value: 2.99e-09; HEIDI: 1.6907e-03
• rs9904865
    • Cortex: Adjusted SMR multi-SNP P-value: 1.37e-08; HEIDI: 9.6477e-02
• rs77768380
    • Prefrontal Cortex: Adjusted SMR multi-SNP P-value: 1.04e-07; HEIDI: 1.6816e-04
• rs8069437
    • Multi Ancestry Whole Brain: Adjusted SMR multi-SNP P-value: 1.89e-06; HEIDI: 2.0741e-03
",SMR SNP Disease Relations; SMR Gene Disease Relations
Are there any SMR association signals with the gene SPPL2C in Parkinson's Disease?,"Yes, there are 5 SNPs within SPPL2C that have significant SMR association signals in Parkinson's Disease. Each SNP is listed with the tissue having the most significant SMR value:
• rs2532233
    • Cerebellum: Adjusted SMR multi-SNP P-value: 1.57e-11; HEIDI: -1.00e+04
• rs17573607
    • Cerebellum: Adjusted SMR multi-SNP P-value: 1.34e-10; HEIDI: -1.00e+04
• rs56023973
    • Cerebellar Hemisphere: Adjusted SMR multi-SNP P-value: 2.03e-10; HEIDI: -1.00e+04
• rs55980621
    • Cortex: Adjusted SMR multi-SNP P-value: 1.55e-09; HEIDI: -1.00e+04
• rs17577369
    • Prefrontal Cortex: Adjusted SMR multi-SNP P-value: 1.30e-07; HEIDI: 1.8426e-02
",SMR SNP Disease Relations; SMR Gene Disease Relations
Are there any SMR association signals with the gene RPS26P8 in Progressive supranuclear palsy?,"Yes, there is 1 SNP within RPS26P8 that has a significant SMR association signal in Progressive supranuclear palsy:
• rs1981997
    • Tibial Nerve: Adjusted SMR multi-SNP P-value: 8.37e-21; HEIDI: 1.40e-18
",SMR SNP Disease Relations; SMR Gene Disease Relations
Are there any SMR association signals with the gene IDUA in Lewy Body Dementia?,"Yes, there are 2 SNPs within IDUA that have significant SMR association signals in Lewy Body Dementia. Each SNP is listed with the tissue having the most significant SMR value:
• rs6599388
    • Whole Brain: Adjusted SMR multi-SNP P-value: 2.81e-06; HEIDI: 8.4105e-02
• rs13137144
    • Whole Brain: Adjusted SMR multi-SNP P-value: 2.89e-06; HEIDI: 4.3871e-04
",SMR SNP Disease Relations; SMR Gene Disease Relations
Are there any SMR association signals with the gene CTB-171A8.1 in Alzheimer's Disease?,"Yes, there are 7 SNPs within CTB-171A8.1 that have significant SMR association signals in Alzheimer's Disease. Each SNP is listed with the tissue having the most significant SMR value:
• rs79638902
    • Prefrontal Cortex: Adjusted SMR multi-SNP P-value: 4.04e-14; HEIDI: 1.19e-10
• rs61744497
    • Whole Brain: Adjusted SMR multi-SNP P-value: 1.42e-11; HEIDI: 5.85e-08
• rs10410915
    • Whole Brain: Adjusted SMR multi-SNP P-value: 3.30e-08; HEIDI: 1.5421e-04
• rs2301274
    • Whole Blood: Adjusted SMR multi-SNP P-value: 4.08e-08; HEIDI: 4.5124e-02
• rs12985368
    • Whole Brain: Adjusted SMR multi-SNP P-value: 1.15e-06; HEIDI: 3.5951e-04
• rs10426401
    • Whole Brain: Adjusted SMR multi-SNP P-value: 2.20e-06; HEIDI: 4.6263e-03
• rs2965164
    • Whole Brain: Adjusted SMR multi-SNP P-value: 2.84e-06; HEIDI: 1.5203e-01
",SMR SNP Disease Relations; SMR Gene Disease Relations
Are there any SMR association signals with the gene IER5 in Progressive supranuclear palsy?,"Yes, there is 1 SNP within IER5 that has a significant SMR association signal in Progressive supranuclear palsy:
• rs2332059
    • Whole Blood: Adjusted SMR multi-SNP P-value: 2.78e-06; HEIDI: 2.5292e-04
",SMR SNP Disease Relations; SMR Gene Disease Relations
Are there any SMR association signals with the gene LACTB in Alzheimer's Disease?,"Yes, there are 4 SNPs within LACTB that have significant SMR association signals in Alzheimer's Disease. Each SNP is listed with the tissue having the most significant SMR value:
• rs2729779
    • Whole Blood: Adjusted SMR multi-SNP P-value: 7.14e-08; HEIDI: 1.51e-08
• rs2652823
    • Multi Ancestry Whole Brain: Adjusted SMR multi-SNP P-value: 8.32e-08; HEIDI: 5.98e-07
• rs1472631
    • Skeletal Muscle: Adjusted SMR multi-SNP P-value: 3.18e-07; HEIDI: 3.6910e-02
• rs4775633
    • Cortex: Adjusted SMR multi-SNP P-value: 4.60e-07; HEIDI: 1.6101e-03
",SMR SNP Disease Relations; SMR Gene Disease Relations
Are there any SMR association signals with the gene RN7SL656P in Alzheimer's Disease?,"Yes, there is 1 SNP within RN7SL656P that has a significant SMR association signal in Alzheimer's Disease:
• rs199447
    • Prefrontal Cortex: Adjusted SMR multi-SNP P-value: 7.31e-07; HEIDI: 2.4007e-02
",SMR SNP Disease Relations; SMR Gene Disease Relations
Are there any SMR association signals with the gene AC012146.7 in Alzheimer's Disease?,"Yes, there are 5 SNPs within AC012146.7 that have significant SMR association signals in Alzheimer's Disease. Each SNP is listed with the tissue having the most significant SMR value:
• rs73976310
    • Whole Blood: Adjusted SMR multi-SNP P-value: 1.72e-08; HEIDI: 4.8877e-03
• rs1054697
    • Prefrontal Cortex: Adjusted SMR multi-SNP P-value: 2.05e-08; HEIDI: 6.6899e-04
• rs73976311
    • Multi Ancestry Whole Brain: Adjusted SMR multi-SNP P-value: 1.69e-07; HEIDI: 5.13e-06
• rs113831399
    • Tibial Nerve: Adjusted SMR multi-SNP P-value: 2.72e-07; HEIDI: 1.0544e-01
• rs56197642
    • Skeletal Muscle: Adjusted SMR multi-SNP P-value: 5.26e-07; HEIDI: 1.7872e-01
",SMR SNP Disease Relations; SMR Gene Disease Relations
Are there any SMR association signals with the gene TRIM27 in Alzheimer's Disease?,"Yes, there are 2 SNPs within TRIM27 that have significant SMR association signals in Alzheimer's Disease. Each SNP is listed with the tissue having the most significant SMR value:
• rs142403264
    • Whole Blood: Adjusted SMR multi-SNP P-value: 4.07e-07; HEIDI: 7.1461e-02
• rs3129102
    • Whole Blood: Adjusted SMR multi-SNP P-value: 4.91e-07; HEIDI: 1.3040e-04
",SMR SNP Disease Relations; SMR Gene Disease Relations
Are there any SMR association signals with the gene C7orf59 in Alzheimer's Disease?,"Yes, there are 2 SNPs within C7orf59 that have significant SMR association signals in Alzheimer's Disease. Each SNP is listed with the tissue having the most significant SMR value:
• rs11771139
    • Whole Blood: Adjusted SMR multi-SNP P-value: 3.98e-13; HEIDI: 8.91e-06
• rs60458236
    • Whole Brain: Adjusted SMR multi-SNP P-value: 3.31e-09; HEIDI: 7.86e-06
",SMR SNP Disease Relations; SMR Gene Disease Relations
Are there any SMR association signals with the gene KLF16 in Alzheimer's Disease?,"Yes, there are 2 SNPs within KLF16 that have significant SMR association signals in Alzheimer's Disease. Each SNP is listed with the tissue having the most significant SMR value:
• rs2289286
    • Whole Blood: Adjusted SMR multi-SNP P-value: 1.87e-07; HEIDI: 1.9736e-03
• rs12977787
    • Multi Ancestry Whole Brain: Adjusted SMR multi-SNP P-value: 2.33e-06; HEIDI: 2.21e-08
",SMR SNP Disease Relations; SMR Gene Disease Relations
Are there any SMR association signals with the gene SLC24A4 in Alzheimer's Disease?,"Yes, there are 2 SNPs within SLC24A4 that have significant SMR association signals in Alzheimer's Disease. Each SNP is listed with the tissue having the most significant SMR value:
• rs17783630
    • Whole Blood: Adjusted SMR multi-SNP P-value: 6.53e-11; HEIDI: 6.4723e-04
• rs61977309
    • Whole Blood: Adjusted SMR multi-SNP P-value: 3.35e-09; HEIDI: 1.9009e-03
",SMR SNP Disease Relations; SMR Gene Disease Relations
Are there any SMR association signals with the gene SNX31 in Alzheimer's Disease?,"Yes, there are 3 SNPs within SNX31 that have significant SMR association signals in Alzheimer's Disease. Each SNP is listed with the tissue having the most significant SMR value:
• rs1693551
    • Tibial Nerve: Adjusted SMR multi-SNP P-value: 1.09e-07; HEIDI: 6.0315e-01
• rs1693560
    • Whole Brain: Adjusted SMR multi-SNP P-value: 3.21e-07; HEIDI: 7.3481e-01
• rs1693568
    • Cerebellum: Adjusted SMR multi-SNP P-value: 4.69e-07; HEIDI: 7.1607e-01
",SMR SNP Disease Relations; SMR Gene Disease Relations
Are there any SMR association signals with the gene MGC57346 in Parkinson's Disease?,"Yes, there are 2 SNPs within MGC57346 that have significant SMR association signals in Parkinson's Disease. Each SNP is listed with the tissue having the most significant SMR value:
• rs62056790
    • Whole Blood: Adjusted SMR multi-SNP P-value: 1.12e-11; HEIDI: 9.98e-05
• rs389217
    • Whole Brain: Adjusted SMR multi-SNP P-value: 5.49e-08; HEIDI: -1.00e+04
",SMR SNP Disease Relations; SMR Gene Disease Relations
Are there any SMR association signals with the gene SPI1 in Alzheimer's Disease?,"Yes, there are 2 SNPs within SPI1 that have significant SMR association signals in Alzheimer's Disease. Each SNP is listed with the tissue having the most significant SMR value:
• rs11570034
    • Whole Blood: Adjusted SMR multi-SNP P-value: 3.74e-07; HEIDI: 4.3796e-01
• rs12801188
    • Whole Blood: Adjusted SMR multi-SNP P-value: 2.27e-06; HEIDI: 5.0728e-02
",SMR SNP Disease Relations; SMR Gene Disease Relations
Are there any SMR association signals with the gene RN7SL199P in Parkinson's Disease?,"Yes, there is 1 SNP within RN7SL199P that has a significant SMR association signal in Parkinson's Disease:
• rs2950694
    • Prefrontal Cortex: Adjusted SMR multi-SNP P-value: 4.16e-10; HEIDI: 2.4462e-03
",SMR SNP Disease Relations; SMR Gene Disease Relations
Are there any SMR association signals with the gene EPHA1 in Alzheimer's Disease?,"Yes, there are 2 SNPs within EPHA1 that have significant SMR association signals in Alzheimer's Disease. Each SNP is listed with the tissue having the most significant SMR value:
• rs7794735
    • Whole Blood: Adjusted SMR multi-SNP P-value: 4.98e-12; HEIDI: 8.81e-10
• rs3935067
    • Whole Brain: Adjusted SMR multi-SNP P-value: 1.96e-09; HEIDI: 4.9015e-03
",SMR SNP Disease Relations; SMR Gene Disease Relations
Are there any SMR association signals with the gene CD2AP in Alzheimer's Disease?,"Yes, there are 6 SNPs within CD2AP that have significant SMR association signals in Alzheimer's Disease. Each SNP is listed with the tissue having the most significant SMR value:
• rs13193054
    • Whole Blood: Adjusted SMR multi-SNP P-value: 2.60e-09; HEIDI: 5.1958e-02
• rs6931478
    • Whole Blood: Adjusted SMR multi-SNP P-value: 5.59e-09; HEIDI: 3.7628e-02
• rs7738044
    • Whole Brain: Adjusted SMR multi-SNP P-value: 6.50e-08; HEIDI: 1.0480e-01
• rs1004173
    • Whole Brain: Adjusted SMR multi-SNP P-value: 8.80e-08; HEIDI: 6.3690e-02
• rs13212790
    • Whole Blood: Adjusted SMR multi-SNP P-value: 1.45e-07; HEIDI: 9.3337e-02
• rs12200115
    • Multi Ancestry Whole Brain: Adjusted SMR multi-SNP P-value: 6.09e-07; HEIDI: 3.49e-08
",SMR SNP Disease Relations; SMR Gene Disease Relations
Are there any SMR association signals with the gene RP11-120K18.3 in Alzheimer's Disease?,"Yes, there is 1 SNP within RP11-120K18.3 that has a significant SMR association signal in Alzheimer's Disease:
• rs11574631
    • Whole Blood: Adjusted SMR multi-SNP P-value: 9.87e-07; HEIDI: 1.0393e-03
",SMR SNP Disease Relations; SMR Gene Disease Relations
Are there any SMR association signals with the gene RP11-156P1.3 in Progressive supranuclear palsy?,"Yes, there is 1 SNP within RP11-156P1.3 that has a significant SMR association signal in Progressive supranuclear palsy:
• rs10491149
    • Whole Blood: Adjusted SMR multi-SNP P-value: 8.77e-08; HEIDI: 7.8655e-03
",SMR SNP Disease Relations; SMR Gene Disease Relations
Are there any SMR association signals with the gene APOC1 in Lewy Body Dementia?,"Yes, there are 3 SNPs within APOC1 that have significant SMR association signals in Lewy Body Dementia. Each SNP is listed with the tissue having the most significant SMR value:
• rs10414043
    • Whole Brain: Adjusted SMR multi-SNP P-value: 5.53e-08; HEIDI: 1.0373e-03
• rs4803770
    • Multi Ancestry Whole Brain: Adjusted SMR multi-SNP P-value: 3.02e-07; HEIDI: 2.5992e-04
• rs59325138
    • Whole Blood: Adjusted SMR multi-SNP P-value: 1.12e-06; HEIDI: 1.8021e-02
",SMR SNP Disease Relations; SMR Gene Disease Relations
Are there any SMR association signals with the gene KLHL7-AS1 in Parkinson's Disease?,"Yes, there are 11 SNPs within KLHL7-AS1 that have significant SMR association signals in Parkinson's Disease. Here are the top 10 SNPs, listed with the tissue having the most significant SMR value:
• rs10241208
    • Prefrontal Cortex: Adjusted SMR multi-SNP P-value: 2.23e-08; HEIDI: 4.7249e-04
• rs28646184
    • Tibial Nerve: Adjusted SMR multi-SNP P-value: 2.75e-08; HEIDI: 7.5555e-03
• rs6461691
    • Whole Blood: Adjusted SMR multi-SNP P-value: 3.31e-08; HEIDI: 1.6209e-02
• rs1115941
    • Skeletal Muscle: Adjusted SMR multi-SNP P-value: 3.37e-08; HEIDI: 4.6901e-03
• rs2072368
    • Whole Brain: Adjusted SMR multi-SNP P-value: 4.72e-08; HEIDI: 1.5122e-02
• rs1005786
    • Whole Blood: Adjusted SMR multi-SNP P-value: 1.69e-07; HEIDI: 4.6615e-02
• rs4409314
    • Cortex: Adjusted SMR multi-SNP P-value: 2.02e-07; HEIDI: 7.7044e-02
• rs6978827
    • Nucleus Accumbens Basal: Adjusted SMR multi-SNP P-value: 2.56e-07; HEIDI: 2.6527e-02
• rs6953728
    • Caudate Basal Ganglia: Adjusted SMR multi-SNP P-value: 3.29e-07; HEIDI: 2.0704e-02
• rs10256524
    • Frontal Cortex: Adjusted SMR multi-SNP P-value: 4.74e-07; HEIDI: 1.2758e-02
",SMR SNP Disease Relations; SMR Gene Disease Relations
Are there any SMR association signals with the gene TREML4 in Alzheimer's Disease?,"Yes, there are 2 SNPs within TREML4 that have significant SMR association signals in Alzheimer's Disease. Each SNP is listed with the tissue having the most significant SMR value:
• rs6458200
    • Whole Blood: Adjusted SMR multi-SNP P-value: 1.04e-11; HEIDI: 3.7370e-04
• rs6458202
    • Whole Blood: Adjusted SMR multi-SNP P-value: 8.79e-08; HEIDI: 7.26e-05
",SMR SNP Disease Relations; SMR Gene Disease Relations
Is Dexamethasone approved to treat sinus histiocytosis with massive lymphadenopathy?,"Dexamethasone has not been approved by the FDA as a treatment for sinus histiocytosis with massive lymphadenopathy. However, it is currently being evaluated for this purpose and is in clinical trial phase 2.0.",Drug Disease Relations; Drug Meta
Is Sorafenib approved to treat carcinoma of liver and intrahepatic biliary tract?,"Sorafenib has not been approved by the FDA as a treatment for carcinoma of liver and intrahepatic biliary tract. However, it is currently being evaluated for this purpose and is in clinical trial phase 3.0.",Drug Disease Relations; Drug Meta
Is Ulipristal Acetate approved to treat Charcot-Marie-Tooth disease type 1A?,"Ulipristal Acetate has not been approved by the FDA as a treatment for Charcot-Marie-Tooth disease type 1A. However, it is currently being evaluated for this purpose and is in clinical trial phase 2.0.",Drug Disease Relations; Drug Meta
Is Docetaxel approved to treat Thyroid Gland Undifferentiated (Anaplastic) Carcinoma?,"Docetaxel has not been approved by the FDA as a treatment for Thyroid Gland Undifferentiated (Anaplastic) Carcinoma. However, it is currently being evaluated for this purpose and is in clinical trial phase 2.0.",Drug Disease Relations; Drug Meta
Is Dexamethasone approved to treat adult acute respiratory distress syndrome?,"Dexamethasone has not been approved by the FDA as a treatment for adult acute respiratory distress syndrome. However, it is currently being evaluated for this purpose and is in clinical trial phase 3.0.",Drug Disease Relations; Drug Meta
Is Dexamethasone approved to treat precursor T-cell lymphoblastic leukemia-lymphoma?,"Dexamethasone has not been approved by the FDA as a treatment for precursor T-cell lymphoblastic leukemia-lymphoma. However, it is currently being evaluated for this purpose and is in clinical trial phase 3.0.",Drug Disease Relations; Drug Meta
Is Topotecan Hydrochloride approved to treat desmoplastic small round cell tumor?,"Topotecan Hydrochloride has not been approved by the FDA as a treatment for desmoplastic small round cell tumor. However, it is currently being evaluated for this purpose and is in clinical trial phase 1.0.",Drug Disease Relations; Drug Meta
Do DLX5 gene mutations increase the risk of Parkinson's disease?,"No, there are no significant mutations in the DLX5 gene associated with an increased risk of Parkinson's disease according to the largest European genome-wide meta-analysis of Parkinson's disease (Nalls et al., 2019).",SNP Disease Relations; Gene Disease Relations
Do SOX12 gene mutations increase the risk of Parkinson's disease?,"No, there are no significant mutations in the SOX12 gene associated with an increased risk of Parkinson's disease according to the largest European genome-wide meta-analysis of Parkinson's disease (Nalls et al., 2019).",SNP Disease Relations; Gene Disease Relations
Do HOXA7 gene mutations increase the risk of Parkinson's disease?,"No, there are no significant mutations in the HOXA7 gene associated with an increased risk of Parkinson's disease according to the largest European genome-wide meta-analysis of Parkinson's disease (Nalls et al., 2019).",SNP Disease Relations; Gene Disease Relations
Do KIF9-AS1 gene mutations increase the risk of Parkinson's disease?,"No, there are no significant mutations in the KIF9-AS1 gene associated with an increased risk of Parkinson's disease according to the largest European genome-wide meta-analysis of Parkinson's disease (Nalls et al., 2019).",SNP Disease Relations; Gene Disease Relations
Do GUSB gene mutations increase the risk of Parkinson's disease?,"No, there are no significant mutations in the GUSB gene associated with an increased risk of Parkinson's disease according to the largest European genome-wide meta-analysis of Parkinson's disease (Nalls et al., 2019).",SNP Disease Relations; Gene Disease Relations
Do MIR548BC gene mutations increase the risk of Parkinson's disease?,"No, there are no significant mutations in the MIR548BC gene associated with an increased risk of Parkinson's disease according to the largest European genome-wide meta-analysis of Parkinson's disease (Nalls et al., 2019).",SNP Disease Relations; Gene Disease Relations
Do TPM4 gene mutations increase the risk of Parkinson's disease?,"No, there are no significant mutations in the TPM4 gene associated with an increased risk of Parkinson's disease according to the largest European genome-wide meta-analysis of Parkinson's disease (Nalls et al., 2019).",SNP Disease Relations; Gene Disease Relations
Do CES3 gene mutations increase the risk of Parkinson's disease?,"No, there are no significant mutations in the CES3 gene associated with an increased risk of Parkinson's disease according to the largest European genome-wide meta-analysis of Parkinson's disease (Nalls et al., 2019).",SNP Disease Relations; Gene Disease Relations
Do ADGRE4P gene mutations increase the risk of Parkinson's disease?,"No, there are no significant mutations in the ADGRE4P gene associated with an increased risk of Parkinson's disease according to the largest European genome-wide meta-analysis of Parkinson's disease (Nalls et al., 2019).",SNP Disease Relations; Gene Disease Relations
Do CYRIA gene mutations increase the risk of Parkinson's disease?,"No, there are no significant mutations in the CYRIA gene associated with an increased risk of Parkinson's disease according to the largest European genome-wide meta-analysis of Parkinson's disease (Nalls et al., 2019).",SNP Disease Relations; Gene Disease Relations
Do SYNJ2-IT1 gene mutations increase the risk of Parkinson's disease?,"No, there are no significant mutations in the SYNJ2-IT1 gene associated with an increased risk of Parkinson's disease according to the largest European genome-wide meta-analysis of Parkinson's disease (Nalls et al., 2019).",SNP Disease Relations; Gene Disease Relations
Do CCDC122 gene mutations increase the risk of Parkinson's disease?,"No, there are no significant mutations in the CCDC122 gene associated with an increased risk of Parkinson's disease according to the largest European genome-wide meta-analysis of Parkinson's disease (Nalls et al., 2019).",SNP Disease Relations; Gene Disease Relations
Do DIO2-AS1 gene mutations increase the risk of Parkinson's disease?,"No, there are no significant mutations in the DIO2-AS1 gene associated with an increased risk of Parkinson's disease according to the largest European genome-wide meta-analysis of Parkinson's disease (Nalls et al., 2019).",SNP Disease Relations; Gene Disease Relations
Do LARGE1 gene mutations increase the risk of Parkinson's disease?,"No, there are no significant mutations in the LARGE1 gene associated with an increased risk of Parkinson's disease according to the largest European genome-wide meta-analysis of Parkinson's disease (Nalls et al., 2019).",SNP Disease Relations; Gene Disease Relations
Do PIGU gene mutations increase the risk of Parkinson's disease?,"No, there are no significant mutations in the PIGU gene associated with an increased risk of Parkinson's disease according to the largest European genome-wide meta-analysis of Parkinson's disease (Nalls et al., 2019).",SNP Disease Relations; Gene Disease Relations
Do LINC02549 gene mutations increase the risk of Parkinson's disease?,"No, there are no significant mutations in the LINC02549 gene associated with an increased risk of Parkinson's disease according to the largest European genome-wide meta-analysis of Parkinson's disease (Nalls et al., 2019).",SNP Disease Relations; Gene Disease Relations
Do WBP1L gene mutations increase the risk of Parkinson's disease?,"No, there are no significant mutations in the WBP1L gene associated with an increased risk of Parkinson's disease according to the largest European genome-wide meta-analysis of Parkinson's disease (Nalls et al., 2019).",SNP Disease Relations; Gene Disease Relations
Do TAB2 gene mutations increase the risk of Parkinson's disease?,"No, there are no significant mutations in the TAB2 gene associated with an increased risk of Parkinson's disease according to the largest European genome-wide meta-analysis of Parkinson's disease (Nalls et al., 2019).",SNP Disease Relations; Gene Disease Relations
Do LINC02210-CRHR1 gene mutations increase the risk of Parkinson's disease?,"There are 713 mutations in the LINC02210-CRHR1 gene that pass the significance threshold but do not increase the risk of Parkinson's disease according to the largest European genome-wide meta-analysis of Parkinson's disease (Nalls et al., 2019).Here are the top 10 most significant SNPs: rs62055708: (GWAS P-value: 2.33e-21; b value: -2.5610e-01), rs2158474: (GWAS P-value: 2.33e-21; b value: -2.5610e-01), rs17761207: (GWAS P-value: 2.36e-21; b value: -2.5590e-01), rs17426195: (GWAS P-value: 3.23e-21; b value: -2.5510e-01), rs35631660: (GWAS P-value: 3.23e-21; b value: -2.5510e-01), rs17687740: (GWAS P-value: 3.39e-21; b value: -2.5430e-01), rs62057063: (GWAS P-value: 3.84e-21; b value: -2.5510e-01), rs55801356: (GWAS P-value: 4.11e-21; b value: -2.5400e-01), rs55980621: (GWAS P-value: 4.29e-21; b value: -2.5380e-01), rs55669046: (GWAS P-value: 4.32e-21; b value: -2.5380e-01))",SNP Disease Relations; Gene Disease Relations
Do KIAA0319 gene mutations increase the risk of Parkinson's disease?,"No, there are no significant mutations in the KIAA0319 gene associated with an increased risk of Parkinson's disease according to the largest European genome-wide meta-analysis of Parkinson's disease (Nalls et al., 2019).",SNP Disease Relations; Gene Disease Relations
Do HINT2 gene mutations increase the risk of Parkinson's disease?,"No, there are no significant mutations in the HINT2 gene associated with an increased risk of Parkinson's disease according to the largest European genome-wide meta-analysis of Parkinson's disease (Nalls et al., 2019).",SNP Disease Relations; Gene Disease Relations
Do CSHL1 gene mutations increase the risk of Parkinson's disease?,"No, there are no significant mutations in the CSHL1 gene associated with an increased risk of Parkinson's disease according to the largest European genome-wide meta-analysis of Parkinson's disease (Nalls et al., 2019).",SNP Disease Relations; Gene Disease Relations
Do SRRM4 gene mutations increase the risk of Parkinson's disease?,"No, there are no significant mutations in the SRRM4 gene associated with an increased risk of Parkinson's disease according to the largest European genome-wide meta-analysis of Parkinson's disease (Nalls et al., 2019).",SNP Disease Relations; Gene Disease Relations
Do NMD3 gene mutations increase the risk of Parkinson's disease?,"No, there are no significant mutations in the NMD3 gene associated with an increased risk of Parkinson's disease according to the largest European genome-wide meta-analysis of Parkinson's disease (Nalls et al., 2019).",SNP Disease Relations; Gene Disease Relations
Do SBDS gene mutations increase the risk of Parkinson's disease?,"No, there are no significant mutations in the SBDS gene associated with an increased risk of Parkinson's disease according to the largest European genome-wide meta-analysis of Parkinson's disease (Nalls et al., 2019).",SNP Disease Relations; Gene Disease Relations
Do SNORD17 gene mutations increase the risk of Parkinson's disease?,"No, there are no significant mutations in the SNORD17 gene associated with an increased risk of Parkinson's disease according to the largest European genome-wide meta-analysis of Parkinson's disease (Nalls et al., 2019).",SNP Disease Relations; Gene Disease Relations
Do CCDC148 gene mutations increase the risk of Parkinson's disease?,"No, there are no significant mutations in the CCDC148 gene associated with an increased risk of Parkinson's disease according to the largest European genome-wide meta-analysis of Parkinson's disease (Nalls et al., 2019).",SNP Disease Relations; Gene Disease Relations
Do HHAT gene mutations increase the risk of Parkinson's disease?,"No, there are no significant mutations in the HHAT gene associated with an increased risk of Parkinson's disease according to the largest European genome-wide meta-analysis of Parkinson's disease (Nalls et al., 2019).",SNP Disease Relations; Gene Disease Relations
Do DEPDC1 gene mutations increase the risk of Parkinson's disease?,"No, there are no significant mutations in the DEPDC1 gene associated with an increased risk of Parkinson's disease according to the largest European genome-wide meta-analysis of Parkinson's disease (Nalls et al., 2019).",SNP Disease Relations; Gene Disease Relations
Do GUCY2GP gene mutations increase the risk of Parkinson's disease?,"No, there are no significant mutations in the GUCY2GP gene associated with an increased risk of Parkinson's disease according to the largest European genome-wide meta-analysis of Parkinson's disease (Nalls et al., 2019).",SNP Disease Relations; Gene Disease Relations
Do PDE4B gene mutations increase the risk of Parkinson's disease?,"No, there are no significant mutations in the PDE4B gene associated with an increased risk of Parkinson's disease according to the largest European genome-wide meta-analysis of Parkinson's disease (Nalls et al., 2019).",SNP Disease Relations; Gene Disease Relations
Do PRRT1B gene mutations increase the risk of Parkinson's disease?,"No, there are no significant mutations in the PRRT1B gene associated with an increased risk of Parkinson's disease according to the largest European genome-wide meta-analysis of Parkinson's disease (Nalls et al., 2019).",SNP Disease Relations; Gene Disease Relations
Do LAMB2 gene mutations increase the risk of Parkinson's disease?,"No, there are no significant mutations in the LAMB2 gene associated with an increased risk of Parkinson's disease according to the largest European genome-wide meta-analysis of Parkinson's disease (Nalls et al., 2019).",SNP Disease Relations; Gene Disease Relations
Do MIR597 gene mutations increase the risk of Parkinson's disease?,"No, there are no significant mutations in the MIR597 gene associated with an increased risk of Parkinson's disease according to the largest European genome-wide meta-analysis of Parkinson's disease (Nalls et al., 2019).",SNP Disease Relations; Gene Disease Relations
Do UBAP1L gene mutations increase the risk of Parkinson's disease?,"No, there are no significant mutations in the UBAP1L gene associated with an increased risk of Parkinson's disease according to the largest European genome-wide meta-analysis of Parkinson's disease (Nalls et al., 2019).",SNP Disease Relations; Gene Disease Relations
Do ASL gene mutations increase the risk of Parkinson's disease?,"No, there are no significant mutations in the ASL gene associated with an increased risk of Parkinson's disease according to the largest European genome-wide meta-analysis of Parkinson's disease (Nalls et al., 2019).",SNP Disease Relations; Gene Disease Relations
Do SAMD5 gene mutations increase the risk of Parkinson's disease?,"No, there are no significant mutations in the SAMD5 gene associated with an increased risk of Parkinson's disease according to the largest European genome-wide meta-analysis of Parkinson's disease (Nalls et al., 2019).",SNP Disease Relations; Gene Disease Relations
Do LOC101927278 gene mutations increase the risk of Parkinson's disease?,"No, there are no significant mutations in the LOC101927278 gene associated with an increased risk of Parkinson's disease according to the largest European genome-wide meta-analysis of Parkinson's disease (Nalls et al., 2019).",SNP Disease Relations; Gene Disease Relations
Do HOMER3 gene mutations increase the risk of Parkinson's disease?,"No, there are no significant mutations in the HOMER3 gene associated with an increased risk of Parkinson's disease according to the largest European genome-wide meta-analysis of Parkinson's disease (Nalls et al., 2019).",SNP Disease Relations; Gene Disease Relations
Do SCNN1B gene mutations increase the risk of Parkinson's disease?,"No, there are no significant mutations in the SCNN1B gene associated with an increased risk of Parkinson's disease according to the largest European genome-wide meta-analysis of Parkinson's disease (Nalls et al., 2019).",SNP Disease Relations; Gene Disease Relations
Do LINC01973 gene mutations increase the risk of Parkinson's disease?,"No, there are no significant mutations in the LINC01973 gene associated with an increased risk of Parkinson's disease according to the largest European genome-wide meta-analysis of Parkinson's disease (Nalls et al., 2019).",SNP Disease Relations; Gene Disease Relations
Do CXCL2 gene mutations increase the risk of Parkinson's disease?,"No, there are no significant mutations in the CXCL2 gene associated with an increased risk of Parkinson's disease according to the largest European genome-wide meta-analysis of Parkinson's disease (Nalls et al., 2019).",SNP Disease Relations; Gene Disease Relations
Do SDCCAG8 gene mutations increase the risk of Parkinson's disease?,"No, there are no significant mutations in the SDCCAG8 gene associated with an increased risk of Parkinson's disease according to the largest European genome-wide meta-analysis of Parkinson's disease (Nalls et al., 2019).",SNP Disease Relations; Gene Disease Relations
Do LINC02424 gene mutations increase the risk of Parkinson's disease?,"No, there are no significant mutations in the LINC02424 gene associated with an increased risk of Parkinson's disease according to the largest European genome-wide meta-analysis of Parkinson's disease (Nalls et al., 2019).",SNP Disease Relations; Gene Disease Relations
Do DPP9-AS1 gene mutations increase the risk of Parkinson's disease?,"No, there are no significant mutations in the DPP9-AS1 gene associated with an increased risk of Parkinson's disease according to the largest European genome-wide meta-analysis of Parkinson's disease (Nalls et al., 2019).",SNP Disease Relations; Gene Disease Relations
Do LINC02361 gene mutations increase the risk of Parkinson's disease?,"No, there are no significant mutations in the LINC02361 gene associated with an increased risk of Parkinson's disease according to the largest European genome-wide meta-analysis of Parkinson's disease (Nalls et al., 2019).",SNP Disease Relations; Gene Disease Relations
Do RTRAF gene mutations increase the risk of Parkinson's disease?,"No, there are no significant mutations in the RTRAF gene associated with an increased risk of Parkinson's disease according to the largest European genome-wide meta-analysis of Parkinson's disease (Nalls et al., 2019).",SNP Disease Relations; Gene Disease Relations
Do TBATA gene mutations increase the risk of Parkinson's disease?,"No, there are no significant mutations in the TBATA gene associated with an increased risk of Parkinson's disease according to the largest European genome-wide meta-analysis of Parkinson's disease (Nalls et al., 2019).",SNP Disease Relations; Gene Disease Relations
Do TFAP4 gene mutations increase the risk of Parkinson's disease?,"No, there are no significant mutations in the TFAP4 gene associated with an increased risk of Parkinson's disease according to the largest European genome-wide meta-analysis of Parkinson's disease (Nalls et al., 2019).",SNP Disease Relations; Gene Disease Relations
Do IL17RB gene mutations increase the risk of Parkinson's disease?,"No, there are no significant mutations in the IL17RB gene associated with an increased risk of Parkinson's disease according to the largest European genome-wide meta-analysis of Parkinson's disease (Nalls et al., 2019).",SNP Disease Relations; Gene Disease Relations
Do MIR3141 gene mutations increase the risk of Parkinson's disease?,"No, there are no significant mutations in the MIR3141 gene associated with an increased risk of Parkinson's disease according to the largest European genome-wide meta-analysis of Parkinson's disease (Nalls et al., 2019).",SNP Disease Relations; Gene Disease Relations
Do RBKS gene mutations increase the risk of Parkinson's disease?,"No, there are no significant mutations in the RBKS gene associated with an increased risk of Parkinson's disease according to the largest European genome-wide meta-analysis of Parkinson's disease (Nalls et al., 2019).",SNP Disease Relations; Gene Disease Relations
Do TTC5 gene mutations increase the risk of Parkinson's disease?,"No, there are no significant mutations in the TTC5 gene associated with an increased risk of Parkinson's disease according to the largest European genome-wide meta-analysis of Parkinson's disease (Nalls et al., 2019).",SNP Disease Relations; Gene Disease Relations
Do GAS1RR gene mutations increase the risk of Parkinson's disease?,"No, there are no significant mutations in the GAS1RR gene associated with an increased risk of Parkinson's disease according to the largest European genome-wide meta-analysis of Parkinson's disease (Nalls et al., 2019).",SNP Disease Relations; Gene Disease Relations
Do CD68 gene mutations increase the risk of Parkinson's disease?,"No, there are no significant mutations in the CD68 gene associated with an increased risk of Parkinson's disease according to the largest European genome-wide meta-analysis of Parkinson's disease (Nalls et al., 2019).",SNP Disease Relations; Gene Disease Relations
Do STH gene mutations increase the risk of Parkinson's disease?,"There is 1 mutation in the STH gene that passes the significance threshold but does not to increase the risk of Parkinson's disease according to the largest European genome-wide meta-analysis of Parkinson's disease (Nalls et al., 2019): rs62063857: (GWAS P-value: 6.71e-21; b value: -2.3770e-01))",SNP Disease Relations; Gene Disease Relations
Do SAXO2 gene mutations increase the risk of Parkinson's disease?,"No, there are no significant mutations in the SAXO2 gene associated with an increased risk of Parkinson's disease according to the largest European genome-wide meta-analysis of Parkinson's disease (Nalls et al., 2019).",SNP Disease Relations; Gene Disease Relations
Do MAPT-IT1 gene mutations increase the risk of Parkinson's disease?,"There are 17 mutations in the MAPT-IT1 gene that pass the significance threshold but do not increase the risk of Parkinson's disease according to the largest European genome-wide meta-analysis of Parkinson's disease (Nalls et al., 2019).Here are the top 10 most significant SNPs: rs62056789: (GWAS P-value: 1.19e-20; b value: -2.5090e-01), rs62056790: (GWAS P-value: 1.19e-20; b value: -2.5090e-01), rs62056786: (GWAS P-value: 1.26e-20; b value: -2.5070e-01), rs62056785: (GWAS P-value: 1.26e-20; b value: -2.5070e-01), rs74496580: (GWAS P-value: 1.26e-20; b value: -2.5070e-01), rs62056791: (GWAS P-value: 1.33e-20; b value: -2.5060e-01), rs78720789: (GWAS P-value: 1.33e-20; b value: -2.5060e-01), rs113347741: (GWAS P-value: 1.33e-20; b value: -2.5060e-01), rs62056780: (GWAS P-value: 1.34e-20; b value: -2.5050e-01), rs62056781: (GWAS P-value: 1.34e-20; b value: -2.5050e-01))",SNP Disease Relations; Gene Disease Relations
Do IGFLR1 gene mutations increase the risk of Parkinson's disease?,"No, there are no significant mutations in the IGFLR1 gene associated with an increased risk of Parkinson's disease according to the largest European genome-wide meta-analysis of Parkinson's disease (Nalls et al., 2019).",SNP Disease Relations; Gene Disease Relations
Do MAST1 gene mutations increase the risk of Parkinson's disease?,"No, there are no significant mutations in the MAST1 gene associated with an increased risk of Parkinson's disease according to the largest European genome-wide meta-analysis of Parkinson's disease (Nalls et al., 2019).",SNP Disease Relations; Gene Disease Relations
Do SETDB1 gene mutations increase the risk of Parkinson's disease?,"No, there are no significant mutations in the SETDB1 gene associated with an increased risk of Parkinson's disease according to the largest European genome-wide meta-analysis of Parkinson's disease (Nalls et al., 2019).",SNP Disease Relations; Gene Disease Relations
Do TNNT1 gene mutations increase the risk of Parkinson's disease?,"No, there are no significant mutations in the TNNT1 gene associated with an increased risk of Parkinson's disease according to the largest European genome-wide meta-analysis of Parkinson's disease (Nalls et al., 2019).",SNP Disease Relations; Gene Disease Relations
Do SLC44A5 gene mutations increase the risk of Parkinson's disease?,"No, there are no significant mutations in the SLC44A5 gene associated with an increased risk of Parkinson's disease according to the largest European genome-wide meta-analysis of Parkinson's disease (Nalls et al., 2019).",SNP Disease Relations; Gene Disease Relations
Do NOS3 gene mutations increase the risk of Parkinson's disease?,"No, there are no significant mutations in the NOS3 gene associated with an increased risk of Parkinson's disease according to the largest European genome-wide meta-analysis of Parkinson's disease (Nalls et al., 2019).",SNP Disease Relations; Gene Disease Relations
Do MIPOL1 gene mutations increase the risk of Parkinson's disease?,"No, there are no significant mutations in the MIPOL1 gene associated with an increased risk of Parkinson's disease according to the largest European genome-wide meta-analysis of Parkinson's disease (Nalls et al., 2019).",SNP Disease Relations; Gene Disease Relations
Do HLA-DPB1 gene mutations increase the risk of Parkinson's disease?,"No, there are no significant mutations in the HLA-DPB1 gene associated with an increased risk of Parkinson's disease according to the largest European genome-wide meta-analysis of Parkinson's disease (Nalls et al., 2019).",SNP Disease Relations; Gene Disease Relations
Do TAS2R46 gene mutations increase the risk of Parkinson's disease?,"No, there are no significant mutations in the TAS2R46 gene associated with an increased risk of Parkinson's disease according to the largest European genome-wide meta-analysis of Parkinson's disease (Nalls et al., 2019).",SNP Disease Relations; Gene Disease Relations
Do CACNB3 gene mutations increase the risk of Parkinson's disease?,"No, there are no significant mutations in the CACNB3 gene associated with an increased risk of Parkinson's disease according to the largest European genome-wide meta-analysis of Parkinson's disease (Nalls et al., 2019).",SNP Disease Relations; Gene Disease Relations
Do LINC02801 gene mutations increase the risk of Parkinson's disease?,"No, there are no significant mutations in the LINC02801 gene associated with an increased risk of Parkinson's disease according to the largest European genome-wide meta-analysis of Parkinson's disease (Nalls et al., 2019).",SNP Disease Relations; Gene Disease Relations
Do PLEKHA8P1 gene mutations increase the risk of Parkinson's disease?,"No, there are no significant mutations in the PLEKHA8P1 gene associated with an increased risk of Parkinson's disease according to the largest European genome-wide meta-analysis of Parkinson's disease (Nalls et al., 2019).",SNP Disease Relations; Gene Disease Relations
Do MINK1 gene mutations increase the risk of Parkinson's disease?,"No, there are no significant mutations in the MINK1 gene associated with an increased risk of Parkinson's disease according to the largest European genome-wide meta-analysis of Parkinson's disease (Nalls et al., 2019).",SNP Disease Relations; Gene Disease Relations
Do IL13 gene mutations increase the risk of Parkinson's disease?,"No, there are no significant mutations in the IL13 gene associated with an increased risk of Parkinson's disease according to the largest European genome-wide meta-analysis of Parkinson's disease (Nalls et al., 2019).",SNP Disease Relations; Gene Disease Relations
Do MIR548AW gene mutations increase the risk of Parkinson's disease?,"No, there are no significant mutations in the MIR548AW gene associated with an increased risk of Parkinson's disease according to the largest European genome-wide meta-analysis of Parkinson's disease (Nalls et al., 2019).",SNP Disease Relations; Gene Disease Relations
Do RPS3 gene mutations increase the risk of Parkinson's disease?,"No, there are no significant mutations in the RPS3 gene associated with an increased risk of Parkinson's disease according to the largest European genome-wide meta-analysis of Parkinson's disease (Nalls et al., 2019).",SNP Disease Relations; Gene Disease Relations
Do TMC5 gene mutations increase the risk of Parkinson's disease?,"No, there are no significant mutations in the TMC5 gene associated with an increased risk of Parkinson's disease according to the largest European genome-wide meta-analysis of Parkinson's disease (Nalls et al., 2019).",SNP Disease Relations; Gene Disease Relations
Do KCTD8 gene mutations increase the risk of Parkinson's disease?,"No, there are no significant mutations in the KCTD8 gene associated with an increased risk of Parkinson's disease according to the largest European genome-wide meta-analysis of Parkinson's disease (Nalls et al., 2019).",SNP Disease Relations; Gene Disease Relations
Do EIF3K gene mutations increase the risk of Parkinson's disease?,"No, there are no significant mutations in the EIF3K gene associated with an increased risk of Parkinson's disease according to the largest European genome-wide meta-analysis of Parkinson's disease (Nalls et al., 2019).",SNP Disease Relations; Gene Disease Relations
Do H4C13 gene mutations increase the risk of Parkinson's disease?,"No, there are no significant mutations in the H4C13 gene associated with an increased risk of Parkinson's disease according to the largest European genome-wide meta-analysis of Parkinson's disease (Nalls et al., 2019).",SNP Disease Relations; Gene Disease Relations
Do CLEC3A gene mutations increase the risk of Parkinson's disease?,"No, there are no significant mutations in the CLEC3A gene associated with an increased risk of Parkinson's disease according to the largest European genome-wide meta-analysis of Parkinson's disease (Nalls et al., 2019).",SNP Disease Relations; Gene Disease Relations
Do ZBTB24 gene mutations increase the risk of Parkinson's disease?,"No, there are no significant mutations in the ZBTB24 gene associated with an increased risk of Parkinson's disease according to the largest European genome-wide meta-analysis of Parkinson's disease (Nalls et al., 2019).",SNP Disease Relations; Gene Disease Relations
Do FGF14 gene mutations increase the risk of Parkinson's disease?,"No, there are no significant mutations in the FGF14 gene associated with an increased risk of Parkinson's disease according to the largest European genome-wide meta-analysis of Parkinson's disease (Nalls et al., 2019).",SNP Disease Relations; Gene Disease Relations
Do MTIF2 gene mutations increase the risk of Parkinson's disease?,"No, there are no significant mutations in the MTIF2 gene associated with an increased risk of Parkinson's disease according to the largest European genome-wide meta-analysis of Parkinson's disease (Nalls et al., 2019).",SNP Disease Relations; Gene Disease Relations
Do NDUFAF2 gene mutations increase the risk of Parkinson's disease?,"Yes, 60 mutations in the NDUFAF2 gene were found to be significantly associated with an increased risk of Parkinson's disease according to the largest European genome-wide meta-analysis of Parkinson's disease (Nalls et al., 2019). Here are the top 10 most significant SNPs: rs75646569: (GWAS P-value: 5.62e-13; b value: 1.9160e-01), rs158700: (GWAS P-value: 6.56e-13; b value: 1.9110e-01), rs158699: (GWAS P-value: 6.90e-13; b value: 1.9090e-01), rs158696: (GWAS P-value: 7.03e-13; b value: 1.9070e-01), rs158697: (GWAS P-value: 7.04e-13; b value: 1.9070e-01), rs9291702: (GWAS P-value: 8.61e-13; b value: 1.9200e-01), rs6862622: (GWAS P-value: 1.77e-12; b value: 1.8540e-01), rs113306887: (GWAS P-value: 1.79e-12; b value: 1.8530e-01), rs79365162: (GWAS P-value: 2.09e-12; b value: 1.8480e-01), rs1989653: (GWAS P-value: 2.14e-12; b value: 1.8470e-01).",SNP Disease Relations; Gene Disease Relations
Do MIR548I2 gene mutations increase the risk of Parkinson's disease?,"No, there are no significant mutations in the MIR548I2 gene associated with an increased risk of Parkinson's disease according to the largest European genome-wide meta-analysis of Parkinson's disease (Nalls et al., 2019).",SNP Disease Relations; Gene Disease Relations
Do SIRPB3P gene mutations increase the risk of Parkinson's disease?,"No, there are no significant mutations in the SIRPB3P gene associated with an increased risk of Parkinson's disease according to the largest European genome-wide meta-analysis of Parkinson's disease (Nalls et al., 2019).",SNP Disease Relations; Gene Disease Relations
Do BIN3-IT1 gene mutations increase the risk of Parkinson's disease?,"No, there are no significant mutations in the BIN3-IT1 gene associated with an increased risk of Parkinson's disease according to the largest European genome-wide meta-analysis of Parkinson's disease (Nalls et al., 2019).",SNP Disease Relations; Gene Disease Relations
Do SETD1A gene mutations increase the risk of Parkinson's disease?,"Yes, 2 mutations in the SETD1A gene were found to be significantly associated with an increased risk of Parkinson's disease according to the largest European genome-wide meta-analysis of Parkinson's disease (Nalls et al., 2019): rs4889603: (GWAS P-value: 2.54e-09; b value: 1.0930e-01), rs11640961: (GWAS P-value: 6.84e-09; b value: 1.0180e-01).",SNP Disease Relations; Gene Disease Relations
Do AK9 gene mutations increase the risk of Parkinson's disease?,"No, there are no significant mutations in the AK9 gene associated with an increased risk of Parkinson's disease according to the largest European genome-wide meta-analysis of Parkinson's disease (Nalls et al., 2019).",SNP Disease Relations; Gene Disease Relations
Do FXYD6 gene mutations increase the risk of Parkinson's disease?,"No, there are no significant mutations in the FXYD6 gene associated with an increased risk of Parkinson's disease according to the largest European genome-wide meta-analysis of Parkinson's disease (Nalls et al., 2019).",SNP Disease Relations; Gene Disease Relations
Do GRK7 gene mutations increase the risk of Parkinson's disease?,"No, there are no significant mutations in the GRK7 gene associated with an increased risk of Parkinson's disease according to the largest European genome-wide meta-analysis of Parkinson's disease (Nalls et al., 2019).",SNP Disease Relations; Gene Disease Relations
Do DENND1A gene mutations increase the risk of Parkinson's disease?,"No, there are no significant mutations in the DENND1A gene associated with an increased risk of Parkinson's disease according to the largest European genome-wide meta-analysis of Parkinson's disease (Nalls et al., 2019).",SNP Disease Relations; Gene Disease Relations
Do GRM5-AS1 gene mutations increase the risk of Parkinson's disease?,"No, there are no significant mutations in the GRM5-AS1 gene associated with an increased risk of Parkinson's disease according to the largest European genome-wide meta-analysis of Parkinson's disease (Nalls et al., 2019).",SNP Disease Relations; Gene Disease Relations
Do MYB gene mutations increase the risk of Parkinson's disease?,"No, there are no significant mutations in the MYB gene associated with an increased risk of Parkinson's disease according to the largest European genome-wide meta-analysis of Parkinson's disease (Nalls et al., 2019).",SNP Disease Relations; Gene Disease Relations
Do DNAI4 gene mutations increase the risk of Parkinson's disease?,"No, there are no significant mutations in the DNAI4 gene associated with an increased risk of Parkinson's disease according to the largest European genome-wide meta-analysis of Parkinson's disease (Nalls et al., 2019).",SNP Disease Relations; Gene Disease Relations
Do IL23R gene mutations increase the risk of Parkinson's disease?,"No, there are no significant mutations in the IL23R gene associated with an increased risk of Parkinson's disease according to the largest European genome-wide meta-analysis of Parkinson's disease (Nalls et al., 2019).",SNP Disease Relations; Gene Disease Relations
Do OR2T10 gene mutations increase the risk of Parkinson's disease?,"No, there are no significant mutations in the OR2T10 gene associated with an increased risk of Parkinson's disease according to the largest European genome-wide meta-analysis of Parkinson's disease (Nalls et al., 2019).",SNP Disease Relations; Gene Disease Relations
Do DBP gene mutations increase the risk of Parkinson's disease?,"No, there are no significant mutations in the DBP gene associated with an increased risk of Parkinson's disease according to the largest European genome-wide meta-analysis of Parkinson's disease (Nalls et al., 2019).",SNP Disease Relations; Gene Disease Relations
Do RANBP1 gene mutations increase the risk of Parkinson's disease?,"No, there are no significant mutations in the RANBP1 gene associated with an increased risk of Parkinson's disease according to the largest European genome-wide meta-analysis of Parkinson's disease (Nalls et al., 2019).",SNP Disease Relations; Gene Disease Relations
Do GNAT1 gene mutations increase the risk of Parkinson's disease?,"No, there are no significant mutations in the GNAT1 gene associated with an increased risk of Parkinson's disease according to the largest European genome-wide meta-analysis of Parkinson's disease (Nalls et al., 2019).",SNP Disease Relations; Gene Disease Relations
Do SNAR-E gene mutations increase the risk of Parkinson's disease?,"No, there are no significant mutations in the SNAR-E gene associated with an increased risk of Parkinson's disease according to the largest European genome-wide meta-analysis of Parkinson's disease (Nalls et al., 2019).",SNP Disease Relations; Gene Disease Relations
Do OR11H4 gene mutations increase the risk of Parkinson's disease?,"No, there are no significant mutations in the OR11H4 gene associated with an increased risk of Parkinson's disease according to the largest European genome-wide meta-analysis of Parkinson's disease (Nalls et al., 2019).",SNP Disease Relations; Gene Disease Relations
Do ELMO1 gene mutations increase the risk of Parkinson's disease?,"No, there are no significant mutations in the ELMO1 gene associated with an increased risk of Parkinson's disease according to the largest European genome-wide meta-analysis of Parkinson's disease (Nalls et al., 2019).",SNP Disease Relations; Gene Disease Relations
Do H4C8 gene mutations increase the risk of Parkinson's disease?,"No, there are no significant mutations in the H4C8 gene associated with an increased risk of Parkinson's disease according to the largest European genome-wide meta-analysis of Parkinson's disease (Nalls et al., 2019).",SNP Disease Relations; Gene Disease Relations
Do ARPC4-TTLL3 gene mutations increase the risk of Parkinson's disease?,"No, there are no significant mutations in the ARPC4-TTLL3 gene associated with an increased risk of Parkinson's disease according to the largest European genome-wide meta-analysis of Parkinson's disease (Nalls et al., 2019).",SNP Disease Relations; Gene Disease Relations
Do TM2D3 gene mutations increase the risk of Parkinson's disease?,"No, there are no significant mutations in the TM2D3 gene associated with an increased risk of Parkinson's disease according to the largest European genome-wide meta-analysis of Parkinson's disease (Nalls et al., 2019).",SNP Disease Relations; Gene Disease Relations
Do FAM3D-AS1 gene mutations increase the risk of Parkinson's disease?,"No, there are no significant mutations in the FAM3D-AS1 gene associated with an increased risk of Parkinson's disease according to the largest European genome-wide meta-analysis of Parkinson's disease (Nalls et al., 2019).",SNP Disease Relations; Gene Disease Relations
Do PURB gene mutations increase the risk of Parkinson's disease?,"No, there are no significant mutations in the PURB gene associated with an increased risk of Parkinson's disease according to the largest European genome-wide meta-analysis of Parkinson's disease (Nalls et al., 2019).",SNP Disease Relations; Gene Disease Relations
Do SAMD12-AS1 gene mutations increase the risk of Parkinson's disease?,"No, there are no significant mutations in the SAMD12-AS1 gene associated with an increased risk of Parkinson's disease according to the largest European genome-wide meta-analysis of Parkinson's disease (Nalls et al., 2019).",SNP Disease Relations; Gene Disease Relations
Do SVIL-AS1 gene mutations increase the risk of Parkinson's disease?,"No, there are no significant mutations in the SVIL-AS1 gene associated with an increased risk of Parkinson's disease according to the largest European genome-wide meta-analysis of Parkinson's disease (Nalls et al., 2019).",SNP Disease Relations; Gene Disease Relations
Do OAF gene mutations increase the risk of Parkinson's disease?,"No, there are no significant mutations in the OAF gene associated with an increased risk of Parkinson's disease according to the largest European genome-wide meta-analysis of Parkinson's disease (Nalls et al., 2019).",SNP Disease Relations; Gene Disease Relations
Do LOC101929709 gene mutations increase the risk of Parkinson's disease?,"No, there are no significant mutations in the LOC101929709 gene associated with an increased risk of Parkinson's disease according to the largest European genome-wide meta-analysis of Parkinson's disease (Nalls et al., 2019).",SNP Disease Relations; Gene Disease Relations
Do AP1AR gene mutations increase the risk of Parkinson's disease?,"No, there are no significant mutations in the AP1AR gene associated with an increased risk of Parkinson's disease according to the largest European genome-wide meta-analysis of Parkinson's disease (Nalls et al., 2019).",SNP Disease Relations; Gene Disease Relations
Do INTS2 gene mutations increase the risk of Parkinson's disease?,"No, there are no significant mutations in the INTS2 gene associated with an increased risk of Parkinson's disease according to the largest European genome-wide meta-analysis of Parkinson's disease (Nalls et al., 2019).",SNP Disease Relations; Gene Disease Relations
Do LOC100129148 gene mutations increase the risk of Parkinson's disease?,"No, there are no significant mutations in the LOC100129148 gene associated with an increased risk of Parkinson's disease according to the largest European genome-wide meta-analysis of Parkinson's disease (Nalls et al., 2019).",SNP Disease Relations; Gene Disease Relations
Do POMP gene mutations increase the risk of Parkinson's disease?,"No, there are no significant mutations in the POMP gene associated with an increased risk of Parkinson's disease according to the largest European genome-wide meta-analysis of Parkinson's disease (Nalls et al., 2019).",SNP Disease Relations; Gene Disease Relations
Do PSMG3 gene mutations increase the risk of Parkinson's disease?,"No, there are no significant mutations in the PSMG3 gene associated with an increased risk of Parkinson's disease according to the largest European genome-wide meta-analysis of Parkinson's disease (Nalls et al., 2019).",SNP Disease Relations; Gene Disease Relations
Do ADSL gene mutations increase the risk of Parkinson's disease?,"No, there are no significant mutations in the ADSL gene associated with an increased risk of Parkinson's disease according to the largest European genome-wide meta-analysis of Parkinson's disease (Nalls et al., 2019).",SNP Disease Relations; Gene Disease Relations
Do CES5A gene mutations increase the risk of Parkinson's disease?,"No, there are no significant mutations in the CES5A gene associated with an increased risk of Parkinson's disease according to the largest European genome-wide meta-analysis of Parkinson's disease (Nalls et al., 2019).",SNP Disease Relations; Gene Disease Relations
Do SH3RF3-AS1 gene mutations increase the risk of Parkinson's disease?,"No, there are no significant mutations in the SH3RF3-AS1 gene associated with an increased risk of Parkinson's disease according to the largest European genome-wide meta-analysis of Parkinson's disease (Nalls et al., 2019).",SNP Disease Relations; Gene Disease Relations
Do MXRA7 gene mutations increase the risk of Parkinson's disease?,"No, there are no significant mutations in the MXRA7 gene associated with an increased risk of Parkinson's disease according to the largest European genome-wide meta-analysis of Parkinson's disease (Nalls et al., 2019).",SNP Disease Relations; Gene Disease Relations
Do ALG1L gene mutations increase the risk of Parkinson's disease?,"No, there are no significant mutations in the ALG1L gene associated with an increased risk of Parkinson's disease according to the largest European genome-wide meta-analysis of Parkinson's disease (Nalls et al., 2019).",SNP Disease Relations; Gene Disease Relations
Do LOC105377651 gene mutations increase the risk of Parkinson's disease?,"No, there are no significant mutations in the LOC105377651 gene associated with an increased risk of Parkinson's disease according to the largest European genome-wide meta-analysis of Parkinson's disease (Nalls et al., 2019).",SNP Disease Relations; Gene Disease Relations
Do LOC105370802 gene mutations increase the risk of Parkinson's disease?,"No, there are no significant mutations in the LOC105370802 gene associated with an increased risk of Parkinson's disease according to the largest European genome-wide meta-analysis of Parkinson's disease (Nalls et al., 2019).",SNP Disease Relations; Gene Disease Relations
Do ANAPC5 gene mutations increase the risk of Parkinson's disease?,"No, there are no significant mutations in the ANAPC5 gene associated with an increased risk of Parkinson's disease according to the largest European genome-wide meta-analysis of Parkinson's disease (Nalls et al., 2019).",SNP Disease Relations; Gene Disease Relations
Do LINC02120 gene mutations increase the risk of Parkinson's disease?,"No, there are no significant mutations in the LINC02120 gene associated with an increased risk of Parkinson's disease according to the largest European genome-wide meta-analysis of Parkinson's disease (Nalls et al., 2019).",SNP Disease Relations; Gene Disease Relations
Do GPC6-AS2 gene mutations increase the risk of Parkinson's disease?,"No, there are no significant mutations in the GPC6-AS2 gene associated with an increased risk of Parkinson's disease according to the largest European genome-wide meta-analysis of Parkinson's disease (Nalls et al., 2019).",SNP Disease Relations; Gene Disease Relations
Do TEKT5 gene mutations increase the risk of Parkinson's disease?,"No, there are no significant mutations in the TEKT5 gene associated with an increased risk of Parkinson's disease according to the largest European genome-wide meta-analysis of Parkinson's disease (Nalls et al., 2019).",SNP Disease Relations; Gene Disease Relations
Do IL15 gene mutations increase the risk of Parkinson's disease?,"No, there are no significant mutations in the IL15 gene associated with an increased risk of Parkinson's disease according to the largest European genome-wide meta-analysis of Parkinson's disease (Nalls et al., 2019).",SNP Disease Relations; Gene Disease Relations
Do LOC101929411 gene mutations increase the risk of Parkinson's disease?,"No, there are no significant mutations in the LOC101929411 gene associated with an increased risk of Parkinson's disease according to the largest European genome-wide meta-analysis of Parkinson's disease (Nalls et al., 2019).",SNP Disease Relations; Gene Disease Relations
Do ST8SIA2 gene mutations increase the risk of Parkinson's disease?,"No, there are no significant mutations in the ST8SIA2 gene associated with an increased risk of Parkinson's disease according to the largest European genome-wide meta-analysis of Parkinson's disease (Nalls et al., 2019).",SNP Disease Relations; Gene Disease Relations
Do STMN2 gene mutations increase the risk of Parkinson's disease?,"No, there are no significant mutations in the STMN2 gene associated with an increased risk of Parkinson's disease according to the largest European genome-wide meta-analysis of Parkinson's disease (Nalls et al., 2019).",SNP Disease Relations; Gene Disease Relations
Do RNF34 gene mutations increase the risk of Parkinson's disease?,"No, there are no significant mutations in the RNF34 gene associated with an increased risk of Parkinson's disease according to the largest European genome-wide meta-analysis of Parkinson's disease (Nalls et al., 2019).",SNP Disease Relations; Gene Disease Relations
Do HSDL2 gene mutations increase the risk of Parkinson's disease?,"No, there are no significant mutations in the HSDL2 gene associated with an increased risk of Parkinson's disease according to the largest European genome-wide meta-analysis of Parkinson's disease (Nalls et al., 2019).",SNP Disease Relations; Gene Disease Relations
Do SNORA11B gene mutations increase the risk of Parkinson's disease?,"No, there are no significant mutations in the SNORA11B gene associated with an increased risk of Parkinson's disease according to the largest European genome-wide meta-analysis of Parkinson's disease (Nalls et al., 2019).",SNP Disease Relations; Gene Disease Relations
Do CHODL-AS1 gene mutations increase the risk of Parkinson's disease?,"No, there are no significant mutations in the CHODL-AS1 gene associated with an increased risk of Parkinson's disease according to the largest European genome-wide meta-analysis of Parkinson's disease (Nalls et al., 2019).",SNP Disease Relations; Gene Disease Relations
Do HAMP gene mutations increase the risk of Parkinson's disease?,"No, there are no significant mutations in the HAMP gene associated with an increased risk of Parkinson's disease according to the largest European genome-wide meta-analysis of Parkinson's disease (Nalls et al., 2019).",SNP Disease Relations; Gene Disease Relations
Do LINC01555 gene mutations increase the risk of Parkinson's disease?,"No, there are no significant mutations in the LINC01555 gene associated with an increased risk of Parkinson's disease according to the largest European genome-wide meta-analysis of Parkinson's disease (Nalls et al., 2019).",SNP Disease Relations; Gene Disease Relations
Do WNT3 gene mutations increase the risk of Parkinson's disease?,"There are 33 mutations in the WNT3 gene that pass the significance threshold but do not increase the risk of Parkinson's disease according to the largest European genome-wide meta-analysis of Parkinson's disease (Nalls et al., 2019).Here are the top 10 most significant SNPs: rs199529: (GWAS P-value: 6.12e-20; b value: -2.1500e-01), rs199530: (GWAS P-value: 1.85e-17; b value: -1.9400e-01), rs199501: (GWAS P-value: 1.15e-16; b value: -1.9000e-01), rs199524: (GWAS P-value: 1.82e-16; b value: -1.9720e-01), rs199528: (GWAS P-value: 2.84e-16; b value: -2.1770e-01), rs199525: (GWAS P-value: 3.59e-16; b value: -2.0370e-01), rs70600: (GWAS P-value: 5.20e-16; b value: -2.0230e-01), rs199517: (GWAS P-value: 6.93e-16; b value: -1.8320e-01), rs199518: (GWAS P-value: 7.18e-16; b value: -1.8320e-01), rs199521: (GWAS P-value: 7.25e-16; b value: -1.8300e-01))",SNP Disease Relations; Gene Disease Relations
Do ARHGAP27 gene mutations increase the risk of Parkinson's disease?,"There are 58 mutations in the ARHGAP27 gene that pass the significance threshold but do not increase the risk of Parkinson's disease according to the largest European genome-wide meta-analysis of Parkinson's disease (Nalls et al., 2019).Here are the top 10 most significant SNPs: rs62064597: (GWAS P-value: 6.05e-17; b value: -2.1680e-01), rs56220387: (GWAS P-value: 8.08e-17; b value: -2.1590e-01), rs56236914: (GWAS P-value: 8.74e-17; b value: -2.1470e-01), rs55793500: (GWAS P-value: 8.75e-17; b value: -2.1470e-01), rs2028078: (GWAS P-value: 9.27e-17; b value: -2.1450e-01), rs62064598: (GWAS P-value: 1.01e-16; b value: -2.1400e-01), rs62064603: (GWAS P-value: 1.02e-16; b value: -2.1410e-01), rs62064637: (GWAS P-value: 1.03e-16; b value: -2.1400e-01), rs35389313: (GWAS P-value: 1.03e-16; b value: -2.1410e-01), rs62064600: (GWAS P-value: 1.12e-16; b value: -2.1400e-01))",SNP Disease Relations; Gene Disease Relations
Do ZNF627 gene mutations increase the risk of Parkinson's disease?,"No, there are no significant mutations in the ZNF627 gene associated with an increased risk of Parkinson's disease according to the largest European genome-wide meta-analysis of Parkinson's disease (Nalls et al., 2019).",SNP Disease Relations; Gene Disease Relations
Do SLC50A1 gene mutations increase the risk of Parkinson's disease?,"Yes, there is 1 significant association between SLC50A1 and PD, according to the largest European genome-wide meta-analysis of Parkinson's disease (Nalls et al., 2019): rs12726330: (GWAS P-value: 2.21e-27; b value: 6.8110e-01).",SNP Disease Relations; Gene Disease Relations
Do TF gene mutations increase the risk of Parkinson's disease?,"No, there are no significant mutations in the TF gene associated with an increased risk of Parkinson's disease according to the largest European genome-wide meta-analysis of Parkinson's disease (Nalls et al., 2019).",SNP Disease Relations; Gene Disease Relations
Do LOC440173 gene mutations increase the risk of Parkinson's disease?,"No, there are no significant mutations in the LOC440173 gene associated with an increased risk of Parkinson's disease according to the largest European genome-wide meta-analysis of Parkinson's disease (Nalls et al., 2019).",SNP Disease Relations; Gene Disease Relations
Do BCAS2 gene mutations increase the risk of Parkinson's disease?,"No, there are no significant mutations in the BCAS2 gene associated with an increased risk of Parkinson's disease according to the largest European genome-wide meta-analysis of Parkinson's disease (Nalls et al., 2019).",SNP Disease Relations; Gene Disease Relations
Do PDE4B-AS1 gene mutations increase the risk of Parkinson's disease?,"No, there are no significant mutations in the PDE4B-AS1 gene associated with an increased risk of Parkinson's disease according to the largest European genome-wide meta-analysis of Parkinson's disease (Nalls et al., 2019).",SNP Disease Relations; Gene Disease Relations
Do APOBEC3A gene mutations increase the risk of Parkinson's disease?,"No, there are no significant mutations in the APOBEC3A gene associated with an increased risk of Parkinson's disease according to the largest European genome-wide meta-analysis of Parkinson's disease (Nalls et al., 2019).",SNP Disease Relations; Gene Disease Relations
Do CD81-AS1 gene mutations increase the risk of Parkinson's disease?,"No, there are no significant mutations in the CD81-AS1 gene associated with an increased risk of Parkinson's disease according to the largest European genome-wide meta-analysis of Parkinson's disease (Nalls et al., 2019).",SNP Disease Relations; Gene Disease Relations
Do FAM133B gene mutations increase the risk of Parkinson's disease?,"No, there are no significant mutations in the FAM133B gene associated with an increased risk of Parkinson's disease according to the largest European genome-wide meta-analysis of Parkinson's disease (Nalls et al., 2019).",SNP Disease Relations; Gene Disease Relations
Do OR3A3 gene mutations increase the risk of Parkinson's disease?,"No, there are no significant mutations in the OR3A3 gene associated with an increased risk of Parkinson's disease according to the largest European genome-wide meta-analysis of Parkinson's disease (Nalls et al., 2019).",SNP Disease Relations; Gene Disease Relations
Do BMP8A gene mutations increase the risk of Parkinson's disease?,"No, there are no significant mutations in the BMP8A gene associated with an increased risk of Parkinson's disease according to the largest European genome-wide meta-analysis of Parkinson's disease (Nalls et al., 2019).",SNP Disease Relations; Gene Disease Relations
Do MPHOSPH10 gene mutations increase the risk of Parkinson's disease?,"No, there are no significant mutations in the MPHOSPH10 gene associated with an increased risk of Parkinson's disease according to the largest European genome-wide meta-analysis of Parkinson's disease (Nalls et al., 2019).",SNP Disease Relations; Gene Disease Relations
Do CACNA2D4 gene mutations increase the risk of Parkinson's disease?,"No, there are no significant mutations in the CACNA2D4 gene associated with an increased risk of Parkinson's disease according to the largest European genome-wide meta-analysis of Parkinson's disease (Nalls et al., 2019).",SNP Disease Relations; Gene Disease Relations
Do FFAR3 gene mutations increase the risk of Parkinson's disease?,"No, there are no significant mutations in the FFAR3 gene associated with an increased risk of Parkinson's disease according to the largest European genome-wide meta-analysis of Parkinson's disease (Nalls et al., 2019).",SNP Disease Relations; Gene Disease Relations
Do NHLRC2 gene mutations increase the risk of Parkinson's disease?,"No, there are no significant mutations in the NHLRC2 gene associated with an increased risk of Parkinson's disease according to the largest European genome-wide meta-analysis of Parkinson's disease (Nalls et al., 2019).",SNP Disease Relations; Gene Disease Relations
Do SEPTIN12 gene mutations increase the risk of Parkinson's disease?,"No, there are no significant mutations in the SEPTIN12 gene associated with an increased risk of Parkinson's disease according to the largest European genome-wide meta-analysis of Parkinson's disease (Nalls et al., 2019).",SNP Disease Relations; Gene Disease Relations
Do BECN1 gene mutations increase the risk of Parkinson's disease?,"No, there are no significant mutations in the BECN1 gene associated with an increased risk of Parkinson's disease according to the largest European genome-wide meta-analysis of Parkinson's disease (Nalls et al., 2019).",SNP Disease Relations; Gene Disease Relations
Do PAX5 gene mutations increase the risk of Parkinson's disease?,"No, there are no significant mutations in the PAX5 gene associated with an increased risk of Parkinson's disease according to the largest European genome-wide meta-analysis of Parkinson's disease (Nalls et al., 2019).",SNP Disease Relations; Gene Disease Relations
Do CNTNAP1 gene mutations increase the risk of Parkinson's disease?,"No, there are no significant mutations in the CNTNAP1 gene associated with an increased risk of Parkinson's disease according to the largest European genome-wide meta-analysis of Parkinson's disease (Nalls et al., 2019).",SNP Disease Relations; Gene Disease Relations
Do MRPL53 gene mutations increase the risk of Parkinson's disease?,"No, there are no significant mutations in the MRPL53 gene associated with an increased risk of Parkinson's disease according to the largest European genome-wide meta-analysis of Parkinson's disease (Nalls et al., 2019).",SNP Disease Relations; Gene Disease Relations
Do NEK9 gene mutations increase the risk of Parkinson's disease?,"No, there are no significant mutations in the NEK9 gene associated with an increased risk of Parkinson's disease according to the largest European genome-wide meta-analysis of Parkinson's disease (Nalls et al., 2019).",SNP Disease Relations; Gene Disease Relations
Do ABCG8 gene mutations increase the risk of Parkinson's disease?,"No, there are no significant mutations in the ABCG8 gene associated with an increased risk of Parkinson's disease according to the largest European genome-wide meta-analysis of Parkinson's disease (Nalls et al., 2019).",SNP Disease Relations; Gene Disease Relations
Do YWHAE gene mutations increase the risk of Parkinson's disease?,"No, there are no significant mutations in the YWHAE gene associated with an increased risk of Parkinson's disease according to the largest European genome-wide meta-analysis of Parkinson's disease (Nalls et al., 2019).",SNP Disease Relations; Gene Disease Relations
Do HIPK2 gene mutations increase the risk of Parkinson's disease?,"No, there are no significant mutations in the HIPK2 gene associated with an increased risk of Parkinson's disease according to the largest European genome-wide meta-analysis of Parkinson's disease (Nalls et al., 2019).",SNP Disease Relations; Gene Disease Relations
Do LILRA5 gene mutations increase the risk of Parkinson's disease?,"No, there are no significant mutations in the LILRA5 gene associated with an increased risk of Parkinson's disease according to the largest European genome-wide meta-analysis of Parkinson's disease (Nalls et al., 2019).",SNP Disease Relations; Gene Disease Relations
Do KRT18 gene mutations increase the risk of Parkinson's disease?,"No, there are no significant mutations in the KRT18 gene associated with an increased risk of Parkinson's disease according to the largest European genome-wide meta-analysis of Parkinson's disease (Nalls et al., 2019).",SNP Disease Relations; Gene Disease Relations
Do CLDN6 gene mutations increase the risk of Parkinson's disease?,"No, there are no significant mutations in the CLDN6 gene associated with an increased risk of Parkinson's disease according to the largest European genome-wide meta-analysis of Parkinson's disease (Nalls et al., 2019).",SNP Disease Relations; Gene Disease Relations
Do LINC02185 gene mutations increase the risk of Parkinson's disease?,"No, there are no significant mutations in the LINC02185 gene associated with an increased risk of Parkinson's disease according to the largest European genome-wide meta-analysis of Parkinson's disease (Nalls et al., 2019).",SNP Disease Relations; Gene Disease Relations
Do UGT1A4 gene mutations increase the risk of Parkinson's disease?,"No, there are no significant mutations in the UGT1A4 gene associated with an increased risk of Parkinson's disease according to the largest European genome-wide meta-analysis of Parkinson's disease (Nalls et al., 2019).",SNP Disease Relations; Gene Disease Relations
Do CASTOR1 gene mutations increase the risk of Parkinson's disease?,"No, there are no significant mutations in the CASTOR1 gene associated with an increased risk of Parkinson's disease according to the largest European genome-wide meta-analysis of Parkinson's disease (Nalls et al., 2019).",SNP Disease Relations; Gene Disease Relations
Do C6orf136 gene mutations increase the risk of Parkinson's disease?,"No, there are no significant mutations in the C6orf136 gene associated with an increased risk of Parkinson's disease according to the largest European genome-wide meta-analysis of Parkinson's disease (Nalls et al., 2019).",SNP Disease Relations; Gene Disease Relations
Do DCAF11 gene mutations increase the risk of Parkinson's disease?,"No, there are no significant mutations in the DCAF11 gene associated with an increased risk of Parkinson's disease according to the largest European genome-wide meta-analysis of Parkinson's disease (Nalls et al., 2019).",SNP Disease Relations; Gene Disease Relations
Do ARL17B gene mutations increase the risk of Parkinson's disease?,"There are 43 mutations in the ARL17B gene that pass the significance threshold but do not increase the risk of Parkinson's disease according to the largest European genome-wide meta-analysis of Parkinson's disease (Nalls et al., 2019).Here are the top 10 most significant SNPs: rs552419936: (GWAS P-value: 1.57e-19; b value: -2.4890e-01), rs62073098: (GWAS P-value: 1.59e-19; b value: -2.4890e-01), rs55653937: (GWAS P-value: 1.64e-19; b value: -2.4880e-01), rs566979023: (GWAS P-value: 1.82e-19; b value: -2.4850e-01), rs2668632: (GWAS P-value: 1.84e-19; b value: -2.4850e-01), rs578109777: (GWAS P-value: 1.84e-19; b value: -2.4850e-01), rs561504284: (GWAS P-value: 2.41e-19; b value: -2.4770e-01), rs569025098: (GWAS P-value: 2.53e-19; b value: -2.4760e-01), rs62073157: (GWAS P-value: 2.95e-19; b value: -2.4720e-01), rs2532363: (GWAS P-value: 3.33e-19; b value: -2.4680e-01))",SNP Disease Relations; Gene Disease Relations
Do ASH1L-AS1 gene mutations increase the risk of Parkinson's disease?,"No, there are no significant mutations in the ASH1L-AS1 gene associated with an increased risk of Parkinson's disease according to the largest European genome-wide meta-analysis of Parkinson's disease (Nalls et al., 2019).",SNP Disease Relations; Gene Disease Relations
Do MIR6795 gene mutations increase the risk of Parkinson's disease?,"No, there are no significant mutations in the MIR6795 gene associated with an increased risk of Parkinson's disease according to the largest European genome-wide meta-analysis of Parkinson's disease (Nalls et al., 2019).",SNP Disease Relations; Gene Disease Relations
Do ETFA gene mutations increase the risk of Parkinson's disease?,"No, there are no significant mutations in the ETFA gene associated with an increased risk of Parkinson's disease according to the largest European genome-wide meta-analysis of Parkinson's disease (Nalls et al., 2019).",SNP Disease Relations; Gene Disease Relations
Do POLD3 gene mutations increase the risk of Parkinson's disease?,"No, there are no significant mutations in the POLD3 gene associated with an increased risk of Parkinson's disease according to the largest European genome-wide meta-analysis of Parkinson's disease (Nalls et al., 2019).",SNP Disease Relations; Gene Disease Relations
Do RRAS gene mutations increase the risk of Parkinson's disease?,"No, there are no significant mutations in the RRAS gene associated with an increased risk of Parkinson's disease according to the largest European genome-wide meta-analysis of Parkinson's disease (Nalls et al., 2019).",SNP Disease Relations; Gene Disease Relations
Do APPL1 gene mutations increase the risk of Parkinson's disease?,"No, there are no significant mutations in the APPL1 gene associated with an increased risk of Parkinson's disease according to the largest European genome-wide meta-analysis of Parkinson's disease (Nalls et al., 2019).",SNP Disease Relations; Gene Disease Relations
Do PICSAR gene mutations increase the risk of Parkinson's disease?,"No, there are no significant mutations in the PICSAR gene associated with an increased risk of Parkinson's disease according to the largest European genome-wide meta-analysis of Parkinson's disease (Nalls et al., 2019).",SNP Disease Relations; Gene Disease Relations
Do PCDH9-AS2 gene mutations increase the risk of Parkinson's disease?,"No, there are no significant mutations in the PCDH9-AS2 gene associated with an increased risk of Parkinson's disease according to the largest European genome-wide meta-analysis of Parkinson's disease (Nalls et al., 2019).",SNP Disease Relations; Gene Disease Relations
Do GPR31 gene mutations increase the risk of Parkinson's disease?,"No, there are no significant mutations in the GPR31 gene associated with an increased risk of Parkinson's disease according to the largest European genome-wide meta-analysis of Parkinson's disease (Nalls et al., 2019).",SNP Disease Relations; Gene Disease Relations
Do LOC101928844 gene mutations increase the risk of Parkinson's disease?,"No, there are no significant mutations in the LOC101928844 gene associated with an increased risk of Parkinson's disease according to the largest European genome-wide meta-analysis of Parkinson's disease (Nalls et al., 2019).",SNP Disease Relations; Gene Disease Relations
Do LMOD2 gene mutations increase the risk of Parkinson's disease?,"No, there are no significant mutations in the LMOD2 gene associated with an increased risk of Parkinson's disease according to the largest European genome-wide meta-analysis of Parkinson's disease (Nalls et al., 2019).",SNP Disease Relations; Gene Disease Relations
Do NPY gene mutations increase the risk of Parkinson's disease?,"No, there are no significant mutations in the NPY gene associated with an increased risk of Parkinson's disease according to the largest European genome-wide meta-analysis of Parkinson's disease (Nalls et al., 2019).",SNP Disease Relations; Gene Disease Relations
Do TOLLIP gene mutations increase the risk of Parkinson's disease?,"No, there are no significant mutations in the TOLLIP gene associated with an increased risk of Parkinson's disease according to the largest European genome-wide meta-analysis of Parkinson's disease (Nalls et al., 2019).",SNP Disease Relations; Gene Disease Relations
Do LINC02425 gene mutations increase the risk of Parkinson's disease?,"No, there are no significant mutations in the LINC02425 gene associated with an increased risk of Parkinson's disease according to the largest European genome-wide meta-analysis of Parkinson's disease (Nalls et al., 2019).",SNP Disease Relations; Gene Disease Relations
Do MCHR1 gene mutations increase the risk of Parkinson's disease?,"No, there are no significant mutations in the MCHR1 gene associated with an increased risk of Parkinson's disease according to the largest European genome-wide meta-analysis of Parkinson's disease (Nalls et al., 2019).",SNP Disease Relations; Gene Disease Relations
Do SPRR2A gene mutations increase the risk of Parkinson's disease?,"No, there are no significant mutations in the SPRR2A gene associated with an increased risk of Parkinson's disease according to the largest European genome-wide meta-analysis of Parkinson's disease (Nalls et al., 2019).",SNP Disease Relations; Gene Disease Relations
Do LINC01070 gene mutations increase the risk of Parkinson's disease?,"No, there are no significant mutations in the LINC01070 gene associated with an increased risk of Parkinson's disease according to the largest European genome-wide meta-analysis of Parkinson's disease (Nalls et al., 2019).",SNP Disease Relations; Gene Disease Relations
Do LECT2 gene mutations increase the risk of Parkinson's disease?,"No, there are no significant mutations in the LECT2 gene associated with an increased risk of Parkinson's disease according to the largest European genome-wide meta-analysis of Parkinson's disease (Nalls et al., 2019).",SNP Disease Relations; Gene Disease Relations
Do RAB36 gene mutations increase the risk of Parkinson's disease?,"No, there are no significant mutations in the RAB36 gene associated with an increased risk of Parkinson's disease according to the largest European genome-wide meta-analysis of Parkinson's disease (Nalls et al., 2019).",SNP Disease Relations; Gene Disease Relations
Do PCDHGC4 gene mutations increase the risk of Parkinson's disease?,"No, there are no significant mutations in the PCDHGC4 gene associated with an increased risk of Parkinson's disease according to the largest European genome-wide meta-analysis of Parkinson's disease (Nalls et al., 2019).",SNP Disease Relations; Gene Disease Relations
Do MTG2 gene mutations increase the risk of Parkinson's disease?,"No, there are no significant mutations in the MTG2 gene associated with an increased risk of Parkinson's disease according to the largest European genome-wide meta-analysis of Parkinson's disease (Nalls et al., 2019).",SNP Disease Relations; Gene Disease Relations
Do GATM gene mutations increase the risk of Parkinson's disease?,"No, there are no significant mutations in the GATM gene associated with an increased risk of Parkinson's disease according to the largest European genome-wide meta-analysis of Parkinson's disease (Nalls et al., 2019).",SNP Disease Relations; Gene Disease Relations
Do SLC5A4-AS1 gene mutations increase the risk of Parkinson's disease?,"No, there are no significant mutations in the SLC5A4-AS1 gene associated with an increased risk of Parkinson's disease according to the largest European genome-wide meta-analysis of Parkinson's disease (Nalls et al., 2019).",SNP Disease Relations; Gene Disease Relations
Do COL4A2-AS2 gene mutations increase the risk of Parkinson's disease?,"No, there are no significant mutations in the COL4A2-AS2 gene associated with an increased risk of Parkinson's disease according to the largest European genome-wide meta-analysis of Parkinson's disease (Nalls et al., 2019).",SNP Disease Relations; Gene Disease Relations
Do ZNF575 gene mutations increase the risk of Parkinson's disease?,"No, there are no significant mutations in the ZNF575 gene associated with an increased risk of Parkinson's disease according to the largest European genome-wide meta-analysis of Parkinson's disease (Nalls et al., 2019).",SNP Disease Relations; Gene Disease Relations
Do MRPS10 gene mutations increase the risk of Parkinson's disease?,"No, there are no significant mutations in the MRPS10 gene associated with an increased risk of Parkinson's disease according to the largest European genome-wide meta-analysis of Parkinson's disease (Nalls et al., 2019).",SNP Disease Relations; Gene Disease Relations
Do TEKT3 gene mutations increase the risk of Parkinson's disease?,"No, there are no significant mutations in the TEKT3 gene associated with an increased risk of Parkinson's disease according to the largest European genome-wide meta-analysis of Parkinson's disease (Nalls et al., 2019).",SNP Disease Relations; Gene Disease Relations
Do TXLNA gene mutations increase the risk of Parkinson's disease?,"No, there are no significant mutations in the TXLNA gene associated with an increased risk of Parkinson's disease according to the largest European genome-wide meta-analysis of Parkinson's disease (Nalls et al., 2019).",SNP Disease Relations; Gene Disease Relations
Do GNB3 gene mutations increase the risk of Parkinson's disease?,"No, there are no significant mutations in the GNB3 gene associated with an increased risk of Parkinson's disease according to the largest European genome-wide meta-analysis of Parkinson's disease (Nalls et al., 2019).",SNP Disease Relations; Gene Disease Relations
Do PTGFRN gene mutations increase the risk of Parkinson's disease?,"No, there are no significant mutations in the PTGFRN gene associated with an increased risk of Parkinson's disease according to the largest European genome-wide meta-analysis of Parkinson's disease (Nalls et al., 2019).",SNP Disease Relations; Gene Disease Relations
Do PRPF18 gene mutations increase the risk of Parkinson's disease?,"No, there are no significant mutations in the PRPF18 gene associated with an increased risk of Parkinson's disease according to the largest European genome-wide meta-analysis of Parkinson's disease (Nalls et al., 2019).",SNP Disease Relations; Gene Disease Relations
Do MAFB gene mutations increase the risk of Parkinson's disease?,"No, there are no significant mutations in the MAFB gene associated with an increased risk of Parkinson's disease according to the largest European genome-wide meta-analysis of Parkinson's disease (Nalls et al., 2019).",SNP Disease Relations; Gene Disease Relations
Do CNPY4 gene mutations increase the risk of Parkinson's disease?,"No, there are no significant mutations in the CNPY4 gene associated with an increased risk of Parkinson's disease according to the largest European genome-wide meta-analysis of Parkinson's disease (Nalls et al., 2019).",SNP Disease Relations; Gene Disease Relations
Do DUOX2 gene mutations increase the risk of Parkinson's disease?,"No, there are no significant mutations in the DUOX2 gene associated with an increased risk of Parkinson's disease according to the largest European genome-wide meta-analysis of Parkinson's disease (Nalls et al., 2019).",SNP Disease Relations; Gene Disease Relations
Do CXCL12 gene mutations increase the risk of Parkinson's disease?,"No, there are no significant mutations in the CXCL12 gene associated with an increased risk of Parkinson's disease according to the largest European genome-wide meta-analysis of Parkinson's disease (Nalls et al., 2019).",SNP Disease Relations; Gene Disease Relations
Do PRR12 gene mutations increase the risk of Parkinson's disease?,"No, there are no significant mutations in the PRR12 gene associated with an increased risk of Parkinson's disease according to the largest European genome-wide meta-analysis of Parkinson's disease (Nalls et al., 2019).",SNP Disease Relations; Gene Disease Relations
Do ZBTB25 gene mutations increase the risk of Parkinson's disease?,"No, there are no significant mutations in the ZBTB25 gene associated with an increased risk of Parkinson's disease according to the largest European genome-wide meta-analysis of Parkinson's disease (Nalls et al., 2019).",SNP Disease Relations; Gene Disease Relations
Do PAXBP1-AS1 gene mutations increase the risk of Parkinson's disease?,"No, there are no significant mutations in the PAXBP1-AS1 gene associated with an increased risk of Parkinson's disease according to the largest European genome-wide meta-analysis of Parkinson's disease (Nalls et al., 2019).",SNP Disease Relations; Gene Disease Relations
Do NPTX2 gene mutations increase the risk of Parkinson's disease?,"No, there are no significant mutations in the NPTX2 gene associated with an increased risk of Parkinson's disease according to the largest European genome-wide meta-analysis of Parkinson's disease (Nalls et al., 2019).",SNP Disease Relations; Gene Disease Relations
Do RNF183 gene mutations increase the risk of Parkinson's disease?,"No, there are no significant mutations in the RNF183 gene associated with an increased risk of Parkinson's disease according to the largest European genome-wide meta-analysis of Parkinson's disease (Nalls et al., 2019).",SNP Disease Relations; Gene Disease Relations
Do MRAS gene mutations increase the risk of Parkinson's disease?,"No, there are no significant mutations in the MRAS gene associated with an increased risk of Parkinson's disease according to the largest European genome-wide meta-analysis of Parkinson's disease (Nalls et al., 2019).",SNP Disease Relations; Gene Disease Relations
Do MIR329-2 gene mutations increase the risk of Parkinson's disease?,"No, there are no significant mutations in the MIR329-2 gene associated with an increased risk of Parkinson's disease according to the largest European genome-wide meta-analysis of Parkinson's disease (Nalls et al., 2019).",SNP Disease Relations; Gene Disease Relations
Do PGAP3 gene mutations increase the risk of Parkinson's disease?,"No, there are no significant mutations in the PGAP3 gene associated with an increased risk of Parkinson's disease according to the largest European genome-wide meta-analysis of Parkinson's disease (Nalls et al., 2019).",SNP Disease Relations; Gene Disease Relations
Do LSM1 gene mutations increase the risk of Parkinson's disease?,"No, there are no significant mutations in the LSM1 gene associated with an increased risk of Parkinson's disease according to the largest European genome-wide meta-analysis of Parkinson's disease (Nalls et al., 2019).",SNP Disease Relations; Gene Disease Relations
Do FEM1C gene mutations increase the risk of Parkinson's disease?,"No, there are no significant mutations in the FEM1C gene associated with an increased risk of Parkinson's disease according to the largest European genome-wide meta-analysis of Parkinson's disease (Nalls et al., 2019).",SNP Disease Relations; Gene Disease Relations
Do GFY gene mutations increase the risk of Parkinson's disease?,"No, there are no significant mutations in the GFY gene associated with an increased risk of Parkinson's disease according to the largest European genome-wide meta-analysis of Parkinson's disease (Nalls et al., 2019).",SNP Disease Relations; Gene Disease Relations
Do TIMM29 gene mutations increase the risk of Parkinson's disease?,"No, there are no significant mutations in the TIMM29 gene associated with an increased risk of Parkinson's disease according to the largest European genome-wide meta-analysis of Parkinson's disease (Nalls et al., 2019).",SNP Disease Relations; Gene Disease Relations
Do ZNF37A gene mutations increase the risk of Parkinson's disease?,"No, there are no significant mutations in the ZNF37A gene associated with an increased risk of Parkinson's disease according to the largest European genome-wide meta-analysis of Parkinson's disease (Nalls et al., 2019).",SNP Disease Relations; Gene Disease Relations
Do NOP14-AS1 gene mutations increase the risk of Parkinson's disease?,"No, there are no significant mutations in the NOP14-AS1 gene associated with an increased risk of Parkinson's disease according to the largest European genome-wide meta-analysis of Parkinson's disease (Nalls et al., 2019).",SNP Disease Relations; Gene Disease Relations
Do BMPER gene mutations increase the risk of Parkinson's disease?,"No, there are no significant mutations in the BMPER gene associated with an increased risk of Parkinson's disease according to the largest European genome-wide meta-analysis of Parkinson's disease (Nalls et al., 2019).",SNP Disease Relations; Gene Disease Relations
Do ASNS gene mutations increase the risk of Parkinson's disease?,"No, there are no significant mutations in the ASNS gene associated with an increased risk of Parkinson's disease according to the largest European genome-wide meta-analysis of Parkinson's disease (Nalls et al., 2019).",SNP Disease Relations; Gene Disease Relations
Do LOC105375773 gene mutations increase the risk of Parkinson's disease?,"No, there are no significant mutations in the LOC105375773 gene associated with an increased risk of Parkinson's disease according to the largest European genome-wide meta-analysis of Parkinson's disease (Nalls et al., 2019).",SNP Disease Relations; Gene Disease Relations
Do KRT9 gene mutations increase the risk of Parkinson's disease?,"No, there are no significant mutations in the KRT9 gene associated with an increased risk of Parkinson's disease according to the largest European genome-wide meta-analysis of Parkinson's disease (Nalls et al., 2019).",SNP Disease Relations; Gene Disease Relations
Do RNF167 gene mutations increase the risk of Parkinson's disease?,"No, there are no significant mutations in the RNF167 gene associated with an increased risk of Parkinson's disease according to the largest European genome-wide meta-analysis of Parkinson's disease (Nalls et al., 2019).",SNP Disease Relations; Gene Disease Relations
Do CTXND2 gene mutations increase the risk of Parkinson's disease?,"No, there are no significant mutations in the CTXND2 gene associated with an increased risk of Parkinson's disease according to the largest European genome-wide meta-analysis of Parkinson's disease (Nalls et al., 2019).",SNP Disease Relations; Gene Disease Relations
Do SREK1IP1 gene mutations increase the risk of Parkinson's disease?,"No, there are no significant mutations in the SREK1IP1 gene associated with an increased risk of Parkinson's disease according to the largest European genome-wide meta-analysis of Parkinson's disease (Nalls et al., 2019).",SNP Disease Relations; Gene Disease Relations
Do LOC283038 gene mutations increase the risk of Parkinson's disease?,"No, there are no significant mutations in the LOC283038 gene associated with an increased risk of Parkinson's disease according to the largest European genome-wide meta-analysis of Parkinson's disease (Nalls et al., 2019).",SNP Disease Relations; Gene Disease Relations
Do OR51B5 gene mutations increase the risk of Parkinson's disease?,"No, there are no significant mutations in the OR51B5 gene associated with an increased risk of Parkinson's disease according to the largest European genome-wide meta-analysis of Parkinson's disease (Nalls et al., 2019).",SNP Disease Relations; Gene Disease Relations
Do PDE8B gene mutations increase the risk of Parkinson's disease?,"No, there are no significant mutations in the PDE8B gene associated with an increased risk of Parkinson's disease according to the largest European genome-wide meta-analysis of Parkinson's disease (Nalls et al., 2019).",SNP Disease Relations; Gene Disease Relations
Do LINC00706 gene mutations increase the risk of Parkinson's disease?,"No, there are no significant mutations in the LINC00706 gene associated with an increased risk of Parkinson's disease according to the largest European genome-wide meta-analysis of Parkinson's disease (Nalls et al., 2019).",SNP Disease Relations; Gene Disease Relations
Do GPNMB gene mutations increase the risk of Parkinson's disease?,"There are 34 mutations in the GPNMB gene that pass the significance threshold but do not increase the risk of Parkinson's disease according to the largest European genome-wide meta-analysis of Parkinson's disease (Nalls et al., 2019).Here are the top 10 most significant SNPs: rs858295: (GWAS P-value: 3.83e-09; b value: -1.0390e-01), rs466225: (GWAS P-value: 4.28e-09; b value: -1.0370e-01), rs858290: (GWAS P-value: 4.44e-09; b value: -1.0360e-01), rs858300: (GWAS P-value: 4.50e-09; b value: -1.0350e-01), rs858289: (GWAS P-value: 4.62e-09; b value: -1.0350e-01), rs858279: (GWAS P-value: 4.88e-09; b value: -1.0400e-01), rs858306: (GWAS P-value: 5.77e-09; b value: -1.0280e-01), rs858305: (GWAS P-value: 6.52e-09; b value: -1.0250e-01), rs858240: (GWAS P-value: 7.93e-09; b value: -1.0020e-01), rs166663: (GWAS P-value: 9.23e-09; b value: -1.0130e-01))",SNP Disease Relations; Gene Disease Relations
Do NTMT1 gene mutations increase the risk of Parkinson's disease?,"No, there are no significant mutations in the NTMT1 gene associated with an increased risk of Parkinson's disease according to the largest European genome-wide meta-analysis of Parkinson's disease (Nalls et al., 2019).",SNP Disease Relations; Gene Disease Relations
Do LINC01654 gene mutations increase the risk of Parkinson's disease?,"No, there are no significant mutations in the LINC01654 gene associated with an increased risk of Parkinson's disease according to the largest European genome-wide meta-analysis of Parkinson's disease (Nalls et al., 2019).",SNP Disease Relations; Gene Disease Relations
Do MACC1 gene mutations increase the risk of Parkinson's disease?,"No, there are no significant mutations in the MACC1 gene associated with an increased risk of Parkinson's disease according to the largest European genome-wide meta-analysis of Parkinson's disease (Nalls et al., 2019).",SNP Disease Relations; Gene Disease Relations
Do KLK6 gene mutations increase the risk of Parkinson's disease?,"No, there are no significant mutations in the KLK6 gene associated with an increased risk of Parkinson's disease according to the largest European genome-wide meta-analysis of Parkinson's disease (Nalls et al., 2019).",SNP Disease Relations; Gene Disease Relations
Do RNF113B gene mutations increase the risk of Parkinson's disease?,"No, there are no significant mutations in the RNF113B gene associated with an increased risk of Parkinson's disease according to the largest European genome-wide meta-analysis of Parkinson's disease (Nalls et al., 2019).",SNP Disease Relations; Gene Disease Relations
Do LOC403312 gene mutations increase the risk of Parkinson's disease?,"No, there are no significant mutations in the LOC403312 gene associated with an increased risk of Parkinson's disease according to the largest European genome-wide meta-analysis of Parkinson's disease (Nalls et al., 2019).",SNP Disease Relations; Gene Disease Relations
Do MAGI2-AS2 gene mutations increase the risk of Parkinson's disease?,"No, there are no significant mutations in the MAGI2-AS2 gene associated with an increased risk of Parkinson's disease according to the largest European genome-wide meta-analysis of Parkinson's disease (Nalls et al., 2019).",SNP Disease Relations; Gene Disease Relations
Do CYYR1-AS1 gene mutations increase the risk of Parkinson's disease?,"No, there are no significant mutations in the CYYR1-AS1 gene associated with an increased risk of Parkinson's disease according to the largest European genome-wide meta-analysis of Parkinson's disease (Nalls et al., 2019).",SNP Disease Relations; Gene Disease Relations
Do PRSS50 gene mutations increase the risk of Parkinson's disease?,"No, there are no significant mutations in the PRSS50 gene associated with an increased risk of Parkinson's disease according to the largest European genome-wide meta-analysis of Parkinson's disease (Nalls et al., 2019).",SNP Disease Relations; Gene Disease Relations
Do TRIM64 gene mutations increase the risk of Parkinson's disease?,"No, there are no significant mutations in the TRIM64 gene associated with an increased risk of Parkinson's disease according to the largest European genome-wide meta-analysis of Parkinson's disease (Nalls et al., 2019).",SNP Disease Relations; Gene Disease Relations
Do LOC338694 gene mutations increase the risk of Parkinson's disease?,"No, there are no significant mutations in the LOC338694 gene associated with an increased risk of Parkinson's disease according to the largest European genome-wide meta-analysis of Parkinson's disease (Nalls et al., 2019).",SNP Disease Relations; Gene Disease Relations
Do FXR1 gene mutations increase the risk of Parkinson's disease?,"No, there are no significant mutations in the FXR1 gene associated with an increased risk of Parkinson's disease according to the largest European genome-wide meta-analysis of Parkinson's disease (Nalls et al., 2019).",SNP Disease Relations; Gene Disease Relations
Do KYAT1 gene mutations increase the risk of Parkinson's disease?,"No, there are no significant mutations in the KYAT1 gene associated with an increased risk of Parkinson's disease according to the largest European genome-wide meta-analysis of Parkinson's disease (Nalls et al., 2019).",SNP Disease Relations; Gene Disease Relations
Do PSME3IP1 gene mutations increase the risk of Parkinson's disease?,"No, there are no significant mutations in the PSME3IP1 gene associated with an increased risk of Parkinson's disease according to the largest European genome-wide meta-analysis of Parkinson's disease (Nalls et al., 2019).",SNP Disease Relations; Gene Disease Relations
Do HAS2 gene mutations increase the risk of Parkinson's disease?,"No, there are no significant mutations in the HAS2 gene associated with an increased risk of Parkinson's disease according to the largest European genome-wide meta-analysis of Parkinson's disease (Nalls et al., 2019).",SNP Disease Relations; Gene Disease Relations
Do HECTD1 gene mutations increase the risk of Parkinson's disease?,"No, there are no significant mutations in the HECTD1 gene associated with an increased risk of Parkinson's disease according to the largest European genome-wide meta-analysis of Parkinson's disease (Nalls et al., 2019).",SNP Disease Relations; Gene Disease Relations
Do DCUN1D2 gene mutations increase the risk of Parkinson's disease?,"No, there are no significant mutations in the DCUN1D2 gene associated with an increased risk of Parkinson's disease according to the largest European genome-wide meta-analysis of Parkinson's disease (Nalls et al., 2019).",SNP Disease Relations; Gene Disease Relations
Do CES2 gene mutations increase the risk of Parkinson's disease?,"No, there are no significant mutations in the CES2 gene associated with an increased risk of Parkinson's disease according to the largest European genome-wide meta-analysis of Parkinson's disease (Nalls et al., 2019).",SNP Disease Relations; Gene Disease Relations
Do TALDO1 gene mutations increase the risk of Parkinson's disease?,"No, there are no significant mutations in the TALDO1 gene associated with an increased risk of Parkinson's disease according to the largest European genome-wide meta-analysis of Parkinson's disease (Nalls et al., 2019).",SNP Disease Relations; Gene Disease Relations
Do TFAM gene mutations increase the risk of Parkinson's disease?,"No, there are no significant mutations in the TFAM gene associated with an increased risk of Parkinson's disease according to the largest European genome-wide meta-analysis of Parkinson's disease (Nalls et al., 2019).",SNP Disease Relations; Gene Disease Relations
Do C15orf62 gene mutations increase the risk of Parkinson's disease?,"No, there are no significant mutations in the C15orf62 gene associated with an increased risk of Parkinson's disease according to the largest European genome-wide meta-analysis of Parkinson's disease (Nalls et al., 2019).",SNP Disease Relations; Gene Disease Relations
Do COQ10A gene mutations increase the risk of Parkinson's disease?,"No, there are no significant mutations in the COQ10A gene associated with an increased risk of Parkinson's disease according to the largest European genome-wide meta-analysis of Parkinson's disease (Nalls et al., 2019).",SNP Disease Relations; Gene Disease Relations
Do RIC8B gene mutations increase the risk of Parkinson's disease?,"No, there are no significant mutations in the RIC8B gene associated with an increased risk of Parkinson's disease according to the largest European genome-wide meta-analysis of Parkinson's disease (Nalls et al., 2019).",SNP Disease Relations; Gene Disease Relations
Do LOC283045 gene mutations increase the risk of Parkinson's disease?,"No, there are no significant mutations in the LOC283045 gene associated with an increased risk of Parkinson's disease according to the largest European genome-wide meta-analysis of Parkinson's disease (Nalls et al., 2019).",SNP Disease Relations; Gene Disease Relations
Do ZNF286B gene mutations increase the risk of Parkinson's disease?,"No, there are no significant mutations in the ZNF286B gene associated with an increased risk of Parkinson's disease according to the largest European genome-wide meta-analysis of Parkinson's disease (Nalls et al., 2019).",SNP Disease Relations; Gene Disease Relations
Do RPRD1B gene mutations increase the risk of Parkinson's disease?,"No, there are no significant mutations in the RPRD1B gene associated with an increased risk of Parkinson's disease according to the largest European genome-wide meta-analysis of Parkinson's disease (Nalls et al., 2019).",SNP Disease Relations; Gene Disease Relations
Do SNORD115-3 gene mutations increase the risk of Parkinson's disease?,"No, there are no significant mutations in the SNORD115-3 gene associated with an increased risk of Parkinson's disease according to the largest European genome-wide meta-analysis of Parkinson's disease (Nalls et al., 2019).",SNP Disease Relations; Gene Disease Relations
Do MIR4482 gene mutations increase the risk of Parkinson's disease?,"No, there are no significant mutations in the MIR4482 gene associated with an increased risk of Parkinson's disease according to the largest European genome-wide meta-analysis of Parkinson's disease (Nalls et al., 2019).",SNP Disease Relations; Gene Disease Relations
Do STX11 gene mutations increase the risk of Parkinson's disease?,"No, there are no significant mutations in the STX11 gene associated with an increased risk of Parkinson's disease according to the largest European genome-wide meta-analysis of Parkinson's disease (Nalls et al., 2019).",SNP Disease Relations; Gene Disease Relations
Do LINC02518 gene mutations increase the risk of Parkinson's disease?,"No, there are no significant mutations in the LINC02518 gene associated with an increased risk of Parkinson's disease according to the largest European genome-wide meta-analysis of Parkinson's disease (Nalls et al., 2019).",SNP Disease Relations; Gene Disease Relations
Do LSM7 gene mutations increase the risk of Parkinson's disease?,"No, there are no significant mutations in the LSM7 gene associated with an increased risk of Parkinson's disease according to the largest European genome-wide meta-analysis of Parkinson's disease (Nalls et al., 2019).",SNP Disease Relations; Gene Disease Relations
Do PITPNC1 gene mutations increase the risk of Parkinson's disease?,"No, there are no significant mutations in the PITPNC1 gene associated with an increased risk of Parkinson's disease according to the largest European genome-wide meta-analysis of Parkinson's disease (Nalls et al., 2019).",SNP Disease Relations; Gene Disease Relations
Do ISG20L2 gene mutations increase the risk of Parkinson's disease?,"No, there are no significant mutations in the ISG20L2 gene associated with an increased risk of Parkinson's disease according to the largest European genome-wide meta-analysis of Parkinson's disease (Nalls et al., 2019).",SNP Disease Relations; Gene Disease Relations
Do MARS2 gene mutations increase the risk of Parkinson's disease?,"No, there are no significant mutations in the MARS2 gene associated with an increased risk of Parkinson's disease according to the largest European genome-wide meta-analysis of Parkinson's disease (Nalls et al., 2019).",SNP Disease Relations; Gene Disease Relations
Do NLRP1 gene mutations increase the risk of Parkinson's disease?,"No, there are no significant mutations in the NLRP1 gene associated with an increased risk of Parkinson's disease according to the largest European genome-wide meta-analysis of Parkinson's disease (Nalls et al., 2019).",SNP Disease Relations; Gene Disease Relations
Do LAPTM4A gene mutations increase the risk of Parkinson's disease?,"No, there are no significant mutations in the LAPTM4A gene associated with an increased risk of Parkinson's disease according to the largest European genome-wide meta-analysis of Parkinson's disease (Nalls et al., 2019).",SNP Disease Relations; Gene Disease Relations
Do CFAP65 gene mutations increase the risk of Parkinson's disease?,"No, there are no significant mutations in the CFAP65 gene associated with an increased risk of Parkinson's disease according to the largest European genome-wide meta-analysis of Parkinson's disease (Nalls et al., 2019).",SNP Disease Relations; Gene Disease Relations
What is the relevance of the gene NDUFS2 in Alzheimer's Disease using SMR calculations?,"There are 4 SNPs within NDUFS2 that are significant in Alzheimer's Disease:
• rs4379692
    • Whole Blood: Adjusted SMR multi-SNP P-value: 4.06e-09; HEIDI: 5.8351e-02
• rs1136224
    • Multi Ancestry Whole Brain: Adjusted SMR multi-SNP P-value: 7.05e-08; HEIDI: 1.73e-06
• rs33941127
    • Cortex: Adjusted SMR multi-SNP P-value: 6.50e-07; HEIDI: 2.2331e-01
• rs2070901
    • Whole Blood: Adjusted SMR multi-SNP P-value: 8.25e-07; HEIDI: 1.8770e-01
",SMR Gene Disease Relations
What is the relevance of the gene LRRC37A in Alzheimer's Disease using SMR calculations?,"There are 6 SNPs within LRRC37A that are significant in Alzheimer's Disease:
• rs2668632
    • Prefrontal Cortex: Adjusted SMR multi-SNP P-value: 1.23e-08; HEIDI: 4.0459e-03
• rs383241
    • Multi Ancestry Whole Brain: Adjusted SMR multi-SNP P-value: 6.75e-08; HEIDI: -1.00e+04
• rs2696466
    • Cortex: Adjusted SMR multi-SNP P-value: 9.23e-08; HEIDI: 6.3190e-01
• rs62062280
    • Whole Brain: Adjusted SMR multi-SNP P-value: 9.26e-08; HEIDI: 3.1260e-02
• rs7225002
    • Tibial Nerve: Adjusted SMR multi-SNP P-value: 2.39e-07; HEIDI: 4.4649e-01
• rs4510068
    • Cerebellum: Adjusted SMR multi-SNP P-value: 1.06e-06; HEIDI: 6.2624e-01
",SMR Gene Disease Relations
What is the relevance of the gene MAPT in Parkinson's Disease using SMR calculations?,"There are 36 SNPs within MAPT that are significant in Parkinson's Disease. Here are the top 10:
• rs570200944
    • Prefrontal Cortex: Adjusted SMR multi-SNP P-value: 9.25e-16; HEIDI: 2.6946e-03
• rs62055936
    • Multi Ancestry Whole Brain: Adjusted SMR multi-SNP P-value: 2.65e-15; HEIDI: -1.00e+04
• rs62063271
    • Whole Blood: Adjusted SMR multi-SNP P-value: 6.38e-15; HEIDI: 2.37e-06
• rs112572874
    • Whole Blood: Adjusted SMR multi-SNP P-value: 1.61e-14; HEIDI: 3.5579e-04
• rs62056790
    • Whole Blood: Adjusted SMR multi-SNP P-value: 1.86e-14; HEIDI: 1.63e-05
• rs112155389
    • Whole Blood: Adjusted SMR multi-SNP P-value: 3.70e-14; HEIDI: 1.3789e-04
• rs17652121
    • Whole Brain: Adjusted SMR multi-SNP P-value: 4.73e-14; HEIDI: 4.4160e-02
• rs10445338
    • Whole Brain: Adjusted SMR multi-SNP P-value: 5.08e-14; HEIDI: 2.0531e-03
• rs17689882
    • Whole Blood: Adjusted SMR multi-SNP P-value: 5.20e-14; HEIDI: 2.3688e-03
• rs111541901
    • Whole Blood: Adjusted SMR multi-SNP P-value: 5.20e-14; HEIDI: 7.4432e-04
",SMR Gene Disease Relations
What is the relevance of the gene PLEKHM1 in Progressive supranuclear palsy using SMR calculations?,"There are 3 SNPs within PLEKHM1 that are significant in Progressive supranuclear palsy:
• rs393152
    • Cerebellum: Adjusted SMR multi-SNP P-value: 8.31e-25; HEIDI: 1.70e-21
• rs11012
    • Whole Blood: Adjusted SMR multi-SNP P-value: 1.71e-22; HEIDI: 9.36e-09
• rs1981997
    • Multi Ancestry Whole Brain: Adjusted SMR multi-SNP P-value: 2.19e-22; HEIDI: 3.22e-34
",SMR Gene Disease Relations
What is the relevance of the gene SCFD1 in Amyotrophic Lateral Sclerosis using SMR calculations?,"There are 2 SNPs within SCFD1 that are significant in Amyotrophic Lateral Sclerosis:
• rs7144204
    • Whole Blood: Adjusted SMR multi-SNP P-value: 7.01e-07; HEIDI: 1.8172e-01
• rs229243
    • Multi Ancestry Whole Brain: Adjusted SMR multi-SNP P-value: 2.95e-06; HEIDI: 3.3799e-04
",SMR Gene Disease Relations
What is the relevance of the gene DND1P1 in Parkinson's Disease using SMR calculations?,"There are 8 SNPs within DND1P1 that are significant in Parkinson's Disease:
• rs55974014
    • Whole Blood: Adjusted SMR multi-SNP P-value: 4.33e-15; HEIDI: -1.00e+04
• rs199447
    • Whole Blood: Adjusted SMR multi-SNP P-value: 4.93e-15; HEIDI: 3.87e-06
• rs1724390
    • Whole Brain: Adjusted SMR multi-SNP P-value: 3.08e-13; HEIDI: 3.7537e-02
• rs575074983
    • Prefrontal Cortex: Adjusted SMR multi-SNP P-value: 3.82e-10; HEIDI: 5.31e-06
• rs113991678
    • Whole Blood: Adjusted SMR multi-SNP P-value: 3.91e-09; HEIDI: 2.7225e-02
• rs1724400
    • Cerebellar Hemisphere: Adjusted SMR multi-SNP P-value: 1.18e-08; HEIDI: 1.5096e-01
• rs4327090
    • Whole Brain: Adjusted SMR multi-SNP P-value: 6.22e-08; HEIDI: 2.7989e-01
• rs57213017
    • Whole Brain: Adjusted SMR multi-SNP P-value: 1.02e-07; HEIDI: -1.00e+04
",SMR Gene Disease Relations
What is the relevance of the gene MAPT in Alzheimer's Disease using SMR calculations?,"There are 13 SNPs within MAPT that are significant in Alzheimer's Disease. Here are the top 10:
• rs2532276
    • Prefrontal Cortex: Adjusted SMR multi-SNP P-value: 2.59e-08; HEIDI: 5.8909e-03
• rs55825513
    • Whole Brain: Adjusted SMR multi-SNP P-value: 1.52e-07; HEIDI: 1.2041e-04
• rs62055936
    • Multi Ancestry Whole Brain: Adjusted SMR multi-SNP P-value: 2.03e-07; HEIDI: -1.00e+04
• rs17689882
    • Whole Blood: Adjusted SMR multi-SNP P-value: 2.53e-07; HEIDI: 2.7233e-02
• rs111541901
    • Whole Blood: Adjusted SMR multi-SNP P-value: 2.69e-07; HEIDI: 7.3061e-02
• rs111751251
    • Whole Blood: Adjusted SMR multi-SNP P-value: 3.08e-07; HEIDI: 7.3187e-02
• rs62056790
    • Whole Blood: Adjusted SMR multi-SNP P-value: 3.12e-07; HEIDI: 9.0657e-02
• rs17650872
    • Whole Brain: Adjusted SMR multi-SNP P-value: 4.32e-07; HEIDI: 6.4037e-01
• rs2532233
    • Whole Blood: Adjusted SMR multi-SNP P-value: 4.34e-07; HEIDI: 4.9996e-01
• rs117646503
    • Whole Blood: Adjusted SMR multi-SNP P-value: 6.88e-07; HEIDI: 2.2072e-01
",SMR Gene Disease Relations
What is the relevance of the gene KAT8 in Alzheimer's Disease using SMR calculations?,"There are 6 SNPs within KAT8 that are significant in Alzheimer's Disease:
• rs4527034
    • Multi Ancestry Whole Brain: Adjusted SMR multi-SNP P-value: 1.14e-07; HEIDI: 2.20e-07
• rs1060506
    • Whole Blood: Adjusted SMR multi-SNP P-value: 1.78e-07; HEIDI: 1.4640e-01
• rs1978487
    • Whole Blood: Adjusted SMR multi-SNP P-value: 2.55e-07; HEIDI: 6.8569e-02
• rs4889619
    • Whole Brain: Adjusted SMR multi-SNP P-value: 2.80e-07; HEIDI: 1.3215e-01
• rs1978485
    • Whole Blood: Adjusted SMR multi-SNP P-value: 6.79e-07; HEIDI: 9.0896e-03
• rs12597511
    • Whole Brain: Adjusted SMR multi-SNP P-value: 1.45e-06; HEIDI: 2.6472e-01
",SMR Gene Disease Relations
What is the relevance of the gene MAPT-AS1 in Parkinson's Disease using SMR calculations?,"There are 16 SNPs within MAPT-AS1 that are significant in Parkinson's Disease. Here are the top 10:
• rs56280951
    • Whole Brain: Adjusted SMR multi-SNP P-value: 3.97e-15; HEIDI: 1.1501e-03
• rs78026984
    • Whole Blood: Adjusted SMR multi-SNP P-value: 1.19e-13; HEIDI: 1.05e-05
• rs113790915
    • Whole Blood: Adjusted SMR multi-SNP P-value: 1.28e-12; HEIDI: 1.2031e-04
• rs10445363
    • Whole Blood: Adjusted SMR multi-SNP P-value: 1.88e-12; HEIDI: 1.24e-05
• rs575074983
    • Prefrontal Cortex: Adjusted SMR multi-SNP P-value: 4.05e-12; HEIDI: 5.07e-05
• rs3785884
    • Whole Brain: Adjusted SMR multi-SNP P-value: 1.21e-11; HEIDI: 6.5292e-03
• rs169201
    • Whole Blood: Adjusted SMR multi-SNP P-value: 3.39e-10; HEIDI: 8.1973e-04
• rs62055937
    • Nucleus Accumbens Basal: Adjusted SMR multi-SNP P-value: 5.14e-10; HEIDI: 2.5861e-01
• rs62063845
    • Whole Brain: Adjusted SMR multi-SNP P-value: 1.18e-09; HEIDI: 1.0711e-03
• rs1879585
    • Skeletal Muscle: Adjusted SMR multi-SNP P-value: 4.80e-09; HEIDI: 8.3022e-02
",SMR Gene Disease Relations
What is the relevance of the gene PILRB in Alzheimer's Disease using SMR calculations?,"There are 6 SNPs within PILRB that are significant in Alzheimer's Disease:
• rs6955367
    • Whole Blood: Adjusted SMR multi-SNP P-value: 8.43e-16; HEIDI: 5.13e-05
• rs76798830
    • Cortex: Adjusted SMR multi-SNP P-value: 2.23e-10; HEIDI: 1.6901e-03
• rs2897358
    • Multi Ancestry Whole Brain: Adjusted SMR multi-SNP P-value: 1.21e-09; HEIDI: 6.5833e-02
• rs7799901
    • Whole Blood: Adjusted SMR multi-SNP P-value: 2.83e-09; HEIDI: 1.6475e-01
• rs6975660
    • Prefrontal Cortex: Adjusted SMR multi-SNP P-value: 1.82e-07; HEIDI: 9.66e-05
• rs112622797
    • Whole Blood: Adjusted SMR multi-SNP P-value: 9.46e-07; HEIDI: 1.7239e-03
",SMR Gene Disease Relations
What is the relevance of the gene CRHR1 in Progressive supranuclear palsy using SMR calculations?,"There are 6 SNPs within CRHR1 that are significant in Progressive supranuclear palsy:
• rs169201
    • Whole Blood: Adjusted SMR multi-SNP P-value: 2.92e-34; HEIDI: 1.46e-09
• rs393152
    • Cortex: Adjusted SMR multi-SNP P-value: 1.15e-20; HEIDI: 2.14e-17
• rs2074404
    • Whole Blood: Adjusted SMR multi-SNP P-value: 2.20e-20; HEIDI: 2.14e-05
• rs12373139
    • Whole Brain: Adjusted SMR multi-SNP P-value: 5.15e-18; HEIDI: 2.1913e-01
• rs8070723
    • Tibial Nerve: Adjusted SMR multi-SNP P-value: 3.87e-11; HEIDI: 1.41e-06
• rs173365
    • Whole Blood: Adjusted SMR multi-SNP P-value: 5.73e-08; HEIDI: 5.73e-05
",SMR Gene Disease Relations
What is the relevance of the gene RP11-798G7.8 in Progressive supranuclear palsy using SMR calculations?,"There are 6 SNPs within RP11-798G7.8 that are significant in Progressive supranuclear palsy:
• rs12373139
    • Skeletal Muscle: Adjusted SMR multi-SNP P-value: 1.35e-17; HEIDI: 5.00e-08
• rs11012
    • Whole Brain: Adjusted SMR multi-SNP P-value: 1.15e-13; HEIDI: 8.2545e-02
• rs1635291
    • Cerebellar Hemisphere: Adjusted SMR multi-SNP P-value: 9.85e-12; HEIDI: 8.57e-05
• rs7220988
    • Whole Blood: Adjusted SMR multi-SNP P-value: 9.97e-11; HEIDI: 8.27e-09
• rs1981997
    • Cerebellum: Adjusted SMR multi-SNP P-value: 5.99e-08; HEIDI: 3.6409e-03
• rs11869096
    • Liver: Adjusted SMR multi-SNP P-value: 3.85e-07; HEIDI: 2.8696e-02
",SMR Gene Disease Relations
What is the relevance of the gene NUP42 in Parkinson's Disease using SMR calculations?,"There are 2 SNPs within NUP42 that are significant in Parkinson's Disease:
• rs2286272
    • Cortex: Adjusted SMR multi-SNP P-value: 5.69e-08; HEIDI: 7.8191e-02
• rs10279691
    • Cerebellum: Adjusted SMR multi-SNP P-value: 8.87e-08; HEIDI: 7.1990e-02
",SMR Gene Disease Relations
What is the relevance of the gene C9orf72 in Amyotrophic Lateral Sclerosis using SMR calculations?,"There are 9 SNPs within C9orf72 that are significant in Amyotrophic Lateral Sclerosis:
• rs774358
    • Whole Blood: Adjusted SMR multi-SNP P-value: 6.69e-22; HEIDI: 2.80e-11
• rs1031153
    • Cortex: Adjusted SMR multi-SNP P-value: 3.69e-16; HEIDI: 8.69e-08
• rs2492816
    • Prefrontal Cortex: Adjusted SMR multi-SNP P-value: 1.79e-15; HEIDI: 4.87e-14
• rs13691
    • Cerebellum: Adjusted SMR multi-SNP P-value: 5.57e-12; HEIDI: 1.3769e-04
• rs2282241
    • Whole Blood: Adjusted SMR multi-SNP P-value: 1.86e-11; HEIDI: 7.97e-13
• rs10967976
    • Skeletal Muscle: Adjusted SMR multi-SNP P-value: 2.79e-11; HEIDI: 1.3086e-04
• rs3736321
    • Nucleus Accumbens Basal: Adjusted SMR multi-SNP P-value: 6.04e-11; HEIDI: 9.7205e-04
• rs9969832
    • Whole Blood: Adjusted SMR multi-SNP P-value: 6.71e-11; HEIDI: 6.8091e-01
• rs10967981
    • Whole Blood: Adjusted SMR multi-SNP P-value: 1.79e-07; HEIDI: 1.3189e-02
",SMR Gene Disease Relations
What is the relevance of the gene PICALM in Alzheimer's Disease using SMR calculations?,"There are 2 SNPs within PICALM that are significant in Alzheimer's Disease:
• rs7131120
    • Whole Blood: Adjusted SMR multi-SNP P-value: 5.34e-09; HEIDI: 4.21e-08
• rs604767
    • Whole Blood: Adjusted SMR multi-SNP P-value: 2.34e-07; HEIDI: 4.35e-08
",SMR Gene Disease Relations
What is the relevance of the gene LACTB in Alzheimer's Disease using SMR calculations?,"There are 4 SNPs within LACTB that are significant in Alzheimer's Disease:
• rs2729779
    • Whole Blood: Adjusted SMR multi-SNP P-value: 7.14e-08; HEIDI: 1.51e-08
• rs2652823
    • Multi Ancestry Whole Brain: Adjusted SMR multi-SNP P-value: 8.32e-08; HEIDI: 5.98e-07
• rs1472631
    • Skeletal Muscle: Adjusted SMR multi-SNP P-value: 3.18e-07; HEIDI: 3.6910e-02
• rs4775633
    • Cortex: Adjusted SMR multi-SNP P-value: 4.60e-07; HEIDI: 1.6101e-03
",SMR Gene Disease Relations
What is the relevance of the gene PRDM7 in Alzheimer's Disease using SMR calculations?,"There are 2 SNPs within PRDM7 that are significant in Alzheimer's Disease:
• rs34101249
    • Whole Brain: Adjusted SMR multi-SNP P-value: 7.20e-07; HEIDI: 1.8986e-01
• rs62054657
    • Whole Brain: Adjusted SMR multi-SNP P-value: 1.27e-06; HEIDI: 1.2372e-01
",SMR Gene Disease Relations
What is the relevance of the gene CRHR1-IT1 in Parkinson's Disease using SMR calculations?,"There are 18 SNPs within CRHR1-IT1 that are significant in Parkinson's Disease. Here are the top 10:
• rs2696532
    • Whole Blood: Adjusted SMR multi-SNP P-value: 6.78e-15; HEIDI: -1.00e+04
• rs62055888
    • Skeletal Muscle: Adjusted SMR multi-SNP P-value: 7.95e-15; HEIDI: -1.00e+04
• rs62056913
    • Multi Ancestry Whole Brain: Adjusted SMR multi-SNP P-value: 8.70e-15; HEIDI: -1.00e+04
• rs4564621
    • Tibial Nerve: Adjusted SMR multi-SNP P-value: 9.33e-15; HEIDI: -1.00e+04
• rs62056905
    • Caudate Basal Ganglia: Adjusted SMR multi-SNP P-value: 3.26e-12; HEIDI: 8.0630e-01
• rs9468
    • Nucleus Accumbens Basal: Adjusted SMR multi-SNP P-value: 7.60e-12; HEIDI: -1.00e+04
• rs56040418
    • Hippocampus: Adjusted SMR multi-SNP P-value: 9.21e-12; HEIDI: 9.2065e-01
• rs62063281
    • Putamen Basal Ganglia: Adjusted SMR multi-SNP P-value: 1.26e-11; HEIDI: 1.1322e-02
• rs77692262
    • Cortex: Adjusted SMR multi-SNP P-value: 2.30e-11; HEIDI: -1.00e+04
• rs4630591
    • Hypothalamus: Adjusted SMR multi-SNP P-value: 2.35e-11; HEIDI: 5.3332e-01
",SMR Gene Disease Relations
What is the relevance of the gene MS4A4A in Alzheimer's Disease using SMR calculations?,"There are 5 SNPs within MS4A4A that are significant in Alzheimer's Disease:
• rs1562990
    • Whole Blood: Adjusted SMR multi-SNP P-value: 4.70e-19; HEIDI: 1.1163e-02
• rs2017549
    • Whole Blood: Adjusted SMR multi-SNP P-value: 4.91e-11; HEIDI: 6.49e-19
• rs1947360
    • Whole Blood: Adjusted SMR multi-SNP P-value: 1.96e-10; HEIDI: 8.15e-12
• rs10750934
    • Cortex: Adjusted SMR multi-SNP P-value: 1.66e-08; HEIDI: 9.20e-09
• rs11230222
    • Multi Ancestry Whole Brain: Adjusted SMR multi-SNP P-value: 8.18e-08; HEIDI: 5.3438e-03
",SMR Gene Disease Relations
What is the relevance of the gene OARD1 in Alzheimer's Disease using SMR calculations?,"There are 2 SNPs within OARD1 that are significant in Alzheimer's Disease:
• rs4714423
    • Whole Blood: Adjusted SMR multi-SNP P-value: 7.88e-08; HEIDI: 7.3378e-04
• rs9394755
    • Whole Blood: Adjusted SMR multi-SNP P-value: 4.27e-07; HEIDI: 2.9516e-03
",SMR Gene Disease Relations
What is the relevance of the gene RIN3 in Alzheimer's Disease using SMR calculations?,"There are 2 SNPs within RIN3 that are significant in Alzheimer's Disease:
• rs17783630
    • Whole Blood: Adjusted SMR multi-SNP P-value: 3.93e-10; HEIDI: 6.0050e-04
• rs4904944
    • Cortex: Adjusted SMR multi-SNP P-value: 5.71e-07; HEIDI: 3.0720e-04
",SMR Gene Disease Relations
What is the relevance of the gene KANSL1 in Parkinson's Disease using SMR calculations?,"There are 31 SNPs within KANSL1 that are significant in Parkinson's Disease. Here are the top 10:
• rs12150087
    • Whole Brain: Adjusted SMR multi-SNP P-value: 8.11e-20; HEIDI: 9.0699e-03
• rs1966345
    • Whole Brain: Adjusted SMR multi-SNP P-value: 2.28e-19; HEIDI: 6.5228e-02
• rs2732615
    • Prefrontal Cortex: Adjusted SMR multi-SNP P-value: 1.93e-15; HEIDI: 1.6277e-04
• rs199447
    • Multi Ancestry Whole Brain: Adjusted SMR multi-SNP P-value: 5.39e-15; HEIDI: 1.8003e-04
• rs169201
    • Cortex: Adjusted SMR multi-SNP P-value: 8.23e-15; HEIDI: 1.58e-06
• rs2532233
    • Whole Blood: Adjusted SMR multi-SNP P-value: 1.02e-14; HEIDI: 2.99e-05
• rs571792649
    • Whole Brain: Adjusted SMR multi-SNP P-value: 1.08e-13; HEIDI: -1.00e+04
• rs17661015
    • Whole Brain: Adjusted SMR multi-SNP P-value: 1.86e-11; HEIDI: 1.8741e-01
• rs62060852
    • Whole Brain: Adjusted SMR multi-SNP P-value: 5.11e-11; HEIDI: 3.73e-06
• rs12951057
    • Whole Blood: Adjusted SMR multi-SNP P-value: 6.80e-11; HEIDI: 6.36e-11
",SMR Gene Disease Relations
What is the relevance of the gene POLR2E in Alzheimer's Disease using SMR calculations?,"There are 4 SNPs within POLR2E that are significant in Alzheimer's Disease:
• rs6843
    • Multi Ancestry Whole Brain: Adjusted SMR multi-SNP P-value: 5.17e-10; HEIDI: 1.1717e-04
• rs2238586
    • Cortex: Adjusted SMR multi-SNP P-value: 4.06e-09; HEIDI: 1.61e-08
• rs3787016
    • Whole Brain: Adjusted SMR multi-SNP P-value: 1.23e-07; HEIDI: 4.1720e-03
• rs11084882
    • Whole Blood: Adjusted SMR multi-SNP P-value: 1.97e-06; HEIDI: 3.2090e-01
",SMR Gene Disease Relations
What is the relevance of the gene KAT8 in Parkinson's Disease using SMR calculations?,"There are 12 SNPs within KAT8 that are significant in Parkinson's Disease. Here are the top 10:
• rs1060506
    • Whole Blood: Adjusted SMR multi-SNP P-value: 2.91e-09; HEIDI: 9.03e-05
• rs4527034
    • Multi Ancestry Whole Brain: Adjusted SMR multi-SNP P-value: 1.02e-08; HEIDI: 1.06e-10
• rs1978487
    • Whole Blood: Adjusted SMR multi-SNP P-value: 1.53e-08; HEIDI: 7.3158e-03
• rs9936329
    • Tibial Nerve: Adjusted SMR multi-SNP P-value: 3.76e-08; HEIDI: 6.9711e-02
• rs1978485
    • Whole Blood: Adjusted SMR multi-SNP P-value: 7.88e-08; HEIDI: 2.5086e-03
• rs9972727
    • Prefrontal Cortex: Adjusted SMR multi-SNP P-value: 8.64e-08; HEIDI: 3.5024e-03
• rs9925964
    • Skeletal Muscle: Adjusted SMR multi-SNP P-value: 1.57e-07; HEIDI: 5.3875e-02
• rs2855475
    • Cortex: Adjusted SMR multi-SNP P-value: 1.65e-07; HEIDI: 9.1701e-03
• rs12597511
    • Whole Brain: Adjusted SMR multi-SNP P-value: 1.84e-07; HEIDI: 4.5863e-02
• rs1549293
    • Cerebellum: Adjusted SMR multi-SNP P-value: 1.21e-06; HEIDI: 4.1075e-02
",SMR Gene Disease Relations
What is the relevance of the gene FAM215B in Parkinson's Disease using SMR calculations?,"There are 5 SNPs within FAM215B that are significant in Parkinson's Disease:
• rs3874943
    • Prefrontal Cortex: Adjusted SMR multi-SNP P-value: 4.32e-11; HEIDI: 2.65e-08
• rs55974014
    • Cerebellum: Adjusted SMR multi-SNP P-value: 1.45e-10; HEIDI: 1.3937e-02
• rs9896243
    • Cerebellar Hemisphere: Adjusted SMR multi-SNP P-value: 8.12e-09; HEIDI: 6.1615e-02
• rs7218567
    • Whole Brain: Adjusted SMR multi-SNP P-value: 2.53e-08; HEIDI: 4.3155e-03
• rs17698176
    • Whole Blood: Adjusted SMR multi-SNP P-value: 3.15e-08; HEIDI: 2.82e-09
",SMR Gene Disease Relations
What is the relevance of the gene PLEKHM1 in Parkinson's Disease using SMR calculations?,"There are 12 SNPs within PLEKHM1 that are significant in Parkinson's Disease. Here are the top 10:
• rs10451283
    • Multi Ancestry Whole Brain: Adjusted SMR multi-SNP P-value: 3.22e-13; HEIDI: -1.00e+04
• rs62065453
    • Cerebellum: Adjusted SMR multi-SNP P-value: 8.05e-13; HEIDI: -1.00e+04
• rs1991556
    • Cerebellum: Adjusted SMR multi-SNP P-value: 3.70e-12; HEIDI: -1.00e+04
• rs12947718
    • Skeletal Muscle: Adjusted SMR multi-SNP P-value: 7.76e-12; HEIDI: 3.5360e-02
• rs4383188
    • Cerebellar Hemisphere: Adjusted SMR multi-SNP P-value: 4.40e-11; HEIDI: -1.00e+04
• rs10445367
    • Cortex: Adjusted SMR multi-SNP P-value: 3.81e-09; HEIDI: 3.4718e-02
• rs79724577
    • Prefrontal Cortex: Adjusted SMR multi-SNP P-value: 5.90e-09; HEIDI: 1.5617e-02
• rs55663797
    • Whole Blood: Adjusted SMR multi-SNP P-value: 1.78e-08; HEIDI: 1.67e-09
• rs55925547
    • Cortex: Adjusted SMR multi-SNP P-value: 2.82e-08; HEIDI: 1.2079e-02
• rs79172804
    • Caudate Basal Ganglia: Adjusted SMR multi-SNP P-value: 2.22e-07; HEIDI: 4.6432e-02
",SMR Gene Disease Relations
What is the relevance of the gene RP11-259G18.2 in Progressive supranuclear palsy using SMR calculations?,"There are 2 SNPs within RP11-259G18.2 that are significant in Progressive supranuclear palsy:
• rs169201
    • Whole Blood: Adjusted SMR multi-SNP P-value: 2.48e-35; HEIDI: 7.02e-07
• rs1981997
    • Cerebellum: Adjusted SMR multi-SNP P-value: 4.56e-19; HEIDI: 1.11e-20
",SMR Gene Disease Relations
What is the relevance of the gene MTCH2 in Alzheimer's Disease using SMR calculations?,"There are 2 SNPs within MTCH2 that are significant in Alzheimer's Disease:
• rs17788853
    • Whole Brain: Adjusted SMR multi-SNP P-value: 8.06e-08; HEIDI: -1.00e+04
• rs143001834
    • Whole Blood: Adjusted SMR multi-SNP P-value: 2.94e-06; HEIDI: 9.4762e-03
",SMR Gene Disease Relations
What is the relevance of the gene WDR18 in Alzheimer's Disease using SMR calculations?,"There are 2 SNPs within WDR18 that are significant in Alzheimer's Disease:
• rs2365709
    • Whole Blood: Adjusted SMR multi-SNP P-value: 8.02e-12; HEIDI: 9.4913e-03
• rs2240149
    • Multi Ancestry Whole Brain: Adjusted SMR multi-SNP P-value: 4.87e-07; HEIDI: 1.0819e-03
",SMR Gene Disease Relations
What is the relevance of the gene FMNL1 in Parkinson's Disease using SMR calculations?,"There are 3 SNPs within FMNL1 that are significant in Parkinson's Disease:
• rs62063276
    • Multi Ancestry Whole Brain: Adjusted SMR multi-SNP P-value: 1.99e-11; HEIDI: -1.00e+04
• rs12150464
    • Cerebellum: Adjusted SMR multi-SNP P-value: 2.16e-10; HEIDI: -1.00e+04
• rs62062283
    • Cerebellar Hemisphere: Adjusted SMR multi-SNP P-value: 8.61e-10; HEIDI: -1.00e+04
",SMR Gene Disease Relations
What is the relevance of the gene KIF1C in Alzheimer's Disease using SMR calculations?,"There are 2 SNPs within KIF1C that are significant in Alzheimer's Disease:
• rs3786046
    • Whole Blood: Adjusted SMR multi-SNP P-value: 5.98e-08; HEIDI: 6.7558e-03
• rs72835012
    • Whole Blood: Adjusted SMR multi-SNP P-value: 2.86e-06; HEIDI: 1.0865e-01
",SMR Gene Disease Relations
What is the relevance of the gene GEMIN7 in Alzheimer's Disease using SMR calculations?,"There are 2 SNPs within GEMIN7 that are significant in Alzheimer's Disease:
• rs10409232
    • Whole Blood: Adjusted SMR multi-SNP P-value: 3.48e-12; HEIDI: 1.13e-10
• rs3178166
    • Multi Ancestry Whole Brain: Adjusted SMR multi-SNP P-value: 6.61e-08; HEIDI: 8.98e-08
",SMR Gene Disease Relations
What is the relevance of the gene SLC24A4 in Alzheimer's Disease using SMR calculations?,"There are 2 SNPs within SLC24A4 that are significant in Alzheimer's Disease:
• rs17783630
    • Whole Blood: Adjusted SMR multi-SNP P-value: 6.53e-11; HEIDI: 6.4723e-04
• rs61977309
    • Whole Blood: Adjusted SMR multi-SNP P-value: 3.35e-09; HEIDI: 1.9009e-03
",SMR Gene Disease Relations
What is the relevance of the gene AC073842.19 in Alzheimer's Disease using SMR calculations?,"There are 2 SNPs within AC073842.19 that are significant in Alzheimer's Disease:
• rs11771139
    • Whole Blood: Adjusted SMR multi-SNP P-value: 4.12e-13; HEIDI: 6.12e-05
• rs11505847
    • Whole Brain: Adjusted SMR multi-SNP P-value: 6.02e-11; HEIDI: 6.1868e-03
",SMR Gene Disease Relations
What is the relevance of the gene TAS2R60 in Alzheimer's Disease using SMR calculations?,"There are 2 SNPs within TAS2R60 that are significant in Alzheimer's Disease:
• rs11769559
    • Whole Blood: Adjusted SMR multi-SNP P-value: 1.80e-10; HEIDI: 1.1049e-01
• rs11771145
    • Whole Blood: Adjusted SMR multi-SNP P-value: 1.52e-09; HEIDI: 2.3818e-01
",SMR Gene Disease Relations
What is the relevance of the gene PLAC9 in Alzheimer's Disease using SMR calculations?,"There are 3 SNPs within PLAC9 that are significant in Alzheimer's Disease:
• rs745182
    • Whole Blood: Adjusted SMR multi-SNP P-value: 1.90e-07; HEIDI: 7.8346e-04
• rs2789698
    • Whole Blood: Adjusted SMR multi-SNP P-value: 4.39e-07; HEIDI: 1.5686e-03
• rs2784768
    • Whole Blood: Adjusted SMR multi-SNP P-value: 1.14e-06; HEIDI: 2.8044e-03
",SMR Gene Disease Relations
What is the relevance of the gene LRRC37A4P in Progressive supranuclear palsy using SMR calculations?,"There are 3 SNPs within LRRC37A4P that are significant in Progressive supranuclear palsy:
• rs11012
    • Multi Ancestry Whole Brain: Adjusted SMR multi-SNP P-value: 4.48e-39; HEIDI: 4.01e-41
• rs12373139
    • Whole Blood: Adjusted SMR multi-SNP P-value: 4.92e-35; HEIDI: 9.30e-26
• rs1981997
    • Cortex: Adjusted SMR multi-SNP P-value: 2.28e-21; HEIDI: 5.43e-26
",SMR Gene Disease Relations
What is the relevance of the gene SETD1A in Parkinson's Disease using SMR calculations?,"There are 3 SNPs within SETD1A that are significant in Parkinson's Disease:
• rs7206511
    • Whole Blood: Adjusted SMR multi-SNP P-value: 7.31e-09; HEIDI: 4.2541e-01
• rs11150601
    • Whole Brain: Adjusted SMR multi-SNP P-value: 3.40e-07; HEIDI: 8.54e-05
• rs12934900
    • Multi Ancestry Whole Brain: Adjusted SMR multi-SNP P-value: 1.94e-06; HEIDI: 3.80e-10
",SMR Gene Disease Relations
"Based on Anterior Cingulate Cortex BA24 eQTL data, what is the top SNP in PLEKHM1 that is associated with Progressive supranuclear palsy (PSP), and what is its adjusted SMR p-value?","PLEKHM1's most significantly associated SNP with Progressive supranuclear palsy in the Anterior Cingulate Cortex BA24 eQTL is rs11012, with adjusted SMR multi-SNP P-value of 8.50e-08 and a HEIDI value of 4.8750e-01.",Tissue; SMR SNP Disease Relations; SMR Gene Disease Relations
"Based on Multi Ancestry Whole Brain Meta-analysis eQTL data, what is the top SNP in KANSL1-AS1 that is associated with Parkinson's Disease (PD), and what is its adjusted SMR p-value?","KANSL1-AS1's most significantly associated SNP with Parkinson's Disease in the Multi Ancestry Whole Brain Meta-analysis eQTL is rs55974014, with adjusted SMR multi-SNP P-value of 5.69e-16 and a HEIDI value of 1.4916e-02.",Tissue; SMR SNP Disease Relations; SMR Gene Disease Relations
"Based on Multi Ancestry Whole Brain Meta-analysis eQTL data, what is the top SNP in ARHGAP27 that is associated with Alzheimer's Disease (AD), and what is its adjusted SMR p-value?","ARHGAP27's most significantly associated SNP with Alzheimer's Disease in the Multi Ancestry Whole Brain Meta-analysis eQTL is rs62065394, with adjusted SMR multi-SNP P-value of 2.90e-06 and a HEIDI value of 1.9944e-01.",Tissue; SMR SNP Disease Relations; SMR Gene Disease Relations
"Based on Whole Brain meta-analysis mQTL data, what is the top SNP in REXO1 that is associated with Alzheimer's Disease (AD), and what is its adjusted SMR p-value?","REXO1's most significantly associated SNP with Alzheimer's Disease in the Whole Brain meta-analysis mQTL is rs12976128, with adjusted SMR multi-SNP P-value of 1.23e-06 and a HEIDI value of 1.0811e-02.",Tissue; SMR SNP Disease Relations; SMR Gene Disease Relations
"Based on Nucleus Accumbens Basal Ganglia data, what is the top SNP in ARHGAP27 that is associated with Parkinson's Disease (PD), and what is its adjusted SMR p-value?","ARHGAP27's most significantly associated SNP with Parkinson's Disease in the Nucleus Accumbens Basal Ganglia is rs753236, with adjusted SMR multi-SNP P-value of 3.65e-10 and a HEIDI value of 9.4553e-01.",Tissue; SMR SNP Disease Relations; SMR Gene Disease Relations
"Based on Cerebellar Hemisphere eQTL data, what is the top SNP in RP11-259G18.2 that is associated with Alzheimer's Disease (AD), and what is its adjusted SMR p-value?","RP11-259G18.2's most significantly associated SNP with Alzheimer's Disease in the Cerebellar Hemisphere eQTL is rs17763086, with adjusted SMR multi-SNP P-value of 2.95e-06 and a HEIDI value of 7.1768e-01.",Tissue; SMR SNP Disease Relations; SMR Gene Disease Relations
"Based on Whole Brain meta-analysis mQTL data, what is the top SNP in RP11-259G18.1 that is associated with Alzheimer's Disease (AD), and what is its adjusted SMR p-value?","RP11-259G18.1's most significantly associated SNP with Alzheimer's Disease in the Whole Brain meta-analysis mQTL is rs62073157, with adjusted SMR multi-SNP P-value of 2.16e-06 and a HEIDI value of 4.2367e-01.",Tissue; SMR SNP Disease Relations; SMR Gene Disease Relations
"Based on Putamen Basal Ganglia eQTL data, what is the top SNP in CRHR1-IT1 that is associated with Parkinson's Disease (PD), and what is its adjusted SMR p-value?","CRHR1-IT1's most significantly associated SNP with Parkinson's Disease in the Putamen Basal Ganglia eQTL is rs62063281, with adjusted SMR multi-SNP P-value of 1.26e-11 and a HEIDI value of 1.1322e-02.",Tissue; SMR SNP Disease Relations; SMR Gene Disease Relations
"Based on Putamen Basal Ganglia eQTL data, what is the top SNP in RP11-707O23.5 that is associated with Parkinson's Disease (PD), and what is its adjusted SMR p-value?","RP11-707O23.5's most significantly associated SNP with Parkinson's Disease in the Putamen Basal Ganglia eQTL is rs56082319, with adjusted SMR multi-SNP P-value of 3.30e-11 and a HEIDI value of 7.2369e-01.",Tissue; SMR SNP Disease Relations; SMR Gene Disease Relations
"Based on Nucleus Accumbens Basal Ganglia data, what is the top SNP in KLHL7-AS1 that is associated with Parkinson's Disease (PD), and what is its adjusted SMR p-value?","KLHL7-AS1's most significantly associated SNP with Parkinson's Disease in the Nucleus Accumbens Basal Ganglia is rs6978827, with adjusted SMR multi-SNP P-value of 2.56e-07 and a HEIDI value of 2.6527e-02.",Tissue; SMR SNP Disease Relations; SMR Gene Disease Relations
"Based on Multi Ancestry Whole Brain Meta-analysis eQTL data, what is the top SNP in LRRC37A2 that is associated with Alzheimer's Disease (AD), and what is its adjusted SMR p-value?","LRRC37A2's most significantly associated SNP with Alzheimer's Disease in the Multi Ancestry Whole Brain Meta-analysis eQTL is rs2532329, with adjusted SMR multi-SNP P-value of 4.57e-08 and a HEIDI value of 9.4181e-01.",Tissue; SMR SNP Disease Relations; SMR Gene Disease Relations
"Based on Cerebellar Hemisphere eQTL data, what is the top SNP in RP11-259G18.3 that is associated with Alzheimer's Disease (AD), and what is its adjusted SMR p-value?","RP11-259G18.3's most significantly associated SNP with Alzheimer's Disease in the Cerebellar Hemisphere eQTL is rs55974014, with adjusted SMR multi-SNP P-value of 2.83e-06 and a HEIDI value of 7.6071e-01.",Tissue; SMR SNP Disease Relations; SMR Gene Disease Relations
"Based on Whole Blood eQTL eQTLgen data, what is the top SNP in RP11-120K18.3 that is associated with Parkinson's Disease (PD), and what is its adjusted SMR p-value?","RP11-120K18.3's most significantly associated SNP with Parkinson's Disease in the Whole Blood eQTL eQTLgen is rs11150614, with adjusted SMR multi-SNP P-value of 3.67e-07 and a HEIDI value of 1.2762e-01.",Tissue; SMR SNP Disease Relations; SMR Gene Disease Relations
"Based on Anterior Cingulate Cortex BA24 eQTL data, what is the top SNP in RP11-259G18.2 that is associated with Alzheimer's Disease (AD), and what is its adjusted SMR p-value?","RP11-259G18.2's most significantly associated SNP with Alzheimer's Disease in the Anterior Cingulate Cortex BA24 eQTL is rs199533, with adjusted SMR multi-SNP P-value of 2.51e-06 and a HEIDI value of 4.5664e-01.",Tissue; SMR SNP Disease Relations; SMR Gene Disease Relations
"Based on Caudate Basal Ganglia eQTL data, what is the top SNP in RP11-259G18.3 that is associated with Parkinson's Disease (PD), and what is its adjusted SMR p-value?","RP11-259G18.3's most significantly associated SNP with Parkinson's Disease in the Caudate Basal Ganglia eQTL is rs55974014, with adjusted SMR multi-SNP P-value of 1.39e-12 and a HEIDI value of 2.2080e-01.",Tissue; SMR SNP Disease Relations; SMR Gene Disease Relations
"Based on Putamen Basal Ganglia eQTL data, what is the top SNP in NSFP1 that is associated with Progressive supranuclear palsy (PSP), and what is its adjusted SMR p-value?","NSFP1's most significantly associated SNP with Progressive supranuclear palsy in the Putamen Basal Ganglia eQTL is rs17692129, with adjusted SMR multi-SNP P-value of 1.45e-11 and a HEIDI value of 3.9510e-01.",Tissue; SMR SNP Disease Relations; SMR Gene Disease Relations
"Based on Multi Ancestry Whole Brain Meta-analysis eQTL data, what is the top SNP in LRRC37A2 that is associated with Parkinson's Disease (PD), and what is its adjusted SMR p-value?","LRRC37A2's most significantly associated SNP with Parkinson's Disease in the Multi Ancestry Whole Brain Meta-analysis eQTL is rs2532329, with adjusted SMR multi-SNP P-value of 1.22e-15 and a HEIDI value of 4.8412e-01.",Tissue; SMR SNP Disease Relations; SMR Gene Disease Relations
How many genes does the drug Halothane target and what are they?,"There are 23 gene targets for the drug Halothane: GABRA1, GABRB2, GABRG2, GABRB3, GABRA4, GABRG3, GABRQ, GABRA3, GABRP, GABRD, GABRG1, GABRB1, GABRE, GABRA2, GABRA5, GABRA6, KCNK9, KCNK2, KCNK10, KCNK3, KCNK18, GLRA1, and GLRB.",Drug Gene Relations
How many genes does the drug Troxacitabine target and what are they?,"The drug Troxacitabine is not approved by the FDA. However, it is currently undergoing clinical trials and indicated to target 11 genes: POLA1, POLD4, POLD3, POLD1, POLD2, POLE, POLA2, PRIM1, PRIM2, POLE2, and POLE3.",Drug Gene Relations
How many genes does the drug Acamprosate Calcium target and what are they?,"There are 23 gene targets for the drug Acamprosate Calcium: GABRA1, GABRB2, GABRG2, GABRB3, GABRA4, GABRG3, GABRQ, GABRA3, GABRP, GABRD, GABRG1, GABRB1, GABRE, GABRA2, GABRA5, GABRA6, GRIN1, GRIN2A, GRIN2B, GRIN2D, GRIN3B, GRIN2C, and GRIN3A.",Drug Gene Relations
How many genes does the drug Lorediplon target and what are they?,"The drug Lorediplon is not approved by the FDA. However, it is currently undergoing clinical trials and indicated to target 16 genes: GABRA1, GABRB2, GABRG2, GABRB3, GABRA4, GABRG3, GABRQ, GABRA3, GABRP, GABRD, GABRG1, GABRB1, GABRE, GABRA2, GABRA5, and GABRA6.",Drug Gene Relations
How many genes does the drug Dactolisib target and what are they?,"The drug Dactolisib is not approved by the FDA. However, it is currently undergoing clinical trials and indicated to target 9 genes: PIK3R1, PIK3CB, PIK3CG, PIK3CA, PIK3R2, PIK3CD, PIK3R5, PIK3R3, and MTOR.",Drug Gene Relations
How many genes does the drug At-7519 target and what are they?,"The drug At-7519 is not approved by the FDA. However, it is currently undergoing clinical trials and indicated to target 20 genes: CDK1, CDK4, CDK2, CDK5, CDK6, CDK7, CDK3, CDK16, CDK18, CDK8, CDK17, CDK11B, CDK15, CDK19, CDK14, CDK9, CDK10, CDK13, CDK20, and CDK12.",Drug Gene Relations
How many genes does the drug Bepridil target and what are they?,"There are 26 gene targets for the drug Bepridil: CACNA1H, CACNA2D1, CACNA1C, CACNA2D3, CACNA1S, CACNA2D2, CACNA1D, CACNA1A, CACNA1B, CACNA1G, CACNA2D4, CACNA1I, CACNA1F, CACNA1E, CACNB4, CACNB2, CACNB1, CACNB3, CACNG7, CACNG5, CACNG2, CACNG4, CACNG8, CACNG3, CACNG6, and CACNG1.",Drug Gene Relations
"What is the genetic target of the small molecule drug Procainamide Hydrochloride, and what is its status in clinical trials and FDA approval?","There are 10 genetic targets of the small molecule drug Procainamide Hydrochloride: SCN1A, SCN5A, SCN4A, SCN7A, SCN2A, SCN9A, SCN3A, SCN11A, SCN8A, and SCN10A. Procainamide Hydrochloride reached phase 4 clinical trials meaning it has been approved by the FDA.",Drug Meta; Drug Gene Relations
"What is the genetic target of the small molecule drug Amiloride Hydrochloride, and what is its status in clinical trials and FDA approval?","There are 3 genetic targets of the small molecule drug Amiloride Hydrochloride: SCNN1A, SCNN1B, and SCNN1G. Amiloride Hydrochloride reached phase 4 clinical trials meaning it has been approved by the FDA.",Drug Meta; Drug Gene Relations
"What is the genetic target of the small molecule drug Cisatracurium Besylate, and what is its status in clinical trials and FDA approval?","There are 5 genetic targets of the small molecule drug Cisatracurium Besylate: CHRNA1, CHRNG, CHRNB1, CHRND, and CHRNE. Cisatracurium Besylate reached phase 4 clinical trials meaning it has been approved by the FDA.",Drug Meta; Drug Gene Relations
"What is the genetic target of the small molecule drug Benzphetamine Hydrochloride, and what is its status in clinical trials and FDA approval?",There are 2 genetic targets of the small molecule drug Benzphetamine Hydrochloride: SLC6A2 and SLC18A2. Benzphetamine Hydrochloride reached phase 4 clinical trials meaning it has been approved by the FDA.,Drug Meta; Drug Gene Relations
"What is the genetic target of the small molecule drug Nintedanib Esylate, and what is its status in clinical trials and FDA approval?","There are 9 genetic targets of the small molecule drug Nintedanib Esylate: FLT1, FLT4, KDR, FGFR3, FGFR1, FGFR4, FGFR2, PDGFRB, and PDGFRA. Nintedanib Esylate reached phase 4 clinical trials meaning it has been approved by the FDA.",Drug Meta; Drug Gene Relations
"What is the genetic target of the small molecule drug Fosnetupitant Chloride Hydrochloride, and what is its status in clinical trials and FDA approval?",The genetic target of the small molecule drug Fosnetupitant Chloride Hydrochloride is TACR1. Fosnetupitant Chloride Hydrochloride reached phase 4 clinical trials meaning it has been approved by the FDA.,Drug Meta; Drug Gene Relations
"What is the genetic target of the small molecule drug Olanzapine Pamoate, and what is its status in clinical trials and FDA approval?","There are 5 genetic targets of the small molecule drug Olanzapine Pamoate: HTR2C, HTR2A, DRD2, DRD3, and DRD4. Olanzapine Pamoate reached phase 4 clinical trials meaning it has been approved by the FDA.",Drug Meta; Drug Gene Relations
"What is the genetic target of the protein drug Pasireotide Diaspartate, and what is its status in clinical trials and FDA approval?","There are 4 genetic targets of the protein drug Pasireotide Diaspartate: SSTR3, SSTR2, SSTR1, and SSTR5. Pasireotide Diaspartate reached phase 4 clinical trials meaning it has been approved by the FDA.",Drug Meta; Drug Gene Relations
"What is the genetic target of the protein drug Insulin Susp Protamine Zinc Purified Beef, and what is its status in clinical trials and FDA approval?",The genetic target of the protein drug Insulin Susp Protamine Zinc Purified Beef is INSR. Insulin Susp Protamine Zinc Purified Beef reached phase 4 clinical trials meaning it has been approved by the FDA.,Drug Meta; Drug Gene Relations
"What is the genetic target of the small molecule drug Ephedrine Sulfate, and what is its status in clinical trials and FDA approval?","There are 9 genetic targets of the small molecule drug Ephedrine Sulfate: ADRA1A, ADRA2A, ADRB1, ADRB2, ADRA2C, ADRA1D, ADRA1B, ADRA2B, and ADRB3. Ephedrine Sulfate reached phase 4 clinical trials meaning it has been approved by the FDA.",Drug Meta; Drug Gene Relations
"What is the genetic target of the small molecule drug Benzhydrocodone Hydrochloride, and what is its status in clinical trials and FDA approval?","There are 3 genetic targets of the small molecule drug Benzhydrocodone Hydrochloride: OPRK1, OPRD1, and OPRM1. Benzhydrocodone Hydrochloride reached phase 4 clinical trials meaning it has been approved by the FDA.",Drug Meta; Drug Gene Relations
"What is the genetic target of the small molecule drug Loxapine Succinate, and what is its status in clinical trials and FDA approval?","There are 5 genetic targets of the small molecule drug Loxapine Succinate: HTR2C, HTR2A, DRD2, DRD3, and DRD4. Loxapine Succinate reached phase 4 clinical trials meaning it has been approved by the FDA.",Drug Meta; Drug Gene Relations
"What is the genetic target of the small molecule drug Doxacurium Chloride, and what is its status in clinical trials and FDA approval?","There are 5 genetic targets of the small molecule drug Doxacurium Chloride: CHRNA1, CHRNG, CHRNB1, CHRND, and CHRNE. Doxacurium Chloride reached phase 4 clinical trials meaning it has been approved by the FDA.",Drug Meta; Drug Gene Relations
"What is the genetic target of the small molecule drug Clonidine Hydrochloride, and what is its status in clinical trials and FDA approval?","There are 3 genetic targets of the small molecule drug Clonidine Hydrochloride: ADRA2A, ADRA2C, and ADRA2B. Clonidine Hydrochloride reached phase 4 clinical trials meaning it has been approved by the FDA.",Drug Meta; Drug Gene Relations
"What is the genetic target of the small molecule drug Nefazodone Hydrochloride, and what is its status in clinical trials and FDA approval?","There are 4 genetic targets of the small molecule drug Nefazodone Hydrochloride: HTR2A, HTR2C, SLC6A4, and SLC6A2. Nefazodone Hydrochloride reached phase 4 clinical trials meaning it has been approved by the FDA.",Drug Meta; Drug Gene Relations
"What is the genetic target of the small molecule drug Lanatoside C, and what is its status in clinical trials and FDA approval?","There are 8 genetic targets of the small molecule drug Lanatoside C: ATP1A1, ATP1B2, ATP1B1, ATP1A2, ATP1B3, ATP1A3, ATP1A4, and FXYD2. Lanatoside C reached phase 4 clinical trials meaning it has been approved by the FDA.",Drug Meta; Drug Gene Relations
"What is the genetic target of the small molecule drug Mecamylamine Hydrochloride, and what is its status in clinical trials and FDA approval?",There are 2 genetic targets of the small molecule drug Mecamylamine Hydrochloride: CHRNB4 and CHRNA3. Mecamylamine Hydrochloride reached phase 4 clinical trials meaning it has been approved by the FDA.,Drug Meta; Drug Gene Relations
"What is the genetic target of the small molecule drug Fingolimod Lauryl Sulfate, and what is its status in clinical trials and FDA approval?","There are 5 genetic targets of the small molecule drug Fingolimod Lauryl Sulfate: S1PR5, S1PR2, S1PR4, S1PR3, and S1PR1. Fingolimod Lauryl Sulfate reached phase 4 clinical trials meaning it has been approved by the FDA.",Drug Meta; Drug Gene Relations
"What is the genetic target of the small molecule drug Samotolisib, and what is its status in clinical trials and FDA approval?","There are 9 genetic targets of the small molecule drug Samotolisib: MTOR, PIK3R1, PIK3CB, PIK3CG, PIK3CA, PIK3R2, PIK3CD, PIK3R5, and PIK3R3. Samotolisib reached phase 2 clinical trials but is not approved by the FDA for treatment of any disease.",Drug Meta; Drug Gene Relations
"What is the genetic target of the oligonucleotide drug Cofirasersen, and what is its status in clinical trials and FDA approval?","There are 3 genetic targets of the oligonucleotide drug Cofirasersen: SCNN1G, SCNN1A, and SCNN1B. Cofirasersen reached phase 2 clinical trials but is not approved by the FDA for treatment of any disease.",Drug Meta; Drug Gene Relations
"What is the genetic target of the small molecule drug Mephenytoin, and what is its status in clinical trials and FDA approval?","There are 10 genetic targets of the small molecule drug Mephenytoin: SCN1A, SCN5A, SCN4A, SCN7A, SCN2A, SCN9A, SCN3A, SCN11A, SCN8A, and SCN10A. Mephenytoin reached phase 4 clinical trials meaning it has been approved by the FDA.",Drug Meta; Drug Gene Relations
"What is the genetic target of the antibody drug Vantictumab, and what is its status in clinical trials and FDA approval?","There are 5 genetic targets of the antibody drug Vantictumab: FZD2, FZD7, FZD1, FZD5, and FZD8. Vantictumab reached phase 1 clinical trials but is not approved by the FDA for treatment of any disease.",Drug Meta; Drug Gene Relations
"What is the genetic target of the small molecule drug Diltiazem Hydrochloride, and what is its status in clinical trials and FDA approval?","There are 4 genetic targets of the small molecule drug Diltiazem Hydrochloride: CACNA1C, CACNA1S, CACNA1D, and CACNA1F. Diltiazem Hydrochloride reached phase 4 clinical trials meaning it has been approved by the FDA.",Drug Meta; Drug Gene Relations
"What is the genetic target of the small molecule drug Mephentermine Sulfate, and what is its status in clinical trials and FDA approval?","There are 9 genetic targets of the small molecule drug Mephentermine Sulfate: ADRA1A, ADRA2A, ADRB1, ADRB2, ADRA2C, ADRA1D, ADRA1B, ADRA2B, and ADRB3. Mephentermine Sulfate reached phase 4 clinical trials meaning it has been approved by the FDA.",Drug Meta; Drug Gene Relations
"What is the genetic target of the small molecule drug Nilotinib Hydrochloride Monohydrate, and what is its status in clinical trials and FDA approval?",There are 2 genetic targets of the small molecule drug Nilotinib Hydrochloride Monohydrate: ABL1 and BCR. Nilotinib Hydrochloride Monohydrate reached phase 4 clinical trials meaning it has been approved by the FDA.,Drug Meta; Drug Gene Relations
"What is the genetic target of the small molecule drug Sodium Dichloroacetate, and what is its status in clinical trials and FDA approval?","There are 4 genetic targets of the small molecule drug Sodium Dichloroacetate: PDK2, PDK3, PDK4, and PDK1. Sodium Dichloroacetate reached phase 4 clinical trials meaning it has been approved by the FDA.",Drug Meta; Drug Gene Relations
"What is the genetic target of the small molecule drug Av-101, and what is its status in clinical trials and FDA approval?","There are 7 genetic targets of the small molecule drug Av-101: GRIN1, GRIN2A, GRIN2B, GRIN2D, GRIN3B, GRIN2C, and GRIN3A. Av-101 reached phase 2 clinical trials but is not approved by the FDA for treatment of any disease.",Drug Meta; Drug Gene Relations
"What is the genetic target of the small molecule drug Amantadine Hydrochloride, and what is its status in clinical trials and FDA approval?","There are 7 genetic targets of the small molecule drug Amantadine Hydrochloride: GRIN1, GRIN2A, GRIN2B, GRIN2D, GRIN3B, GRIN2C, and GRIN3A. Amantadine Hydrochloride reached phase 4 clinical trials meaning it has been approved by the FDA.",Drug Meta; Drug Gene Relations
"What is the genetic target of the small molecule drug Phentolamine Mesylate, and what is its status in clinical trials and FDA approval?","There are 6 genetic targets of the small molecule drug Phentolamine Mesylate: ADRA1A, ADRA2A, ADRA2C, ADRA1D, ADRA1B, and ADRA2B. Phentolamine Mesylate reached phase 4 clinical trials meaning it has been approved by the FDA.",Drug Meta; Drug Gene Relations
"What is the genetic target of the small molecule drug Merethoxylline Procaine, and what is its status in clinical trials and FDA approval?","There are 10 genetic targets of the small molecule drug Merethoxylline Procaine: SCN1A, SCN5A, SCN4A, SCN7A, SCN2A, SCN9A, SCN3A, SCN11A, SCN8A, and SCN10A. Merethoxylline Procaine reached phase 4 clinical trials meaning it has been approved by the FDA.",Drug Meta; Drug Gene Relations
"What is the genetic target of the small molecule drug Dyclonine, and what is its status in clinical trials and FDA approval?","There are 10 genetic targets of the small molecule drug Dyclonine: SCN1A, SCN5A, SCN4A, SCN7A, SCN2A, SCN9A, SCN3A, SCN11A, SCN8A, and SCN10A. Dyclonine reached phase 4 clinical trials meaning it has been approved by the FDA.",Drug Meta; Drug Gene Relations
"What is the genetic target of the small molecule drug Tofimilast, and what is its status in clinical trials and FDA approval?","There are 4 genetic targets of the small molecule drug Tofimilast: PDE4A, PDE4D, PDE4B, and PDE4C. Tofimilast reached phase 2 clinical trials but is not approved by the FDA for treatment of any disease.",Drug Meta; Drug Gene Relations
"What is the genetic target of the small molecule drug Phenoxybenzamine Hydrochloride, and what is its status in clinical trials and FDA approval?","There are 6 genetic targets of the small molecule drug Phenoxybenzamine Hydrochloride: ADRA1A, ADRA2A, ADRA2C, ADRA1D, ADRA1B, and ADRA2B. Phenoxybenzamine Hydrochloride reached phase 4 clinical trials meaning it has been approved by the FDA.",Drug Meta; Drug Gene Relations
What genes does Perampanel target when it's used to treat post-traumatic stress disorder?,"Perampanel has not been approved by the FDA as a treatment for post-traumatic stress disorder, but it is currently undergoing evaluation in clinical trials for this purpose. The proposed gene targets are GRIA4, GRIA3, GRIA2, and GRIA1.",Drug Disease Relations; Drug Gene Relations
What genes does Gemcitabine Hydrochloride target when it's used to treat liver cancer?,"Gemcitabine Hydrochloride has not been approved by the FDA as a treatment for liver cancer, but it is currently undergoing evaluation in clinical trials for this purpose. The proposed gene targets are POLA1, POLD4, POLD3, POLD1, POLD2, POLE, POLA2, PRIM1, PRIM2, POLE2, POLE3, RRM1, RRM2B, and RRM2.",Drug Disease Relations; Drug Gene Relations
What genes does Topotecan target when it's used to treat malignant epithelial tumor of ovary?,"Topotecan has not been approved by the FDA as a treatment for malignant epithelial tumor of ovary, but it is currently undergoing evaluation in clinical trials for this purpose. The proposed gene target is TOP1MT.",Drug Disease Relations; Drug Gene Relations
What genes does Dexamethasone target when it's used to treat Henoch-Schoenlein purpura?,"Dexamethasone has not been approved by the FDA as a treatment for Henoch-Schoenlein purpura, but it is currently undergoing evaluation in clinical trials for this purpose. The proposed gene target is NR3C1.",Drug Disease Relations; Drug Gene Relations
What genes does Prednisone target when it's used to treat acute myeloid leukemia?,"Prednisone has not been approved by the FDA as a treatment for acute myeloid leukemia, but it is currently undergoing evaluation in clinical trials for this purpose. The proposed gene target is NR3C1.",Drug Disease Relations; Drug Gene Relations
What genes does Paclitaxel target when it's used to treat penile cancer?,"Paclitaxel has not been approved by the FDA as a treatment for penile cancer, but it is currently undergoing evaluation in clinical trials for this purpose. The proposed gene targets are TUBB4B, TUBB1, TUBA3C, TUBA4A, TUBB3, TUBA1A, TUBB4A, TUBB8, TUBB, TUBA1B, TUBA1C, TUBA3E, TUBB2A, TUBB2B, and TUBB6.",Drug Disease Relations; Drug Gene Relations
What genes does Amisulpride target when it's used to treat Nausea and vomiting?,"When used to treat Nausea and vomiting, the drug Amisulpride targets the genes HTR2C, DRD2, DRD3, HTR2A, HTR3A, HTR1A, HTR3E, HTR3B, HTR3D, HTR3C, HTR4, HTR1F, HTR2B, HTR1B, HTR1D, HTR1E, HTR7, HTR6, and HTR5A.",Drug Disease Relations; Drug Gene Relations
What genes does Crizotinib target when it's used to treat papillary renal cell carcinoma?,"Crizotinib has not been approved by the FDA as a treatment for papillary renal cell carcinoma, but it is currently undergoing evaluation in clinical trials for this purpose. The proposed gene targets are MET, ALK, EML4, and NPM1.",Drug Disease Relations; Drug Gene Relations
What genes does Abemaciclib target when it's used to treat malignant rhabdoid tumour?,"Abemaciclib has not been approved by the FDA as a treatment for malignant rhabdoid tumour, but it is currently undergoing evaluation in clinical trials for this purpose. The proposed gene targets are CDK4 and CDK6.",Drug Disease Relations; Drug Gene Relations
What genes does Halobetasol Propionate target when it's used to treat atopic eczema?,"Halobetasol Propionate has not been approved by the FDA as a treatment for atopic eczema, but it is currently undergoing evaluation in clinical trials for this purpose. The proposed gene target is NR3C1.",Drug Disease Relations; Drug Gene Relations
What genes does Riociguat target when it's used to treat cystic fibrosis?,"Riociguat has not been approved by the FDA as a treatment for cystic fibrosis, but it is currently undergoing evaluation in clinical trials for this purpose. The proposed gene targets are GUCY1B1, GUCY1B2, GUCY1A2, and GUCY1A1.",Drug Disease Relations; Drug Gene Relations
What genes does Brexanolone target when it's used to treat postpartum depression?,"When used to treat postpartum depression, the drug Brexanolone targets the genes GABRA1, GABRB2, GABRG2, GABRB3, GABRA4, GABRG3, GABRQ, GABRA3, GABRP, GABRD, GABRG1, GABRB1, GABRE, GABRA2, GABRA5, and GABRA6.",Drug Disease Relations; Drug Gene Relations
What genes does Methotrexate target when it's used to treat bone marrow failure syndrome?,"Methotrexate has not been approved by the FDA as a treatment for bone marrow failure syndrome, but it is currently undergoing evaluation in clinical trials for this purpose. The proposed gene target is DHFR.",Drug Disease Relations; Drug Gene Relations
What genes does Bortezomib target when it's used to treat Central Nervous System Neoplasm?,"Bortezomib has not been approved by the FDA as a treatment for Central Nervous System Neoplasm, but it is currently undergoing evaluation in clinical trials for this purpose. The proposed gene targets are PSMD1, PSMB2, PSMB1, PSMB5, PSMB8, PSMB9, PSMB6, PSMD14, PSMA1, PSMA2, PSMA3, PSMA4, PSMA5, PSMA6, PSMA7, PSMA8, PSMB10, PSMB11, PSMB3, PSMB4, PSMB7, ADRM1, PSMC2, PSMC1, PSMC4, PSMC6, PSMC3, PSMC5, PSMD2, PSMD3, PSMD12, PSMD11, PSMD6, PSMD7, PSMD13, PSMD4, PSMD8, and SEM1.",Drug Disease Relations; Drug Gene Relations
What genes does Risperidone target when it's used to treat major depressive disorder?,"Risperidone has not been approved by the FDA as a treatment for major depressive disorder, but it is currently undergoing evaluation in clinical trials for this purpose. The proposed gene targets are HTR2C, DRD2, and HTR2A.",Drug Disease Relations; Drug Gene Relations
What genes does Topiramate target when it's used to treat alcohol drinking?,"Topiramate has not been approved by the FDA as a treatment for alcohol drinking, but it is currently undergoing evaluation in clinical trials for this purpose. The proposed gene targets are SCN1A, SCN5A, SCN4A, SCN7A, SCN2A, SCN9A, SCN3A, SCN11A, SCN8A, SCN10A, CA2, CA4, GABRA1, GABRB2, GABRG2, GABRB3, GABRA4, GABRG3, GABRQ, GABRA3, GABRP, GABRD, GABRG1, GABRB1, GABRE, GABRA2, GABRA5, GABRA6, GRIK1, GRIK5, GRIK4, GRIK2, GRIK3, GRIA4, GRIA3, GRIA2, and GRIA1.",Drug Disease Relations; Drug Gene Relations
What genes does Pemetrexed Disodium target when it's used to treat Thymic Carcinoma?,"Pemetrexed Disodium has not been approved by the FDA as a treatment for Thymic Carcinoma, but it is currently undergoing evaluation in clinical trials for this purpose. The proposed gene targets are TYMS, GART, and DHFR.",Drug Disease Relations; Drug Gene Relations
What genes does Paclitaxel target when it's used to treat rectum cancer?,"Paclitaxel has not been approved by the FDA as a treatment for rectum cancer, but it is currently undergoing evaluation in clinical trials for this purpose. The proposed gene targets are TUBB4B, TUBB1, TUBA3C, TUBA4A, TUBB3, TUBA1A, TUBB4A, TUBB8, TUBB, TUBA1B, TUBA1C, TUBA3E, TUBB2A, TUBB2B, and TUBB6.",Drug Disease Relations; Drug Gene Relations
What genes does Lenalidomide target when it's used to treat bladder tumor?,"Lenalidomide has not been approved by the FDA as a treatment for bladder tumor, but it is currently undergoing evaluation in clinical trials for this purpose. The proposed gene targets are CRBN, DDB1, CUL4A, and RBX1.",Drug Disease Relations; Drug Gene Relations
What genes does Methylphenidate target when it's used to treat nicotine dependence?,"Methylphenidate has not been approved by the FDA as a treatment for nicotine dependence, but it is currently undergoing evaluation in clinical trials for this purpose. The proposed gene targets are SLC6A2 and SLC6A3.",Drug Disease Relations; Drug Gene Relations
What genes does Megestrol Acetate target when it's used to treat intraepithelial neoplasia?,"Megestrol Acetate has not been approved by the FDA as a treatment for intraepithelial neoplasia, but it is currently undergoing evaluation in clinical trials for this purpose. The proposed gene target is PGR.",Drug Disease Relations; Drug Gene Relations
What genes does Paclitaxel target when it's used to treat laryngeal squamous cell carcinoma?,"Paclitaxel has not been approved by the FDA as a treatment for laryngeal squamous cell carcinoma, but it is currently undergoing evaluation in clinical trials for this purpose. The proposed gene targets are TUBB4B, TUBB1, TUBA3C, TUBA4A, TUBB3, TUBA1A, TUBB4A, TUBB8, TUBB, TUBA1B, TUBA1C, TUBA3E, TUBB2A, TUBB2B, and TUBB6.",Drug Disease Relations; Drug Gene Relations
What genes does Cabozantinib S-Malate target when it's used to treat adrenal gland pheochromocytoma?,"Cabozantinib S-Malate has not been approved by the FDA as a treatment for adrenal gland pheochromocytoma, but it is currently undergoing evaluation in clinical trials for this purpose. The proposed gene targets are KDR and MET.",Drug Disease Relations; Drug Gene Relations
What genes does Gabapentin Enacarbil target when it's used to treat neuralgia?,"When used to treat neuralgia, the drug Gabapentin Enacarbil targets the genes CACNA1B, CACNA1C, CACNA1S, CACNA1D, CACNA1F, CACNA2D2, CACNA2D1, CACNA1H, CACNA1G, CACNA1I, CACNA1A, CACNA2D3, CACNA2D4, CACNA1E, CACNB4, CACNB2, CACNB1, CACNB3, CACNG7, CACNG5, CACNG2, CACNG4, CACNG8, CACNG3, CACNG6, and CACNG1.",Drug Disease Relations; Drug Gene Relations
What genes does Sorafenib target when it's used to treat kidney neoplasm?,"Sorafenib has not been approved by the FDA as a treatment for kidney neoplasm, but it is currently undergoing evaluation in clinical trials for this purpose. The proposed gene targets are KDR, BRAF, FLT1, FLT3, KIT, FLT4, PDGFRB, RAF1, and RET.",Drug Disease Relations; Drug Gene Relations
What genes does Gabapentin Enacarbil target when it's used to treat restless legs syndrome?,"When used to treat restless legs syndrome, the drug Gabapentin Enacarbil targets the genes CACNA1B, CACNA1C, CACNA1S, CACNA1D, CACNA1F, CACNA2D2, CACNA2D1, CACNA1H, CACNA1G, CACNA1I, CACNA1A, CACNA2D3, CACNA2D4, CACNA1E, CACNB4, CACNB2, CACNB1, CACNB3, CACNG7, CACNG5, CACNG2, CACNG4, CACNG8, CACNG3, CACNG6, and CACNG1.",Drug Disease Relations; Drug Gene Relations
What genes does Bortezomib target when it's used to treat multiple myeloma?,"When used to treat multiple myeloma, the drug Bortezomib targets the genes PSMD1, PSMB2, PSMB1, PSMB5, PSMB8, PSMB9, PSMB6, PSMD14, PSMA1, PSMA2, PSMA3, PSMA4, PSMA5, PSMA6, PSMA7, PSMA8, PSMB10, PSMB11, PSMB3, PSMB4, PSMB7, ADRM1, PSMC2, PSMC1, PSMC4, PSMC6, PSMC3, PSMC5, PSMD2, PSMD3, PSMD12, PSMD11, PSMD6, PSMD7, PSMD13, PSMD4, PSMD8, and SEM1.",Drug Disease Relations; Drug Gene Relations
What genes does Gemcitabine Hydrochloride target when it's used to treat non-small cell lung carcinoma?,"When used to treat non-small cell lung carcinoma, the drug Gemcitabine Hydrochloride targets the genes POLA1, POLD4, POLD3, POLD1, POLD2, POLE, POLA2, PRIM1, PRIM2, POLE2, POLE3, RRM1, RRM2B, and RRM2.",Drug Disease Relations; Drug Gene Relations
What genes does Lenvatinib target when it's used to treat Hodgkins lymphoma?,"Lenvatinib has not been approved by the FDA as a treatment for Hodgkins lymphoma, but it is currently undergoing evaluation in clinical trials for this purpose. The proposed gene targets are KDR, FLT1, and FLT4.",Drug Disease Relations; Drug Gene Relations
What genes does Levetiracetam target when it's used to treat photosensitive epilepsy?,"Levetiracetam has not been approved by the FDA as a treatment for photosensitive epilepsy, but it is currently undergoing evaluation in clinical trials for this purpose. The proposed gene targets are CACNA1B and SV2A.",Drug Disease Relations; Drug Gene Relations
What genes does Umbralisib Tosylate target when it's used to treat pancreatic carcinoma?,"Umbralisib Tosylate has not been approved by the FDA as a treatment for pancreatic carcinoma, but it is currently undergoing evaluation in clinical trials for this purpose. The proposed gene targets are ABL1, PIK3CD, and CSNK1E.",Drug Disease Relations; Drug Gene Relations
What genes does Nitroglycerin target when it's used to treat Raynaud disease?,"Nitroglycerin has not been approved by the FDA as a treatment for Raynaud disease, but it is currently undergoing evaluation in clinical trials for this purpose. The proposed gene targets are GUCY1B1, GUCY1B2, GUCY1A2, and GUCY1A1.",Drug Disease Relations; Drug Gene Relations
What genes does Naloxone target when it's used to treat drug dependence?,"Naloxone has not been approved by the FDA as a treatment for drug dependence, but it is currently undergoing evaluation in clinical trials for this purpose. The proposed gene targets are OPRM1, OPRK1, and OPRD1.",Drug Disease Relations; Drug Gene Relations
What genes does Lenvatinib target when it's used to treat glioma?,"Lenvatinib has not been approved by the FDA as a treatment for glioma, but it is currently undergoing evaluation in clinical trials for this purpose. The proposed gene targets are KDR, FLT1, and FLT4.",Drug Disease Relations; Drug Gene Relations
What genes does Ixazomib target when it's used to treat lymphoma?,"Ixazomib has not been approved by the FDA as a treatment for lymphoma, but it is currently undergoing evaluation in clinical trials for this purpose. The proposed gene targets are PSMD1, PSMB2, PSMB1, PSMB5, PSMB8, PSMB9, PSMB6, PSMD14, PSMA1, PSMA2, PSMA3, PSMA4, PSMA5, PSMA6, PSMA7, PSMA8, PSMB10, PSMB11, PSMB3, PSMB4, PSMB7, ADRM1, PSMC2, PSMC1, PSMC4, PSMC6, PSMC3, PSMC5, PSMD2, PSMD3, PSMD12, PSMD11, PSMD6, PSMD7, PSMD13, PSMD4, PSMD8, and SEM1.",Drug Disease Relations; Drug Gene Relations
What genes does Fingolimod Hydrochloride target when it's used to treat breast carcinoma?,"Fingolimod Hydrochloride has not been approved by the FDA as a treatment for breast carcinoma, but it is currently undergoing evaluation in clinical trials for this purpose. The proposed gene targets are S1PR5, S1PR2, S1PR4, S1PR3, and S1PR1.",Drug Disease Relations; Drug Gene Relations
What genes does Beclomethasone Dipropionate target when it's used to treat eosinophilic esophagitis?,"Beclomethasone Dipropionate has not been approved by the FDA as a treatment for eosinophilic esophagitis, but it is currently undergoing evaluation in clinical trials for this purpose. The proposed gene target is NR3C1.",Drug Disease Relations; Drug Gene Relations
What genes does Budesonide target when it's used to treat respiratory system disease?,"Budesonide has not been approved by the FDA as a treatment for respiratory system disease, but it is currently undergoing evaluation in clinical trials for this purpose. The proposed gene target is NR3C1.",Drug Disease Relations; Drug Gene Relations
What genes does Gabapentin target when it's used to treat epilepsy?,"When used to treat epilepsy, the drug Gabapentin targets the genes CACNA1B, CACNA1C, CACNA1S, CACNA1D, CACNA1F, CACNA2D2, CACNA2D1, CACNA1H, CACNA1G, CACNA1I, CACNA1A, CACNA2D3, CACNA2D4, CACNA1E, CACNB4, CACNB2, CACNB1, CACNB3, CACNG7, CACNG5, CACNG2, CACNG4, CACNG8, CACNG3, CACNG6, and CACNG1.",Drug Disease Relations; Drug Gene Relations
What genes does Ixazomib Citrate target when it's used to treat neoplasm?,"When used to treat neoplasm, the drug Ixazomib Citrate targets the genes PSMD1, PSMB2, PSMB1, PSMB5, PSMB8, PSMB9, PSMB6, PSMD14, PSMA1, PSMA2, PSMA3, PSMA4, PSMA5, PSMA6, PSMA7, PSMA8, PSMB10, PSMB11, PSMB3, PSMB4, PSMB7, ADRM1, PSMC2, PSMC1, PSMC4, PSMC6, PSMC3, PSMC5, PSMD2, PSMD3, PSMD12, PSMD11, PSMD6, PSMD7, PSMD13, PSMD4, PSMD8, and SEM1.",Drug Disease Relations; Drug Gene Relations
What genes does Bupivacaine Hydrochloride target when it's used to treat peritoneum cancer?,"Bupivacaine Hydrochloride has not been approved by the FDA as a treatment for peritoneum cancer, but it is currently undergoing evaluation in clinical trials for this purpose. The proposed gene target is SCN4A.",Drug Disease Relations; Drug Gene Relations
What genes does Metformin Hydrochloride target when it's used to treat ovarian serous cystadenocarcinoma?,"Metformin Hydrochloride has not been approved by the FDA as a treatment for ovarian serous cystadenocarcinoma, but it is currently undergoing evaluation in clinical trials for this purpose. The proposed gene targets are MT-ND6, NDUFA10, NDUFS8, MT-ND4L, NDUFA6, MT-ND1, NDUFB6, NDUFA4, NDUFA11, NDUFB7, MT-ND2, NDUFS2, MT-ND5, NDUFA8, NDUFB5, MT-ND4, MT-ND3, NDUFAB1, NDUFA1, NDUFS4, NDUFB3, NDUFC1, NDUFA2, NDUFS5, NDUFS7, NDUFS6, NDUFB1, NDUFS3, NDUFA3, NDUFB4, NDUFB8, NDUFB2, NDUFA7, NDUFC2, NDUFB10, NDUFV2, NDUFS1, NDUFV1, NDUFV3, NDUFA5, NDUFA9, NDUFAF2, NDUFAF3, NDUFA4L2, NDUFB11, NDUFAF4, NDUFA13, NDUFA12, NDUFAF1, NDUFB9, and GPD2.",Drug Disease Relations; Drug Gene Relations
What genes does Amlodipine Besylate target when it's used to treat essential hypertension?,"Amlodipine Besylate has not been approved by the FDA as a treatment for essential hypertension, but it is currently undergoing evaluation in clinical trials for this purpose. The proposed gene targets are CACNA1C, CACNA1S, CACNA1D, and CACNA1F.",Drug Disease Relations; Drug Gene Relations
What genes does Colchicine target when it's used to treat prostate cancer?,"Colchicine has not been approved by the FDA as a treatment for prostate cancer, but it is currently undergoing evaluation in clinical trials for this purpose. The proposed gene targets are TUBB4B, TUBB1, TUBA3C, TUBA4A, TUBB3, TUBA1A, TUBB4A, TUBB8, TUBB, TUBA1B, TUBA1C, TUBA3E, TUBB2A, TUBB2B, and TUBB6.",Drug Disease Relations; Drug Gene Relations
What genes does Gabapentin target when it's used to treat Sleep Disorder?,"Gabapentin has not been approved by the FDA as a treatment for Sleep Disorder, but it is currently undergoing evaluation in clinical trials for this purpose. The proposed gene targets are CACNA1B, CACNA1C, CACNA1S, CACNA1D, CACNA1F, CACNA2D2, CACNA2D1, CACNA1H, CACNA1G, CACNA1I, CACNA1A, CACNA2D3, CACNA2D4, CACNA1E, CACNB4, CACNB2, CACNB1, CACNB3, CACNG7, CACNG5, CACNG2, CACNG4, CACNG8, CACNG3, CACNG6, and CACNG1.",Drug Disease Relations; Drug Gene Relations
What genes does Ixazomib Citrate target when it's used to treat multiple myeloma?,"When used to treat multiple myeloma, the drug Ixazomib Citrate targets the genes PSMD1, PSMB2, PSMB1, PSMB5, PSMB8, PSMB9, PSMB6, PSMD14, PSMA1, PSMA2, PSMA3, PSMA4, PSMA5, PSMA6, PSMA7, PSMA8, PSMB10, PSMB11, PSMB3, PSMB4, PSMB7, ADRM1, PSMC2, PSMC1, PSMC4, PSMC6, PSMC3, PSMC5, PSMD2, PSMD3, PSMD12, PSMD11, PSMD6, PSMD7, PSMD13, PSMD4, PSMD8, and SEM1.",Drug Disease Relations; Drug Gene Relations
What genes does Methotrexate target when it's used to treat unspecified peripheral T-cell lymphoma?,"Methotrexate has not been approved by the FDA as a treatment for unspecified peripheral T-cell lymphoma, but it is currently undergoing evaluation in clinical trials for this purpose. The proposed gene target is DHFR.",Drug Disease Relations; Drug Gene Relations
What genes does Fludarabine Phosphate target when it's used to treat squamous cell lung carcinoma?,"Fludarabine Phosphate has not been approved by the FDA as a treatment for squamous cell lung carcinoma, but it is currently undergoing evaluation in clinical trials for this purpose. The proposed gene targets are POLA1, POLD4, POLD3, POLD1, POLD2, POLE, POLA2, PRIM1, PRIM2, POLE2, POLE3, RRM1, RRM2B, and RRM2.",Drug Disease Relations; Drug Gene Relations
What genes does Thalidomide target when it's used to treat Castleman disease?,"Thalidomide has not been approved by the FDA as a treatment for Castleman disease, but it is currently undergoing evaluation in clinical trials for this purpose. The proposed gene targets are CRBN, DDB1, CUL4A, and RBX1.",Drug Disease Relations; Drug Gene Relations
What genes does Topiramate target when it's used to treat migraine disorder?,"When used to treat migraine disorder, the drug Topiramate targets the genes SCN1A, SCN5A, SCN4A, SCN7A, SCN2A, SCN9A, SCN3A, SCN11A, SCN8A, SCN10A, CA2, CA4, GABRA1, GABRB2, GABRG2, GABRB3, GABRA4, GABRG3, GABRQ, GABRA3, GABRP, GABRD, GABRG1, GABRB1, GABRE, GABRA2, GABRA5, GABRA6, GRIK1, GRIK5, GRIK4, GRIK2, GRIK3, GRIA4, GRIA3, GRIA2, and GRIA1.",Drug Disease Relations; Drug Gene Relations
What genes does Zolpidem Tartrate target when it's used to treat Sleep Disorder?,"Zolpidem Tartrate has not been approved by the FDA as a treatment for Sleep Disorder, but it is currently undergoing evaluation in clinical trials for this purpose. The proposed gene targets are GABRA1, GABRG2, and GABRB1.",Drug Disease Relations; Drug Gene Relations
What genes does Fentanyl Citrate target when it's used to treat interstitial lung disease?,"Fentanyl Citrate has not been approved by the FDA as a treatment for interstitial lung disease, but it is currently undergoing evaluation in clinical trials for this purpose. The proposed gene target is OPRM1.",Drug Disease Relations; Drug Gene Relations
What genes does Sumatriptan Succinate target when it's used to treat migraine with aura?,"Sumatriptan Succinate has not been approved by the FDA as a treatment for migraine with aura, but it is currently undergoing evaluation in clinical trials for this purpose. The proposed gene targets are HTR1B and HTR1D.",Drug Disease Relations; Drug Gene Relations
What genes does Eribulin Mesylate target when it's used to treat lymphoma?,"Eribulin Mesylate has not been approved by the FDA as a treatment for lymphoma, but it is currently undergoing evaluation in clinical trials for this purpose. The proposed gene targets are TUBB4B, TUBB1, TUBA3C, TUBA4A, TUBB3, TUBA1A, TUBB4A, TUBB8, TUBB, TUBA1B, TUBA1C, TUBA3E, TUBB2A, TUBB2B, and TUBB6.",Drug Disease Relations; Drug Gene Relations
What genes does Lenvatinib target when it's used to treat cervical cancer?,"Lenvatinib has not been approved by the FDA as a treatment for cervical cancer, but it is currently undergoing evaluation in clinical trials for this purpose. The proposed gene targets are KDR, FLT1, and FLT4.",Drug Disease Relations; Drug Gene Relations
What genes does Naloxone target when it's used to treat eating disorder?,"Naloxone has not been approved by the FDA as a treatment for eating disorder, but it is currently undergoing evaluation in clinical trials for this purpose. The proposed gene targets are OPRM1, OPRK1, and OPRD1.",Drug Disease Relations; Drug Gene Relations
What genes does Gemcitabine Hydrochloride target when it's used to treat renal cell carcinoma?,"Gemcitabine Hydrochloride has not been approved by the FDA as a treatment for renal cell carcinoma, but it is currently undergoing evaluation in clinical trials for this purpose. The proposed gene targets are POLA1, POLD4, POLD3, POLD1, POLD2, POLE, POLA2, PRIM1, PRIM2, POLE2, POLE3, RRM1, RRM2B, and RRM2.",Drug Disease Relations; Drug Gene Relations
What genes does Panobinostat target when it's used to treat melanoma?,"Panobinostat has not been approved by the FDA as a treatment for melanoma, but it is currently undergoing evaluation in clinical trials for this purpose. The proposed gene targets are HDAC1, HDAC3, HDAC6, HDAC2, HDAC5, HDAC7, HDAC8, HDAC11, HDAC4, HDAC9, and HDAC10.",Drug Disease Relations; Drug Gene Relations
What is the top-associated SNP of the gene MAPT-AS1 in Skeletal Muscle eQTL omic data for PD and is it functionally significant?,"The top-associated SNP for MAPT-AS1 in Skeletal Muscle eQTL omic data for PD is rs1879585, which has a multi-SNP SMR p-value of 4.80e-09 and a HEIDI of 0.08, indicating that it is functionally significant.",SMR SNP Disease Relations; SMR Gene Disease Relations
What is the top-associated SNP of the gene TMEM175 in Whole Brain meta-analysis mQTL omic data for PD and is it functionally significant?,"The top-associated SNP for TMEM175 in Whole Brain meta-analysis mQTL omic data for PD is rs10008187, which has a multi-SNP SMR p-value of 1.40e-09 and a HEIDI of 0.22, indicating that it is functionally significant.",SMR SNP Disease Relations; SMR Gene Disease Relations
What is the top-associated SNP of the gene RPS26P8 in Prefrontal Cortex eQTL omic data for AD and is it functionally significant?,"The top-associated SNP for RPS26P8 in Prefrontal Cortex eQTL omic data for AD is rs2732705, which has a multi-SNP SMR p-value of 1.84e-06 and a HEIDI of 0.05, indicating that it is functionally significant.",SMR SNP Disease Relations; SMR Gene Disease Relations
What is the top-associated SNP of the gene PRR14 in Whole Blood eQTL eQTLgen omic data for PD and is it functionally significant?,"The top-associated SNP for PRR14 in Whole Blood eQTL eQTLgen omic data for PD is rs4616297, which has a multi-SNP SMR p-value of 1.76e-07 but is not functionally significant as the association meets significance threshold but shows signs of linkage/ Linkage Disequilibrium.",SMR SNP Disease Relations; SMR Gene Disease Relations
What is the top-associated SNP of the gene MAPT in Whole Brain meta-analysis mQTL omic data for PSP and is it functionally significant?,"The top-associated SNP for MAPT in Whole Brain meta-analysis mQTL omic data for PSP is rs1981997, which has a multi-SNP SMR p-value of 6.72e-26 but is not functionally significant as the association meets significance threshold but shows signs of linkage/ Linkage Disequilibrium.",SMR SNP Disease Relations; SMR Gene Disease Relations
What is the top-associated SNP of the gene RP11-259G18.1 in Amygdala eQTL omic data for PD and is it functionally significant?,"The top-associated SNP for RP11-259G18.1 in Amygdala eQTL omic data for PD is rs112411928, which has a multi-SNP SMR p-value of 3.79e-08 but is not functionally significant as the association meets significance threshold but shows signs of linkage/ Linkage Disequilibrium.",SMR SNP Disease Relations; SMR Gene Disease Relations
What is the top-associated SNP of the gene ZNF311 in Whole Blood mQTL omic data for AD and is it functionally significant?,"The top-associated SNP for ZNF311 in Whole Blood mQTL omic data for AD is rs142403264, which has a multi-SNP SMR p-value of 2.47e-07 and a HEIDI of 0.14, indicating that it is functionally significant.",SMR SNP Disease Relations; SMR Gene Disease Relations
What is the top-associated SNP of the gene AC008984.2 in Whole Blood eQTL eQTLgen omic data for AD and is it functionally significant?,"The top-associated SNP for AC008984.2 in Whole Blood eQTL eQTLgen omic data for AD is rs1761453, which has a multi-SNP SMR p-value of 2.02e-06 and a HEIDI of 0.06, indicating that it is functionally significant.",SMR SNP Disease Relations; SMR Gene Disease Relations
What is the top-associated SNP of the gene IDUA in Whole Blood mQTL omic data for PD and is it functionally significant?,"The top-associated SNP for IDUA in Whole Blood mQTL omic data for PD is rs10010999, which has a multi-SNP SMR p-value of 1.21e-08 but is not functionally significant as the association meets significance threshold but shows signs of linkage/ Linkage Disequilibrium.",SMR SNP Disease Relations; SMR Gene Disease Relations
What is the top-associated SNP of the gene LRRC37A2 in Basal Ganglia eQTL omic data for PSP and is it functionally significant?,"The top-associated SNP for LRRC37A2 in Basal Ganglia eQTL omic data for PSP is rs7225002, which has a multi-SNP SMR p-value of 2.20e-14 but is not functionally significant as the association meets significance threshold but shows signs of linkage/ Linkage Disequilibrium.",SMR SNP Disease Relations; SMR Gene Disease Relations
What is the top-associated SNP of the gene LRRC37A4P in Whole Brain eQTL omic data for PD and is it functionally significant?,"The top-associated SNP for LRRC37A4P in Whole Brain eQTL omic data for PD is rs112746008, which has a multi-SNP SMR p-value of 5.39e-15 but is not functionally significant as the association meets significance threshold but shows signs of linkage/ Linkage Disequilibrium.",SMR SNP Disease Relations; SMR Gene Disease Relations
What is the top-associated SNP of the gene CRHR1 in Cortex eQTL metaBrain omic data for PSP and is it functionally significant?,"The top-associated SNP for CRHR1 in Cortex eQTL metaBrain omic data for PSP is rs393152, which has a multi-SNP SMR p-value of 1.15e-20 but is not functionally significant as the association meets significance threshold but shows signs of linkage/ Linkage Disequilibrium.",SMR SNP Disease Relations; SMR Gene Disease Relations
What is the top-associated SNP of the gene CRHR1-IT1 in Skeletal Muscle eQTL omic data for AD and is it functionally significant?,"The top-associated SNP for CRHR1-IT1 in Skeletal Muscle eQTL omic data for AD is rs62055888, which has a multi-SNP SMR p-value of 1.99e-06 but is not functionally significant as the association meets significance threshold but shows signs of linkage/ Linkage Disequilibrium.",SMR SNP Disease Relations; SMR Gene Disease Relations
What is the top-associated SNP of the gene CRHR1-IT1 in Whole Brain eQTL omic data for PSP and is it functionally significant?,"The top-associated SNP for CRHR1-IT1 in Whole Brain eQTL omic data for PSP is rs11012, which has a multi-SNP SMR p-value of 7.58e-10 but is not functionally significant as the association meets significance threshold but shows signs of linkage/ Linkage Disequilibrium.",SMR SNP Disease Relations; SMR Gene Disease Relations
What is the top-associated SNP of the gene MAPT-AS1 in Whole Blood mQTL omic data for PSP and is it functionally significant?,"The top-associated SNP for MAPT-AS1 in Whole Blood mQTL omic data for PSP is rs415430, which has a multi-SNP SMR p-value of 1.17e-28 but is not functionally significant as the association meets significance threshold but shows signs of linkage/ Linkage Disequilibrium.",SMR SNP Disease Relations; SMR Gene Disease Relations
What is the top-associated SNP of the gene RP11-798G7.8 in Tibial Nerve eQTL omic data for PSP and is it functionally significant?,"The top-associated SNP for RP11-798G7.8 in Tibial Nerve eQTL omic data for PSP is rs12373139, which has a multi-SNP SMR p-value of 3.12e-12 but is not functionally significant as the association meets significance threshold but shows signs of linkage/ Linkage Disequilibrium.",SMR SNP Disease Relations; SMR Gene Disease Relations
What is the top-associated SNP of the gene GAK in Whole Blood mQTL omic data for PD and is it functionally significant?,"The top-associated SNP for GAK in Whole Blood mQTL omic data for PD is rs3775130, which has a multi-SNP SMR p-value of 1.48e-07 but is not functionally significant as the association meets significance threshold but shows signs of linkage/ Linkage Disequilibrium.",SMR SNP Disease Relations; SMR Gene Disease Relations
What is the top-associated SNP of the gene FAM63B in Whole Blood mQTL omic data for AD and is it functionally significant?,"The top-associated SNP for FAM63B in Whole Blood mQTL omic data for AD is rs395601, which has a multi-SNP SMR p-value of 2.93e-06 but is not functionally significant as the association meets significance threshold but shows signs of linkage/ Linkage Disequilibrium.",SMR SNP Disease Relations; SMR Gene Disease Relations
What is the top-associated SNP of the gene GEMIN7 in Whole Blood mQTL omic data for AD and is it functionally significant?,"The top-associated SNP for GEMIN7 in Whole Blood mQTL omic data for AD is rs10409232, which has a multi-SNP SMR p-value of 3.48e-12 but is not functionally significant as the association meets significance threshold but shows signs of linkage/ Linkage Disequilibrium.",SMR SNP Disease Relations; SMR Gene Disease Relations
What is the top-associated SNP of the gene MAPT in Whole Blood mQTL omic data for PD and is it functionally significant?,"The top-associated SNP for MAPT in Whole Blood mQTL omic data for PD is rs111541901, which has a multi-SNP SMR p-value of 5.20e-14 but is not functionally significant as the association meets significance threshold but shows signs of linkage/ Linkage Disequilibrium.",SMR SNP Disease Relations; SMR Gene Disease Relations
What is the top-associated SNP of the gene CRHR1-IT1 in Hippocampus eQTL omic data for PD and is it functionally significant?,"The top-associated SNP for CRHR1-IT1 in Hippocampus eQTL omic data for PD is rs56040418, which has a multi-SNP SMR p-value of 9.21e-12 and a HEIDI of 0.92, indicating that it is functionally significant.",SMR SNP Disease Relations; SMR Gene Disease Relations
What is the top-associated SNP of the gene RP11-259G18.2 in Whole Blood eQTL GTEx omic data for PSP and is it functionally significant?,"The top-associated SNP for RP11-259G18.2 in Whole Blood eQTL GTEx omic data for PSP is rs169201, which has a multi-SNP SMR p-value of 3.80e-33 but is not functionally significant as the association meets significance threshold but shows signs of linkage/ Linkage Disequilibrium.",SMR SNP Disease Relations; SMR Gene Disease Relations
What is the top-associated SNP of the gene C7orf43 in Whole Blood eQTL eQTLgen omic data for AD and is it functionally significant?,"The top-associated SNP for C7orf43 in Whole Blood eQTL eQTLgen omic data for AD is rs6975031, which has a multi-SNP SMR p-value of 1.99e-09 but is not functionally significant as the association meets significance threshold but shows signs of linkage/ Linkage Disequilibrium.",SMR SNP Disease Relations; SMR Gene Disease Relations
What is the top-associated SNP of the gene MAPT in Whole Brain meta-analysis mQTL omic data for PD and is it functionally significant?,"The top-associated SNP for MAPT in Whole Brain meta-analysis mQTL omic data for PD is rs9944484, which has a multi-SNP SMR p-value of 8.71e-07 but is not functionally significant as the association meets significance threshold but shows signs of linkage/ Linkage Disequilibrium.",SMR SNP Disease Relations; SMR Gene Disease Relations
What is the top-associated SNP of the gene AC008984.7 in Whole Blood eQTL eQTLgen omic data for AD and is it functionally significant?,"The top-associated SNP for AC008984.7 in Whole Blood eQTL eQTLgen omic data for AD is rs35915840, which has a multi-SNP SMR p-value of 1.28e-06 and a HEIDI of 0.05, indicating that it is functionally significant.",SMR SNP Disease Relations; SMR Gene Disease Relations
What is the top-associated SNP of the gene BIN1 in Cerebellum eQTL omic data for AD and is it functionally significant?,"The top-associated SNP for BIN1 in Cerebellum eQTL omic data for AD is rs62158731, which has a multi-SNP SMR p-value of 1.64e-08 but is not functionally significant as the association meets significance threshold but shows signs of linkage/ Linkage Disequilibrium.",SMR SNP Disease Relations; SMR Gene Disease Relations
What is the top-associated SNP of the gene GPNMB in Whole Brain meta-analysis mQTL omic data for PD and is it functionally significant?,"The top-associated SNP for GPNMB in Whole Brain meta-analysis mQTL omic data for PD is rs199355, which has a multi-SNP SMR p-value of 1.94e-06 and a HEIDI of 0.1, indicating that it is functionally significant.",SMR SNP Disease Relations; SMR Gene Disease Relations
What is the top-associated SNP of the gene KANSL1 in Prefrontal Cortex eQTL omic data for PD and is it functionally significant?,"The top-associated SNP for KANSL1 in Prefrontal Cortex eQTL omic data for PD is rs2732615, which has a multi-SNP SMR p-value of 1.93e-15 but is not functionally significant as the association meets significance threshold but shows signs of linkage/ Linkage Disequilibrium.",SMR SNP Disease Relations; SMR Gene Disease Relations
What is the top-associated SNP of the gene KANSL1-AS1 in Whole Blood eQTL GTEx omic data for PD and is it functionally significant?,"The top-associated SNP for KANSL1-AS1 in Whole Blood eQTL GTEx omic data for PD is rs199456, which has a multi-SNP SMR p-value of 2.47e-14 but is not functionally significant as the association meets significance threshold but shows signs of linkage/ Linkage Disequilibrium.",SMR SNP Disease Relations; SMR Gene Disease Relations
What is the top-associated SNP of the gene BCKDK in Whole Blood eQTL eQTLgen omic data for PD and is it functionally significant?,"The top-associated SNP for BCKDK in Whole Blood eQTL eQTLgen omic data for PD is rs4889619, which has a multi-SNP SMR p-value of 7.89e-08 but is not functionally significant as the association meets significance threshold but shows signs of linkage/ Linkage Disequilibrium.",SMR SNP Disease Relations; SMR Gene Disease Relations
What is the top-associated SNP of the gene BIN1 in Whole Brain meta-analysis mQTL omic data for AD and is it functionally significant?,"The top-associated SNP for BIN1 in Whole Brain meta-analysis mQTL omic data for AD is rs72846701, which has a multi-SNP SMR p-value of 3.98e-15 but is not functionally significant as the association meets significance threshold but shows signs of linkage/ Linkage Disequilibrium.",SMR SNP Disease Relations; SMR Gene Disease Relations
What is the top-associated SNP of the gene RP11-259G18.1 in Cerebellum eQTL omic data for PD and is it functionally significant?,"The top-associated SNP for RP11-259G18.1 in Cerebellum eQTL omic data for PD is rs112275277, which has a multi-SNP SMR p-value of 5.95e-13 but is not functionally significant as the association meets significance threshold but shows signs of linkage/ Linkage Disequilibrium.",SMR SNP Disease Relations; SMR Gene Disease Relations
What is the top-associated SNP of the gene LRRFIP2 in Whole Blood eQTL eQTLgen omic data for AD and is it functionally significant?,"The top-associated SNP for LRRFIP2 in Whole Blood eQTL eQTLgen omic data for AD is rs17810211, which has a multi-SNP SMR p-value of 2.56e-06 and a HEIDI of 0.09, indicating that it is functionally significant.",SMR SNP Disease Relations; SMR Gene Disease Relations
What is the top-associated SNP of the gene RP11-259G18.3 in Liver eQTL omic data for PSP and is it functionally significant?,"The top-associated SNP for RP11-259G18.3 in Liver eQTL omic data for PSP is rs1981997, which has a multi-SNP SMR p-value of 1.69e-22 but is not functionally significant as the association meets significance threshold but shows signs of linkage/ Linkage Disequilibrium.",SMR SNP Disease Relations; SMR Gene Disease Relations
What is the top-associated SNP of the gene NDUFS2 in Whole Blood eQTL eQTLgen omic data for AD and is it functionally significant?,"The top-associated SNP for NDUFS2 in Whole Blood eQTL eQTLgen omic data for AD is rs4379692, which has a multi-SNP SMR p-value of 4.06e-09 and a HEIDI of 0.06, indicating that it is functionally significant.",SMR SNP Disease Relations; SMR Gene Disease Relations
What is the top-associated SNP of the gene PRSS36 in Whole Brain meta-analysis mQTL omic data for AD and is it functionally significant?,"The top-associated SNP for PRSS36 in Whole Brain meta-analysis mQTL omic data for AD is rs78924645, which has a multi-SNP SMR p-value of 9.59e-07 and a HEIDI of 0.04, indicating that it is functionally significant.",SMR SNP Disease Relations; SMR Gene Disease Relations
What is the top-associated SNP of the gene HSD3B7 in Prefrontal Cortex eQTL omic data for PD and is it functionally significant?,"The top-associated SNP for HSD3B7 in Prefrontal Cortex eQTL omic data for PD is rs13708, which has a multi-SNP SMR p-value of 7.64e-07 and a HEIDI of 0.09, indicating that it is functionally significant.",SMR SNP Disease Relations; SMR Gene Disease Relations
What is the top-associated SNP of the gene PVRIG in Prefrontal Cortex eQTL omic data for AD and is it functionally significant?,"The top-associated SNP for PVRIG in Prefrontal Cortex eQTL omic data for AD is rs7799441, which has a multi-SNP SMR p-value of 2.53e-08 but is not functionally significant as the association meets significance threshold but shows signs of linkage/ Linkage Disequilibrium.",SMR SNP Disease Relations; SMR Gene Disease Relations
What is the top-associated SNP of the gene NAAA in Whole Blood eQTL eQTLgen omic data for PD and is it functionally significant?,"The top-associated SNP for NAAA in Whole Blood eQTL eQTLgen omic data for PD is rs11732759, which has a multi-SNP SMR p-value of 3.53e-07 but is not functionally significant as the association meets significance threshold but shows signs of linkage/ Linkage Disequilibrium.",SMR SNP Disease Relations; SMR Gene Disease Relations
What is the top-associated SNP of the gene LRRC37A2 in Whole Brain eQTL omic data for PSP and is it functionally significant?,"The top-associated SNP for LRRC37A2 in Whole Brain eQTL omic data for PSP is rs169201, which has a multi-SNP SMR p-value of 1.45e-32 but is not functionally significant as the association meets significance threshold but shows signs of linkage/ Linkage Disequilibrium.",SMR SNP Disease Relations; SMR Gene Disease Relations
What is the top-associated SNP of the gene RP11-259G18.1 in Caudate Basal Ganglia eQTL omic data for PSP and is it functionally significant?,"The top-associated SNP for RP11-259G18.1 in Caudate Basal Ganglia eQTL omic data for PSP is rs1635291, which has a multi-SNP SMR p-value of 1.11e-13 but is not functionally significant as the association meets significance threshold but shows signs of linkage/ Linkage Disequilibrium.",SMR SNP Disease Relations; SMR Gene Disease Relations
What is the top-associated SNP of the gene RP11-707O23.5 in Whole Blood eQTL eQTLgen omic data for PD and is it functionally significant?,"The top-associated SNP for RP11-707O23.5 in Whole Blood eQTL eQTLgen omic data for PD is rs2532233, which has a multi-SNP SMR p-value of 3.99e-09 and a HEIDI of 0.03, indicating that it is functionally significant.",SMR SNP Disease Relations; SMR Gene Disease Relations
What is the top-associated SNP of the gene RPS26P8 in Tibial Nerve eQTL omic data for PSP and is it functionally significant?,"The top-associated SNP for RPS26P8 in Tibial Nerve eQTL omic data for PSP is rs1981997, which has a multi-SNP SMR p-value of 8.37e-21 but is not functionally significant as the association meets significance threshold but shows signs of linkage/ Linkage Disequilibrium.",SMR SNP Disease Relations; SMR Gene Disease Relations
What is the top-associated SNP of the gene CTB-171A8.1 in Whole Brain meta-analysis mQTL omic data for AD and is it functionally significant?,"The top-associated SNP for CTB-171A8.1 in Whole Brain meta-analysis mQTL omic data for AD is rs10410915, which has a multi-SNP SMR p-value of 3.30e-08 but is not functionally significant as the association meets significance threshold but shows signs of linkage/ Linkage Disequilibrium.",SMR SNP Disease Relations; SMR Gene Disease Relations
What is the top-associated SNP of the gene CTD-2020K17.1 in Cerebellum eQTL omic data for PSP and is it functionally significant?,"The top-associated SNP for CTD-2020K17.1 in Cerebellum eQTL omic data for PSP is rs1981997, which has a multi-SNP SMR p-value of 9.88e-09 but is not functionally significant as the association meets significance threshold but shows signs of linkage/ Linkage Disequilibrium.",SMR SNP Disease Relations; SMR Gene Disease Relations
What is the top-associated SNP of the gene KAT8 in Cortex eQTL metaBrain omic data for PD and is it functionally significant?,"The top-associated SNP for KAT8 in Cortex eQTL metaBrain omic data for PD is rs2855475, which has a multi-SNP SMR p-value of 1.65e-07 but is not functionally significant as the association meets significance threshold but shows signs of linkage/ Linkage Disequilibrium.",SMR SNP Disease Relations; SMR Gene Disease Relations
What is the top-associated SNP of the gene MAT1A in Whole Brain meta-analysis mQTL omic data for AD and is it functionally significant?,"The top-associated SNP for MAT1A in Whole Brain meta-analysis mQTL omic data for AD is rs1890578, which has a multi-SNP SMR p-value of 1.43e-06 and a HEIDI of 0.15, indicating that it is functionally significant.",SMR SNP Disease Relations; SMR Gene Disease Relations
What is the top-associated SNP of the gene MAPT in Whole Blood mQTL omic data for PSP and is it functionally significant?,"The top-associated SNP for MAPT in Whole Blood mQTL omic data for PSP is rs11012, which has a multi-SNP SMR p-value of 1.78e-07 but is not functionally significant as the association meets significance threshold but shows signs of linkage/ Linkage Disequilibrium.",SMR SNP Disease Relations; SMR Gene Disease Relations
What is the top-associated SNP of the gene CRHR1-IT1 in Whole Brain eQTL omic data for PD and is it functionally significant?,"The top-associated SNP for CRHR1-IT1 in Whole Brain eQTL omic data for PD is rs62057067, which has a multi-SNP SMR p-value of 1.99e-09 but is not functionally significant as the association meets significance threshold but shows signs of linkage/ Linkage Disequilibrium.",SMR SNP Disease Relations; SMR Gene Disease Relations
What is the top-associated SNP of the gene AC012146.7 in Whole Blood eQTL eQTLgen omic data for AD and is it functionally significant?,"The top-associated SNP for AC012146.7 in Whole Blood eQTL eQTLgen omic data for AD is rs73976310, which has a multi-SNP SMR p-value of 1.72e-08 but is not functionally significant as the association meets significance threshold but shows signs of linkage/ Linkage Disequilibrium.",SMR SNP Disease Relations; SMR Gene Disease Relations
What is the top-associated SNP of the gene RP11-259G18.3 in Amygdala eQTL omic data for PSP and is it functionally significant?,"The top-associated SNP for RP11-259G18.3 in Amygdala eQTL omic data for PSP is rs169201, which has a multi-SNP SMR p-value of 2.53e-15 but is not functionally significant as the association meets significance threshold but shows signs of linkage/ Linkage Disequilibrium.",SMR SNP Disease Relations; SMR Gene Disease Relations
What is the top-associated SNP of the gene CEACAM16 in Whole Blood mQTL omic data for AD and is it functionally significant?,"The top-associated SNP for CEACAM16 in Whole Blood mQTL omic data for AD is rs62120574, which has a multi-SNP SMR p-value of 8.18e-11 but is not functionally significant as the association meets significance threshold but shows signs of linkage/ Linkage Disequilibrium.",SMR SNP Disease Relations; SMR Gene Disease Relations
What is the top-associated SNP of the gene RP11-259G18.3 in Skeletal Muscle eQTL omic data for PD and is it functionally significant?,"The top-associated SNP for RP11-259G18.3 in Skeletal Muscle eQTL omic data for PD is rs169201, which has a multi-SNP SMR p-value of 1.82e-14 but is not functionally significant as the association meets significance threshold but shows signs of linkage/ Linkage Disequilibrium.",SMR SNP Disease Relations; SMR Gene Disease Relations
What is the top-associated SNP of the gene ZSCAN21 in Whole Brain eQTL omic data for AD and is it functionally significant?,"The top-associated SNP for ZSCAN21 in Whole Brain eQTL omic data for AD is rs4729571, which has a multi-SNP SMR p-value of 7.62e-08 but is not functionally significant as the association meets significance threshold but shows signs of linkage/ Linkage Disequilibrium.",SMR SNP Disease Relations; SMR Gene Disease Relations
What is the top-associated SNP of the gene POLR2E in Multi Ancestry Whole Brain Meta-analysis eQTL omic data for AD and is it functionally significant?,"The top-associated SNP for POLR2E in Multi Ancestry Whole Brain Meta-analysis eQTL omic data for AD is rs6843, which has a multi-SNP SMR p-value of 5.17e-10 but is not functionally significant as the association meets significance threshold but shows signs of linkage/ Linkage Disequilibrium.",SMR SNP Disease Relations; SMR Gene Disease Relations
What is the top-associated SNP of the gene SNCA in Whole Blood mQTL omic data for PD and is it functionally significant?,"The top-associated SNP for SNCA in Whole Blood mQTL omic data for PD is rs1372520, which has a multi-SNP SMR p-value of 6.05e-07 but is not functionally significant as the association meets significance threshold but shows signs of linkage/ Linkage Disequilibrium.",SMR SNP Disease Relations; SMR Gene Disease Relations
What is the top-associated SNP of the gene KANSL1-AS1 in Skeletal Muscle eQTL omic data for PSP and is it functionally significant?,"The top-associated SNP for KANSL1-AS1 in Skeletal Muscle eQTL omic data for PSP is rs169201, which has a multi-SNP SMR p-value of 9.89e-37 but is not functionally significant as the association meets significance threshold but shows signs of linkage/ Linkage Disequilibrium.",SMR SNP Disease Relations; SMR Gene Disease Relations
What is the top-associated SNP of the gene C19orf6 in Whole Blood mQTL omic data for AD and is it functionally significant?,"The top-associated SNP for C19orf6 in Whole Blood mQTL omic data for AD is rs4807395, which has a multi-SNP SMR p-value of 1.49e-06 but is not functionally significant as the association meets significance threshold but shows signs of linkage/ Linkage Disequilibrium.",SMR SNP Disease Relations; SMR Gene Disease Relations
What is the top-associated SNP of the gene NDUFAF6 in Whole Brain meta-analysis mQTL omic data for AD and is it functionally significant?,"The top-associated SNP for NDUFAF6 in Whole Brain meta-analysis mQTL omic data for AD is rs896853, which has a multi-SNP SMR p-value of 3.93e-08 but is not functionally significant as the association meets significance threshold but shows signs of linkage/ Linkage Disequilibrium.",SMR SNP Disease Relations; SMR Gene Disease Relations
What is the top-associated SNP of the gene KANSL1 in Whole Brain meta-analysis mQTL omic data for PD and is it functionally significant?,"The top-associated SNP for KANSL1 in Whole Brain meta-analysis mQTL omic data for PD is rs62060852, which has a multi-SNP SMR p-value of 5.11e-11 but is not functionally significant as the association meets significance threshold but shows signs of linkage/ Linkage Disequilibrium.",SMR SNP Disease Relations; SMR Gene Disease Relations
What is the top-associated SNP of the gene APOC2 in Cortex eQTL metaBrain omic data for AD and is it functionally significant?,"The top-associated SNP for APOC2 in Cortex eQTL metaBrain omic data for AD is rs204474, which has a multi-SNP SMR p-value of 3.60e-08 but is not functionally significant as the association meets significance threshold but shows signs of linkage/ Linkage Disequilibrium.",SMR SNP Disease Relations; SMR Gene Disease Relations
What is the top-associated SNP of the gene LRRC37A in Whole Blood eQTL GTEx omic data for PD and is it functionally significant?,"The top-associated SNP for LRRC37A in Whole Blood eQTL GTEx omic data for PD is rs3874943, which has a multi-SNP SMR p-value of 1.07e-08 but is not functionally significant as the association meets significance threshold but shows signs of linkage/ Linkage Disequilibrium.",SMR SNP Disease Relations; SMR Gene Disease Relations
What is the top-associated SNP of the gene APOC1 in Multi Ancestry Whole Brain Meta-analysis eQTL omic data for AD and is it functionally significant?,"The top-associated SNP for APOC1 in Multi Ancestry Whole Brain Meta-analysis eQTL omic data for AD is rs892101, which has a multi-SNP SMR p-value of 1.57e-06 but is not functionally significant as the association meets significance threshold but shows signs of linkage/ Linkage Disequilibrium.",SMR SNP Disease Relations; SMR Gene Disease Relations
What is the top-associated SNP of the gene RP11-259G18.3 in Caudate Basal Ganglia eQTL omic data for PD and is it functionally significant?,"The top-associated SNP for RP11-259G18.3 in Caudate Basal Ganglia eQTL omic data for PD is rs55974014, which has a multi-SNP SMR p-value of 1.39e-12 and a HEIDI of 0.22, indicating that it is functionally significant.",SMR SNP Disease Relations; SMR Gene Disease Relations
What is the top-associated SNP of the gene C9orf72 in Whole Blood mQTL omic data for ALS and is it functionally significant?,"The top-associated SNP for C9orf72 in Whole Blood mQTL omic data for ALS is rs2282241, which has a multi-SNP SMR p-value of 1.86e-11 but is not functionally significant as the association meets significance threshold but shows signs of linkage/ Linkage Disequilibrium.",SMR SNP Disease Relations; SMR Gene Disease Relations
What is the top-associated SNP of the gene CRHR1-IT1 in Anterior Cingulate Cortex BA24 eQTL omic data for PD and is it functionally significant?,"The top-associated SNP for CRHR1-IT1 in Anterior Cingulate Cortex BA24 eQTL omic data for PD is rs112560196, which has a multi-SNP SMR p-value of 9.91e-11 but is not functionally significant as the association meets significance threshold but shows signs of linkage/ Linkage Disequilibrium.",SMR SNP Disease Relations; SMR Gene Disease Relations
What is the top-associated SNP of the gene ARL17B in Cortex eQTL metaBrain omic data for PSP and is it functionally significant?,"The top-associated SNP for ARL17B in Cortex eQTL metaBrain omic data for PSP is rs169201, which has a multi-SNP SMR p-value of 4.47e-42 but is not functionally significant as the association meets significance threshold but shows signs of linkage/ Linkage Disequilibrium.",SMR SNP Disease Relations; SMR Gene Disease Relations
What is the top-associated SNP of the gene ZSCAN21 in Multi Ancestry Whole Brain Meta-analysis eQTL omic data for AD and is it functionally significant?,"The top-associated SNP for ZSCAN21 in Multi Ancestry Whole Brain Meta-analysis eQTL omic data for AD is rs4729571, which has a multi-SNP SMR p-value of 3.26e-09 but is not functionally significant as the association meets significance threshold but shows signs of linkage/ Linkage Disequilibrium.",SMR SNP Disease Relations; SMR Gene Disease Relations
What is the top-associated SNP of the gene MAPT-AS1 in Whole Brain meta-analysis mQTL omic data for PD and is it functionally significant?,"The top-associated SNP for MAPT-AS1 in Whole Brain meta-analysis mQTL omic data for PD is rs3785884, which has a multi-SNP SMR p-value of 1.21e-11 but is not functionally significant as the association meets significance threshold but shows signs of linkage/ Linkage Disequilibrium.",SMR SNP Disease Relations; SMR Gene Disease Relations
What is the top-associated SNP of the gene ARHGAP27 in Whole Brain meta-analysis mQTL omic data for PD and is it functionally significant?,"The top-associated SNP for ARHGAP27 in Whole Brain meta-analysis mQTL omic data for PD is rs56220387, which has a multi-SNP SMR p-value of 4.28e-08 but is not functionally significant as the association meets significance threshold but shows signs of linkage/ Linkage Disequilibrium.",SMR SNP Disease Relations; SMR Gene Disease Relations
What is the top-associated SNP of the gene KLHL7-AS1 in Hippocampus eQTL omic data for PD and is it functionally significant?,"The top-associated SNP for KLHL7-AS1 in Hippocampus eQTL omic data for PD is rs6978827, which has a multi-SNP SMR p-value of 5.03e-07 and a HEIDI of 0.02, indicating that it is functionally significant.",SMR SNP Disease Relations; SMR Gene Disease Relations
What is the top-associated SNP of the gene RN7SL656P in Prefrontal Cortex eQTL omic data for AD and is it functionally significant?,"The top-associated SNP for RN7SL656P in Prefrontal Cortex eQTL omic data for AD is rs199447, which has a multi-SNP SMR p-value of 7.31e-07 and a HEIDI of 0.02, indicating that it is functionally significant.",SMR SNP Disease Relations; SMR Gene Disease Relations
What is the top-associated SNP of the gene EXOC3L2 in Whole Blood mQTL omic data for AD and is it functionally significant?,"The top-associated SNP for EXOC3L2 in Whole Blood mQTL omic data for AD is rs41561512, which has a multi-SNP SMR p-value of 3.29e-07 but is not functionally significant as the association meets significance threshold but shows signs of linkage/ Linkage Disequilibrium.",SMR SNP Disease Relations; SMR Gene Disease Relations
What is the top-associated SNP of the gene SPPL2C in Prefrontal Cortex eQTL omic data for PD and is it functionally significant?,"The top-associated SNP for SPPL2C in Prefrontal Cortex eQTL omic data for PD is rs17577369, which has a multi-SNP SMR p-value of 1.30e-07 and a HEIDI of 0.02, indicating that it is functionally significant.",SMR SNP Disease Relations; SMR Gene Disease Relations
What is the top-associated SNP of the gene LRRC37A2 in Prefrontal Cortex eQTL omic data for PD and is it functionally significant?,"The top-associated SNP for LRRC37A2 in Prefrontal Cortex eQTL omic data for PD is rs3874943, which has a multi-SNP SMR p-value of 1.52e-13 but is not functionally significant as the association meets significance threshold but shows signs of linkage/ Linkage Disequilibrium.",SMR SNP Disease Relations; SMR Gene Disease Relations
What is the top-associated SNP of the gene MVP in Whole Blood eQTL eQTLgen omic data for AD and is it functionally significant?,"The top-associated SNP for MVP in Whole Blood eQTL eQTLgen omic data for AD is rs10204, which has a multi-SNP SMR p-value of 2.93e-06 but is not functionally significant as the association meets significance threshold but shows signs of linkage/ Linkage Disequilibrium.",SMR SNP Disease Relations; SMR Gene Disease Relations
What is the top-associated SNP of the gene UFSP1 in Whole Blood eQTL eQTLgen omic data for AD and is it functionally significant?,"The top-associated SNP for UFSP1 in Whole Blood eQTL eQTLgen omic data for AD is rs7783457, which has a multi-SNP SMR p-value of 5.12e-09 and a HEIDI of 0.62, indicating that it is functionally significant.",SMR SNP Disease Relations; SMR Gene Disease Relations
What is the top-associated SNP of the gene APOE in Whole Brain meta-analysis mQTL omic data for AD and is it functionally significant?,"The top-associated SNP for APOE in Whole Brain meta-analysis mQTL omic data for AD is rs73050293, which has a multi-SNP SMR p-value of 3.93e-14 but is not functionally significant as the association meets significance threshold but shows signs of linkage/ Linkage Disequilibrium.",SMR SNP Disease Relations; SMR Gene Disease Relations
What is the top-associated SNP of the gene RP11-259G18.3 in Hypothalamus eQTL omic data for PSP and is it functionally significant?,"The top-associated SNP for RP11-259G18.3 in Hypothalamus eQTL omic data for PSP is rs169201, which has a multi-SNP SMR p-value of 5.77e-17 but is not functionally significant as the association meets significance threshold but shows signs of linkage/ Linkage Disequilibrium.",SMR SNP Disease Relations; SMR Gene Disease Relations
What is the top-associated SNP of the gene APOC4 in Whole Blood mQTL omic data for AD and is it functionally significant?,"The top-associated SNP for APOC4 in Whole Blood mQTL omic data for AD is rs5120, which has a multi-SNP SMR p-value of 3.10e-20 but is not functionally significant as the association meets significance threshold but shows signs of linkage/ Linkage Disequilibrium.",SMR SNP Disease Relations; SMR Gene Disease Relations
What is the top-associated SNP of the gene CR2 in Prefrontal Cortex eQTL omic data for AD and is it functionally significant?,"The top-associated SNP for CR2 in Prefrontal Cortex eQTL omic data for AD is rs1019830, which has a multi-SNP SMR p-value of 8.03e-09 but is not functionally significant as the association meets significance threshold but shows signs of linkage/ Linkage Disequilibrium.",SMR SNP Disease Relations; SMR Gene Disease Relations
What is the top-associated SNP of the gene ARL17B in Basal Ganglia eQTL omic data for PSP and is it functionally significant?,"The top-associated SNP for ARL17B in Basal Ganglia eQTL omic data for PSP is rs169201, which has a multi-SNP SMR p-value of 2.06e-13 but is not functionally significant as the association meets significance threshold but shows signs of linkage/ Linkage Disequilibrium.",SMR SNP Disease Relations; SMR Gene Disease Relations
What is the top-associated SNP of the gene RP11-259G18.2 in Putamen Basal Ganglia eQTL omic data for PSP and is it functionally significant?,"The top-associated SNP for RP11-259G18.2 in Putamen Basal Ganglia eQTL omic data for PSP is rs1981997, which has a multi-SNP SMR p-value of 1.56e-15 but is not functionally significant as the association meets significance threshold but shows signs of linkage/ Linkage Disequilibrium.",SMR SNP Disease Relations; SMR Gene Disease Relations
What is the top-associated SNP of the gene STX4 in Cortex eQTL metaBrain omic data for PD and is it functionally significant?,"The top-associated SNP for STX4 in Cortex eQTL metaBrain omic data for PD is rs3751855, which has a multi-SNP SMR p-value of 1.46e-06 but is not functionally significant as the association meets significance threshold but shows signs of linkage/ Linkage Disequilibrium.",SMR SNP Disease Relations; SMR Gene Disease Relations
What is the top-associated SNP of the gene LRRC37A2 in Frontal Cortex BA9 eQTL omic data for PD and is it functionally significant?,"The top-associated SNP for LRRC37A2 in Frontal Cortex BA9 eQTL omic data for PD is rs4074462, which has a multi-SNP SMR p-value of 8.74e-12 and a HEIDI of 0.47, indicating that it is functionally significant.",SMR SNP Disease Relations; SMR Gene Disease Relations
What is the top-associated SNP of the gene MMRN1 in Nucleus Accumbens Basal Ganglia omic data for PD and is it functionally significant?,"The top-associated SNP for MMRN1 in Nucleus Accumbens Basal Ganglia omic data for PD is rs75943295, which has a multi-SNP SMR p-value of 8.38e-07 but is not functionally significant as the association meets significance threshold but shows signs of linkage/ Linkage Disequilibrium.",SMR SNP Disease Relations; SMR Gene Disease Relations
What is the top-associated SNP of the gene GDPD3 in Whole Blood eQTL eQTLgen omic data for AD and is it functionally significant?,"The top-associated SNP for GDPD3 in Whole Blood eQTL eQTLgen omic data for AD is rs57149692, which has a multi-SNP SMR p-value of 1.29e-06 but is not functionally significant as the association meets significance threshold but shows signs of linkage/ Linkage Disequilibrium.",SMR SNP Disease Relations; SMR Gene Disease Relations
What is the top-associated SNP of the gene KANSL1-AS1 in Cerebellar Hemisphere eQTL omic data for PD and is it functionally significant?,"The top-associated SNP for KANSL1-AS1 in Cerebellar Hemisphere eQTL omic data for PD is rs55974014, which has a multi-SNP SMR p-value of 7.96e-12 and a HEIDI of 0.2, indicating that it is functionally significant.",SMR SNP Disease Relations; SMR Gene Disease Relations
What is the top-associated SNP of the gene DOC2A in Whole Brain meta-analysis mQTL omic data for AD and is it functionally significant?,"The top-associated SNP for DOC2A in Whole Brain meta-analysis mQTL omic data for AD is rs12325400, which has a multi-SNP SMR p-value of 9.99e-08 but is not functionally significant as the association meets significance threshold but shows signs of linkage/ Linkage Disequilibrium.",SMR SNP Disease Relations; SMR Gene Disease Relations
What is the top-associated SNP of the gene FAM215B in Whole Blood eQTL eQTLgen omic data for PD and is it functionally significant?,"The top-associated SNP for FAM215B in Whole Blood eQTL eQTLgen omic data for PD is rs17698176, which has a multi-SNP SMR p-value of 3.15e-08 but is not functionally significant as the association meets significance threshold but shows signs of linkage/ Linkage Disequilibrium.",SMR SNP Disease Relations; SMR Gene Disease Relations
What is the top-associated SNP of the gene RP11-259G18.2 in Frontal Cortex BA9 eQTL omic data for PD and is it functionally significant?,"The top-associated SNP for RP11-259G18.2 in Frontal Cortex BA9 eQTL omic data for PD is rs55974014, which has a multi-SNP SMR p-value of 5.84e-11 and a HEIDI of 0.33, indicating that it is functionally significant.",SMR SNP Disease Relations; SMR Gene Disease Relations
What is the top-associated SNP of the gene DND1P1 in Liver eQTL omic data for PSP and is it functionally significant?,"The top-associated SNP for DND1P1 in Liver eQTL omic data for PSP is rs1981997, which has a multi-SNP SMR p-value of 2.01e-18 but is not functionally significant as the association meets significance threshold but shows signs of linkage/ Linkage Disequilibrium.",SMR SNP Disease Relations; SMR Gene Disease Relations
What is the top-associated SNP of the gene SLX1B in Cortex eQTL metaBrain omic data for AD and is it functionally significant?,"The top-associated SNP for SLX1B in Cortex eQTL metaBrain omic data for AD is rs2083237, which has a multi-SNP SMR p-value of 1.92e-08 but is not functionally significant as the association meets significance threshold but shows signs of linkage/ Linkage Disequilibrium.",SMR SNP Disease Relations; SMR Gene Disease Relations
What is the top-associated SNP of the gene RP11-259G18.3 in Hippocampus eQTL omic data for AD and is it functionally significant?,"The top-associated SNP for RP11-259G18.3 in Hippocampus eQTL omic data for AD is rs199456, which has a multi-SNP SMR p-value of 2.65e-06 and a HEIDI of 0.96, indicating that it is functionally significant.",SMR SNP Disease Relations; SMR Gene Disease Relations
What is the top-associated SNP of the gene ARL17B in Whole Brain eQTL omic data for PSP and is it functionally significant?,"The top-associated SNP for ARL17B in Whole Brain eQTL omic data for PSP is rs17692129, which has a multi-SNP SMR p-value of 3.82e-08 but is not functionally significant as the association meets significance threshold but shows signs of linkage/ Linkage Disequilibrium.",SMR SNP Disease Relations; SMR Gene Disease Relations
What is the top-associated SNP of the gene CHRNE in Cortex eQTL metaBrain omic data for AD and is it functionally significant?,"The top-associated SNP for CHRNE in Cortex eQTL metaBrain omic data for AD is rs72835064, which has a multi-SNP SMR p-value of 7.87e-07 but is not functionally significant as the association meets significance threshold but shows signs of linkage/ Linkage Disequilibrium.",SMR SNP Disease Relations; SMR Gene Disease Relations
What is the top-associated SNP of the gene RP11-259G18.2 in Whole Brain eQTL omic data for PSP and is it functionally significant?,"The top-associated SNP for RP11-259G18.2 in Whole Brain eQTL omic data for PSP is rs169201, which has a multi-SNP SMR p-value of 5.61e-32 but is not functionally significant as the association meets significance threshold but shows signs of linkage/ Linkage Disequilibrium.",SMR SNP Disease Relations; SMR Gene Disease Relations
What is the top-associated SNP of the gene TRIM4 in Whole Blood eQTL eQTLgen omic data for AD and is it functionally significant?,"The top-associated SNP for TRIM4 in Whole Blood eQTL eQTLgen omic data for AD is rs2571997, which has a multi-SNP SMR p-value of 5.47e-12 but is not functionally significant as the association meets significance threshold but shows signs of linkage/ Linkage Disequilibrium.",SMR SNP Disease Relations; SMR Gene Disease Relations
What is the top-associated SNP of the gene TAP2 in Whole Blood mQTL omic data for AD and is it functionally significant?,"The top-associated SNP for TAP2 in Whole Blood mQTL omic data for AD is rs4148874, which has a multi-SNP SMR p-value of 5.53e-07 but is not functionally significant as the association meets significance threshold but shows signs of linkage/ Linkage Disequilibrium.",SMR SNP Disease Relations; SMR Gene Disease Relations
What is the top-associated SNP of the gene LRRC37A4P in Caudate Basal Ganglia eQTL omic data for PSP and is it functionally significant?,"The top-associated SNP for LRRC37A4P in Caudate Basal Ganglia eQTL omic data for PSP is rs1981997, which has a multi-SNP SMR p-value of 1.41e-20 but is not functionally significant as the association meets significance threshold but shows signs of linkage/ Linkage Disequilibrium.",SMR SNP Disease Relations; SMR Gene Disease Relations
What is the top-associated SNP of the gene STX4 in Whole Blood eQTL eQTLgen omic data for AD and is it functionally significant?,"The top-associated SNP for STX4 in Whole Blood eQTL eQTLgen omic data for AD is rs58726213, which has a multi-SNP SMR p-value of 1.06e-07 but is not functionally significant as the association meets significance threshold but shows signs of linkage/ Linkage Disequilibrium.",SMR SNP Disease Relations; SMR Gene Disease Relations
What is the top-associated SNP of the gene RP11-259G18.3 in Cerebellum eQTL omic data for PSP and is it functionally significant?,"The top-associated SNP for RP11-259G18.3 in Cerebellum eQTL omic data for PSP is rs1981997, which has a multi-SNP SMR p-value of 4.27e-22 but is not functionally significant as the association meets significance threshold but shows signs of linkage/ Linkage Disequilibrium.",SMR SNP Disease Relations; SMR Gene Disease Relations
What is the top-associated SNP of the gene CRHR1 in Whole Blood mQTL omic data for AD and is it functionally significant?,"The top-associated SNP for CRHR1 in Whole Blood mQTL omic data for AD is rs113790915, which has a multi-SNP SMR p-value of 7.46e-07 and a HEIDI of 0.18, indicating that it is functionally significant.",SMR SNP Disease Relations; SMR Gene Disease Relations
What is the top-associated SNP of the gene CRHR1 in Whole Blood mQTL omic data for PD and is it functionally significant?,"The top-associated SNP for CRHR1 in Whole Blood mQTL omic data for PD is rs112746008, which has a multi-SNP SMR p-value of 2.74e-13 and a HEIDI of 0.06, indicating that it is functionally significant.",SMR SNP Disease Relations; SMR Gene Disease Relations
What is the top-associated SNP of the gene LRRC37A4P in Hippocampus eQTL omic data for PD and is it functionally significant?,"The top-associated SNP for LRRC37A4P in Hippocampus eQTL omic data for PD is rs62060768, which has a multi-SNP SMR p-value of 5.27e-12 but is not functionally significant as the association meets significance threshold but shows signs of linkage/ Linkage Disequilibrium.",SMR SNP Disease Relations; SMR Gene Disease Relations
What is the top-associated SNP of the gene RP11-798G7.5 in Whole Blood eQTL eQTLgen omic data for PSP and is it functionally significant?,"The top-associated SNP for RP11-798G7.5 in Whole Blood eQTL eQTLgen omic data for PSP is rs11012, which has a multi-SNP SMR p-value of 1.48e-20 but is not functionally significant as the association meets significance threshold but shows signs of linkage/ Linkage Disequilibrium.",SMR SNP Disease Relations; SMR Gene Disease Relations
What is the top-associated SNP of the gene BIN1 in Whole Blood mQTL omic data for AD and is it functionally significant?,"The top-associated SNP for BIN1 in Whole Blood mQTL omic data for AD is rs4663094, which has a multi-SNP SMR p-value of 8.80e-09 but is not functionally significant as the association meets significance threshold but shows signs of linkage/ Linkage Disequilibrium.",SMR SNP Disease Relations; SMR Gene Disease Relations
What is the top-associated SNP of the gene PLEKHM1 in Skeletal Muscle eQTL omic data for PD and is it functionally significant?,"The top-associated SNP for PLEKHM1 in Skeletal Muscle eQTL omic data for PD is rs12947718, which has a multi-SNP SMR p-value of 7.76e-12 and a HEIDI of 0.04, indicating that it is functionally significant.",SMR SNP Disease Relations; SMR Gene Disease Relations
What is the top-associated SNP of the gene PSORS1C1 in Whole Blood mQTL omic data for AD and is it functionally significant?,"The top-associated SNP for PSORS1C1 in Whole Blood mQTL omic data for AD is rs3094197, which has a multi-SNP SMR p-value of 2.26e-06 and a HEIDI of 0.04, indicating that it is functionally significant.",SMR SNP Disease Relations; SMR Gene Disease Relations
What is the top-associated SNP of the gene DND1P1 in Hippocampus eQTL omic data for PD and is it functionally significant?,"The top-associated SNP for DND1P1 in Hippocampus eQTL omic data for PD is rs55974014, which has a multi-SNP SMR p-value of 2.16e-10 and a HEIDI of 0.87, indicating that it is functionally significant.",SMR SNP Disease Relations; SMR Gene Disease Relations
What is the top-associated SNP of the gene RP11-259G18.1 in Skeletal Muscle eQTL omic data for PSP and is it functionally significant?,"The top-associated SNP for RP11-259G18.1 in Skeletal Muscle eQTL omic data for PSP is rs1981997, which has a multi-SNP SMR p-value of 2.46e-07 but is not functionally significant as the association meets significance threshold but shows signs of linkage/ Linkage Disequilibrium.",SMR SNP Disease Relations; SMR Gene Disease Relations
What is the top-associated SNP of the gene LRRC37A2 in Nucleus Accumbens Basal Ganglia omic data for AD and is it functionally significant?,"The top-associated SNP for LRRC37A2 in Nucleus Accumbens Basal Ganglia omic data for AD is rs413917, which has a multi-SNP SMR p-value of 6.97e-07 and a HEIDI of 0.48, indicating that it is functionally significant.",SMR SNP Disease Relations; SMR Gene Disease Relations
What is the top-associated SNP of the gene CNPY4 in Whole Blood eQTL eQTLgen omic data for AD and is it functionally significant?,"The top-associated SNP for CNPY4 in Whole Blood eQTL eQTLgen omic data for AD is rs77686669, which has a multi-SNP SMR p-value of 4.83e-10 but is not functionally significant as the association meets significance threshold but shows signs of linkage/ Linkage Disequilibrium.",SMR SNP Disease Relations; SMR Gene Disease Relations
What is the top-associated SNP of the gene C9orf72 in Nucleus Accumbens Basal Ganglia omic data for ALS and is it functionally significant?,"The top-associated SNP for C9orf72 in Nucleus Accumbens Basal Ganglia omic data for ALS is rs3736321, which has a multi-SNP SMR p-value of 6.04e-11 but is not functionally significant as the association meets significance threshold but shows signs of linkage/ Linkage Disequilibrium.",SMR SNP Disease Relations; SMR Gene Disease Relations
What is the top-associated SNP of the gene CTD-2020K17.1 in Multi Ancestry Whole Brain Meta-analysis eQTL omic data for PD and is it functionally significant?,"The top-associated SNP for CTD-2020K17.1 in Multi Ancestry Whole Brain Meta-analysis eQTL omic data for PD is rs62063276, which has a multi-SNP SMR p-value of 2.55e-07 and a HEIDI of 0.91, indicating that it is functionally significant.",SMR SNP Disease Relations; SMR Gene Disease Relations
What is the top-associated SNP of the gene STK39 in Whole Brain meta-analysis mQTL omic data for PD and is it functionally significant?,"The top-associated SNP for STK39 in Whole Brain meta-analysis mQTL omic data for PD is rs2390669, which has a multi-SNP SMR p-value of 1.17e-07 and a HEIDI of 0.46, indicating that it is functionally significant.",SMR SNP Disease Relations; SMR Gene Disease Relations
What is the top-associated SNP of the gene NFYA in Whole Blood mQTL omic data for AD and is it functionally significant?,"The top-associated SNP for NFYA in Whole Blood mQTL omic data for AD is rs62396353, which has a multi-SNP SMR p-value of 5.92e-10 but is not functionally significant as the association meets significance threshold but shows signs of linkage/ Linkage Disequilibrium.",SMR SNP Disease Relations; SMR Gene Disease Relations
What is the top-associated SNP of the gene ARHGAP27 in Nucleus Accumbens Basal Ganglia omic data for PD and is it functionally significant?,"The top-associated SNP for ARHGAP27 in Nucleus Accumbens Basal Ganglia omic data for PD is rs753236, which has a multi-SNP SMR p-value of 3.65e-10 and a HEIDI of 0.95, indicating that it is functionally significant.",SMR SNP Disease Relations; SMR Gene Disease Relations
What is the top-associated SNP of the gene LRRC37A in Cortex eQTL GTEx omic data for PSP and is it functionally significant?,"The top-associated SNP for LRRC37A in Cortex eQTL GTEx omic data for PSP is rs7225002, which has a multi-SNP SMR p-value of 1.70e-12 but is not functionally significant as the association meets significance threshold but shows signs of linkage/ Linkage Disequilibrium.",SMR SNP Disease Relations; SMR Gene Disease Relations
What is the top-associated SNP of the gene RP11-798G7.8 in Whole Blood eQTL GTEx omic data for PSP and is it functionally significant?,"The top-associated SNP for RP11-798G7.8 in Whole Blood eQTL GTEx omic data for PSP is rs7220988, which has a multi-SNP SMR p-value of 9.97e-11 but is not functionally significant as the association meets significance threshold but shows signs of linkage/ Linkage Disequilibrium.",SMR SNP Disease Relations; SMR Gene Disease Relations
What is the top-associated SNP of the gene RP11-707O23.5 in Nucleus Accumbens Basal Ganglia omic data for PSP and is it functionally significant?,"The top-associated SNP for RP11-707O23.5 in Nucleus Accumbens Basal Ganglia omic data for PSP is rs1981997, which has a multi-SNP SMR p-value of 1.47e-17 but is not functionally significant as the association meets significance threshold but shows signs of linkage/ Linkage Disequilibrium.",SMR SNP Disease Relations; SMR Gene Disease Relations
What is the top-associated SNP of the gene STYX in Skeletal Muscle eQTL omic data for AD and is it functionally significant?,"The top-associated SNP for STYX in Skeletal Muscle eQTL omic data for AD is rs77690283, which has a multi-SNP SMR p-value of 8.21e-08 but is not functionally significant as the association meets significance threshold but shows signs of linkage/ Linkage Disequilibrium.",SMR SNP Disease Relations; SMR Gene Disease Relations
What is the top-associated SNP of the gene PVR in Prefrontal Cortex eQTL omic data for AD and is it functionally significant?,"The top-associated SNP for PVR in Prefrontal Cortex eQTL omic data for AD is rs2301275, which has a multi-SNP SMR p-value of 1.60e-11 but is not functionally significant as the association meets significance threshold but shows signs of linkage/ Linkage Disequilibrium.",SMR SNP Disease Relations; SMR Gene Disease Relations
What is the top-associated SNP of the gene CR1 in Caudate Basal Ganglia eQTL omic data for AD and is it functionally significant?,"The top-associated SNP for CR1 in Caudate Basal Ganglia eQTL omic data for AD is rs2093760, which has a multi-SNP SMR p-value of 3.25e-08 and a HEIDI of 0.53, indicating that it is functionally significant.",SMR SNP Disease Relations; SMR Gene Disease Relations
What is the top-associated SNP of the gene C6orf10 in Whole Blood mQTL omic data for AD and is it functionally significant?,"The top-associated SNP for C6orf10 in Whole Blood mQTL omic data for AD is rs601945, which has a multi-SNP SMR p-value of 6.19e-07 but is not functionally significant as the association meets significance threshold but shows signs of linkage/ Linkage Disequilibrium.",SMR SNP Disease Relations; SMR Gene Disease Relations
What is the top-associated SNP of the gene NSFP1 in Whole Blood eQTL eQTLgen omic data for PD and is it functionally significant?,"The top-associated SNP for NSFP1 in Whole Blood eQTL eQTLgen omic data for PD is rs17698176, which has a multi-SNP SMR p-value of 9.33e-10 but is not functionally significant as the association meets significance threshold but shows signs of linkage/ Linkage Disequilibrium.",SMR SNP Disease Relations; SMR Gene Disease Relations
What is the top-associated SNP of the gene IDUA in Whole Brain meta-analysis mQTL omic data for PD and is it functionally significant?,"The top-associated SNP for IDUA in Whole Brain meta-analysis mQTL omic data for PD is rs6599388, which has a multi-SNP SMR p-value of 1.87e-12 and a HEIDI of 0.02, indicating that it is functionally significant.",SMR SNP Disease Relations; SMR Gene Disease Relations
What is the top-associated SNP of the gene EPHX2 in Whole Blood eQTL eQTLgen omic data for AD and is it functionally significant?,"The top-associated SNP for EPHX2 in Whole Blood eQTL eQTLgen omic data for AD is rs1126452, which has a multi-SNP SMR p-value of 4.45e-16 but is not functionally significant as the association meets significance threshold but shows signs of linkage/ Linkage Disequilibrium.",SMR SNP Disease Relations; SMR Gene Disease Relations
What is the top-associated SNP of the gene CLPTM1 in Multi Ancestry Whole Brain Meta-analysis eQTL omic data for AD and is it functionally significant?,"The top-associated SNP for CLPTM1 in Multi Ancestry Whole Brain Meta-analysis eQTL omic data for AD is rs10422888, which has a multi-SNP SMR p-value of 1.39e-08 but is not functionally significant as the association meets significance threshold but shows signs of linkage/ Linkage Disequilibrium.",SMR SNP Disease Relations; SMR Gene Disease Relations
What is the top-associated SNP of the gene DND1P1 in Skeletal Muscle eQTL omic data for PD and is it functionally significant?,"The top-associated SNP for DND1P1 in Skeletal Muscle eQTL omic data for PD is rs55974014, which has a multi-SNP SMR p-value of 4.65e-15 but is not functionally significant as the association meets significance threshold but shows signs of linkage/ Linkage Disequilibrium.",SMR SNP Disease Relations; SMR Gene Disease Relations
What is the top-associated SNP of the gene KANSL1-AS1 in Skeletal Muscle eQTL omic data for PD and is it functionally significant?,"The top-associated SNP for KANSL1-AS1 in Skeletal Muscle eQTL omic data for PD is rs55974014, which has a multi-SNP SMR p-value of 1.31e-15 but is not functionally significant as the association meets significance threshold but shows signs of linkage/ Linkage Disequilibrium.",SMR SNP Disease Relations; SMR Gene Disease Relations
What is the top-associated SNP of the gene TSPAN14 in Whole Blood eQTL eQTLgen omic data for AD and is it functionally significant?,"The top-associated SNP for TSPAN14 in Whole Blood eQTL eQTLgen omic data for AD is rs12260962, which has a multi-SNP SMR p-value of 1.46e-06 but is not functionally significant as the association meets significance threshold but shows signs of linkage/ Linkage Disequilibrium.",SMR SNP Disease Relations; SMR Gene Disease Relations
What is the top-associated SNP of the gene EFNA3 in Whole Brain meta-analysis mQTL omic data for PD and is it functionally significant?,"The top-associated SNP for EFNA3 in Whole Brain meta-analysis mQTL omic data for PD is rs3765087, which has a multi-SNP SMR p-value of 1.13e-06 and a HEIDI of 0.14, indicating that it is functionally significant.",SMR SNP Disease Relations; SMR Gene Disease Relations
What is the top-associated SNP of the gene LRRC37A4P in Whole Brain eQTL omic data for PSP and is it functionally significant?,"The top-associated SNP for LRRC37A4P in Whole Brain eQTL omic data for PSP is rs11012, which has a multi-SNP SMR p-value of 6.90e-33 but is not functionally significant as the association meets significance threshold but shows signs of linkage/ Linkage Disequilibrium.",SMR SNP Disease Relations; SMR Gene Disease Relations
What is the top-associated SNP of the gene AC012146.7 in Skeletal Muscle eQTL omic data for AD and is it functionally significant?,"The top-associated SNP for AC012146.7 in Skeletal Muscle eQTL omic data for AD is rs56197642, which has a multi-SNP SMR p-value of 5.26e-07 and a HEIDI of 0.18, indicating that it is functionally significant.",SMR SNP Disease Relations; SMR Gene Disease Relations
What is the top-associated SNP of the gene DGKQ in Cortex eQTL metaBrain omic data for PD and is it functionally significant?,"The top-associated SNP for DGKQ in Cortex eQTL metaBrain omic data for PD is rs17781378, which has a multi-SNP SMR p-value of 8.97e-07 but is not functionally significant as the association meets significance threshold but shows signs of linkage/ Linkage Disequilibrium.",SMR SNP Disease Relations; SMR Gene Disease Relations
What is the top-associated SNP of the gene RP11-259G18.3 in Anterior Cingulate Cortex BA24 eQTL omic data for PSP and is it functionally significant?,"The top-associated SNP for RP11-259G18.3 in Anterior Cingulate Cortex BA24 eQTL omic data for PSP is rs169201, which has a multi-SNP SMR p-value of 4.72e-17 but is not functionally significant as the association meets significance threshold but shows signs of linkage/ Linkage Disequilibrium.",SMR SNP Disease Relations; SMR Gene Disease Relations
What is the top-associated SNP of the gene TRIM10 in Whole Blood mQTL omic data for AD and is it functionally significant?,"The top-associated SNP for TRIM10 in Whole Blood mQTL omic data for AD is rs112863641, which has a multi-SNP SMR p-value of 2.61e-06 and a HEIDI of 0.13, indicating that it is functionally significant.",SMR SNP Disease Relations; SMR Gene Disease Relations
What is the top-associated SNP of the gene ARHGAP27 in Whole Brain meta-analysis mQTL omic data for PSP and is it functionally significant?,"The top-associated SNP for ARHGAP27 in Whole Brain meta-analysis mQTL omic data for PSP is rs11012, which has a multi-SNP SMR p-value of 7.46e-11 but is not functionally significant as the association meets significance threshold but shows signs of linkage/ Linkage Disequilibrium.",SMR SNP Disease Relations; SMR Gene Disease Relations
What is the top-associated SNP of the gene KAT8 in Multi Ancestry Whole Brain Meta-analysis eQTL omic data for AD and is it functionally significant?,"The top-associated SNP for KAT8 in Multi Ancestry Whole Brain Meta-analysis eQTL omic data for AD is rs4527034, which has a multi-SNP SMR p-value of 1.14e-07 but is not functionally significant as the association meets significance threshold but shows signs of linkage/ Linkage Disequilibrium.",SMR SNP Disease Relations; SMR Gene Disease Relations
What is the top-associated SNP of the gene APOC4 in Whole Brain meta-analysis mQTL omic data for AD and is it functionally significant?,"The top-associated SNP for APOC4 in Whole Brain meta-analysis mQTL omic data for AD is rs7259679, which has a multi-SNP SMR p-value of 2.48e-10 but is not functionally significant as the association meets significance threshold but shows signs of linkage/ Linkage Disequilibrium.",SMR SNP Disease Relations; SMR Gene Disease Relations
What is the top-associated SNP of the gene RP11-798G7.6 in Whole Blood eQTL eQTLgen omic data for AD and is it functionally significant?,"The top-associated SNP for RP11-798G7.6 in Whole Blood eQTL eQTLgen omic data for AD is rs113564729, which has a multi-SNP SMR p-value of 5.26e-07 but is not functionally significant as the association meets significance threshold but shows signs of linkage/ Linkage Disequilibrium.",SMR SNP Disease Relations; SMR Gene Disease Relations
What is the top-associated SNP of the gene RP11-259G18.2 in Hippocampus eQTL omic data for PD and is it functionally significant?,"The top-associated SNP for RP11-259G18.2 in Hippocampus eQTL omic data for PD is rs199456, which has a multi-SNP SMR p-value of 5.53e-11 and a HEIDI of 0.01, indicating that it is functionally significant.",SMR SNP Disease Relations; SMR Gene Disease Relations
What is the top-associated SNP of the gene KANSL1-AS1 in Whole Blood eQTL eQTLgen omic data for PD and is it functionally significant?,"The top-associated SNP for KANSL1-AS1 in Whole Blood eQTL eQTLgen omic data for PD is rs2532233, which has a multi-SNP SMR p-value of 6.35e-15 but is not functionally significant as the association meets significance threshold but shows signs of linkage/ Linkage Disequilibrium.",SMR SNP Disease Relations; SMR Gene Disease Relations
What is the top-associated SNP of the gene SNCA in Whole Brain meta-analysis mQTL omic data for LBD and is it functionally significant?,"The top-associated SNP for SNCA in Whole Brain meta-analysis mQTL omic data for LBD is rs3756059, which has a multi-SNP SMR p-value of 4.82e-10 but is not functionally significant as the association meets significance threshold but shows signs of linkage/ Linkage Disequilibrium.",SMR SNP Disease Relations; SMR Gene Disease Relations
What is the top-associated SNP of the gene PM20D1 in Whole Blood mQTL omic data for PD and is it functionally significant?,"The top-associated SNP for PM20D1 in Whole Blood mQTL omic data for PD is rs823080, which has a multi-SNP SMR p-value of 7.08e-07 but is not functionally significant as the association meets significance threshold but shows signs of linkage/ Linkage Disequilibrium.",SMR SNP Disease Relations; SMR Gene Disease Relations
What is the top-associated SNP of the gene STK39 in Whole Blood eQTL eQTLgen omic data for PD and is it functionally significant?,"The top-associated SNP for STK39 in Whole Blood eQTL eQTLgen omic data for PD is rs10930310, which has a multi-SNP SMR p-value of 1.91e-06 but is not functionally significant as the association meets significance threshold but shows signs of linkage/ Linkage Disequilibrium.",SMR SNP Disease Relations; SMR Gene Disease Relations
What is the top-associated SNP of the gene SETD1A in Multi Ancestry Whole Brain Meta-analysis eQTL omic data for PD and is it functionally significant?,"The top-associated SNP for SETD1A in Multi Ancestry Whole Brain Meta-analysis eQTL omic data for PD is rs12934900, which has a multi-SNP SMR p-value of 1.94e-06 but is not functionally significant as the association meets significance threshold but shows signs of linkage/ Linkage Disequilibrium.",SMR SNP Disease Relations; SMR Gene Disease Relations
What is the top-associated SNP of the gene MS4A6A in Whole Blood eQTL GTEx omic data for AD and is it functionally significant?,"The top-associated SNP for MS4A6A in Whole Blood eQTL GTEx omic data for AD is rs636147, which has a multi-SNP SMR p-value of 3.20e-10 but is not functionally significant as the association meets significance threshold but shows signs of linkage/ Linkage Disequilibrium.",SMR SNP Disease Relations; SMR Gene Disease Relations
What is the top-associated SNP of the gene CD38 in Multi Ancestry Whole Brain Meta-analysis eQTL omic data for PD and is it functionally significant?,"The top-associated SNP for CD38 in Multi Ancestry Whole Brain Meta-analysis eQTL omic data for PD is rs3213710, which has a multi-SNP SMR p-value of 1.47e-11 but is not functionally significant as the association meets significance threshold but shows signs of linkage/ Linkage Disequilibrium.",SMR SNP Disease Relations; SMR Gene Disease Relations
What is the top-associated SNP of the gene RP11-259G18.3 in Whole Blood eQTL GTEx omic data for PSP and is it functionally significant?,"The top-associated SNP for RP11-259G18.3 in Whole Blood eQTL GTEx omic data for PSP is rs12373139, which has a multi-SNP SMR p-value of 3.70e-36 but is not functionally significant as the association meets significance threshold but shows signs of linkage/ Linkage Disequilibrium.",SMR SNP Disease Relations; SMR Gene Disease Relations
What is the top-associated SNP of the gene CASTOR3 in Cortex eQTL metaBrain omic data for AD and is it functionally significant?,"The top-associated SNP for CASTOR3 in Cortex eQTL metaBrain omic data for AD is rs17309333, which has a multi-SNP SMR p-value of 1.21e-06 and a HEIDI of 0.56, indicating that it is functionally significant.",SMR SNP Disease Relations; SMR Gene Disease Relations
What is the top-associated SNP of the gene CR1 in Cortex eQTL metaBrain omic data for AD and is it functionally significant?,"The top-associated SNP for CR1 in Cortex eQTL metaBrain omic data for AD is rs1830763, which has a multi-SNP SMR p-value of 3.83e-15 and a HEIDI of 0.06, indicating that it is functionally significant.",SMR SNP Disease Relations; SMR Gene Disease Relations
What is the top-associated SNP of the gene EPHA1-AS1 in Whole Blood mQTL omic data for AD and is it functionally significant?,"The top-associated SNP for EPHA1-AS1 in Whole Blood mQTL omic data for AD is rs75045569, which has a multi-SNP SMR p-value of 6.94e-09 and a HEIDI of 0.16, indicating that it is functionally significant.",SMR SNP Disease Relations; SMR Gene Disease Relations
What is the top-associated SNP of the gene CNN2 in Cortex eQTL metaBrain omic data for AD and is it functionally significant?,"The top-associated SNP for CNN2 in Cortex eQTL metaBrain omic data for AD is rs4807440, which has a multi-SNP SMR p-value of 4.32e-07 but is not functionally significant as the association meets significance threshold but shows signs of linkage/ Linkage Disequilibrium.",SMR SNP Disease Relations; SMR Gene Disease Relations
What is the top-associated SNP of the gene PPP4C in Prefrontal Cortex eQTL omic data for AD and is it functionally significant?,"The top-associated SNP for PPP4C in Prefrontal Cortex eQTL omic data for AD is rs9783783, which has a multi-SNP SMR p-value of 2.47e-06 and a HEIDI of 0.07, indicating that it is functionally significant.",SMR SNP Disease Relations; SMR Gene Disease Relations
What is the top-associated SNP of the gene ARL17A in Whole Brain eQTL omic data for PD and is it functionally significant?,"The top-associated SNP for ARL17A in Whole Brain eQTL omic data for PD is rs35732828, which has a multi-SNP SMR p-value of 1.35e-09 but is not functionally significant as the association meets significance threshold but shows signs of linkage/ Linkage Disequilibrium.",SMR SNP Disease Relations; SMR Gene Disease Relations
What is the top-associated SNP of the gene KANSL1-AS1 in Substantia nigra eQTL omic data for PSP and is it functionally significant?,"The top-associated SNP for KANSL1-AS1 in Substantia nigra eQTL omic data for PSP is rs1981997, which has a multi-SNP SMR p-value of 3.35e-12 but is not functionally significant as the association meets significance threshold but shows signs of linkage/ Linkage Disequilibrium.",SMR SNP Disease Relations; SMR Gene Disease Relations
What is the top-associated SNP of the gene PLEKHM1 in Caudate Basal Ganglia eQTL omic data for PD and is it functionally significant?,"The top-associated SNP for PLEKHM1 in Caudate Basal Ganglia eQTL omic data for PD is rs79172804, which has a multi-SNP SMR p-value of 2.22e-07 and a HEIDI of 0.05, indicating that it is functionally significant.",SMR SNP Disease Relations; SMR Gene Disease Relations
What is the top-associated SNP of the gene KANSL1 in Cortex eQTL GTEx omic data for PSP and is it functionally significant?,"The top-associated SNP for KANSL1 in Cortex eQTL GTEx omic data for PSP is rs17692129, which has a multi-SNP SMR p-value of 1.58e-10 but is not functionally significant as the association meets significance threshold but shows signs of linkage/ Linkage Disequilibrium.",SMR SNP Disease Relations; SMR Gene Disease Relations
What is the top-associated SNP of the gene MAPT in Prefrontal Cortex eQTL omic data for AD and is it functionally significant?,"The top-associated SNP for MAPT in Prefrontal Cortex eQTL omic data for AD is rs2532276, which has a multi-SNP SMR p-value of 2.59e-08 but is not functionally significant as the association meets significance threshold but shows signs of linkage/ Linkage Disequilibrium.",SMR SNP Disease Relations; SMR Gene Disease Relations
What is the top-associated SNP of the gene KANSL1 in Whole Blood eQTL GTEx omic data for PSP and is it functionally significant?,"The top-associated SNP for KANSL1 in Whole Blood eQTL GTEx omic data for PSP is rs17692129, which has a multi-SNP SMR p-value of 2.15e-17 but is not functionally significant as the association meets significance threshold but shows signs of linkage/ Linkage Disequilibrium.",SMR SNP Disease Relations; SMR Gene Disease Relations
What is the top-associated SNP of the gene ZNF232 in Cortex eQTL metaBrain omic data for AD and is it functionally significant?,"The top-associated SNP for ZNF232 in Cortex eQTL metaBrain omic data for AD is rs143649705, which has a multi-SNP SMR p-value of 1.93e-06 and a HEIDI of 0.15, indicating that it is functionally significant.",SMR SNP Disease Relations; SMR Gene Disease Relations
What is the top-associated SNP of the gene LRRC37A in Prefrontal Cortex eQTL omic data for PD and is it functionally significant?,"The top-associated SNP for LRRC37A in Prefrontal Cortex eQTL omic data for PD is rs566238830, which has a multi-SNP SMR p-value of 1.88e-15 but is not functionally significant as the association meets significance threshold but shows signs of linkage/ Linkage Disequilibrium.",SMR SNP Disease Relations; SMR Gene Disease Relations
What is the top-associated SNP of the gene NSF in Whole Blood eQTL eQTLgen omic data for PD and is it functionally significant?,"The top-associated SNP for NSF in Whole Blood eQTL eQTLgen omic data for PD is rs62074125, which has a multi-SNP SMR p-value of 4.42e-10 but is not functionally significant as the association meets significance threshold but shows signs of linkage/ Linkage Disequilibrium.",SMR SNP Disease Relations; SMR Gene Disease Relations
What is the top-associated SNP of the gene WNT3 in Multi Ancestry Whole Brain Meta-analysis eQTL omic data for PD and is it functionally significant?,"The top-associated SNP for WNT3 in Multi Ancestry Whole Brain Meta-analysis eQTL omic data for PD is rs8069437, which has a multi-SNP SMR p-value of 1.89e-06 but is not functionally significant as the association meets significance threshold but shows signs of linkage/ Linkage Disequilibrium.",SMR SNP Disease Relations; SMR Gene Disease Relations
What is the top-associated SNP of the gene LRRC37A2 in Whole Blood eQTL GTEx omic data for AD and is it functionally significant?,"The top-associated SNP for LRRC37A2 in Whole Blood eQTL GTEx omic data for AD is rs7502718, which has a multi-SNP SMR p-value of 1.16e-06 but is not functionally significant as the association meets significance threshold but shows signs of linkage/ Linkage Disequilibrium.",SMR SNP Disease Relations; SMR Gene Disease Relations
What is the top-associated SNP of the gene SLC26A1 in Tibial Nerve eQTL omic data for PD and is it functionally significant?,"The top-associated SNP for SLC26A1 in Tibial Nerve eQTL omic data for PD is rs3822020, which has a multi-SNP SMR p-value of 1.95e-08 but is not functionally significant as the association meets significance threshold but shows signs of linkage/ Linkage Disequilibrium.",SMR SNP Disease Relations; SMR Gene Disease Relations
What is the top-associated SNP of the gene LRRC37A in Putamen Basal Ganglia eQTL omic data for PD and is it functionally significant?,"The top-associated SNP for LRRC37A in Putamen Basal Ganglia eQTL omic data for PD is rs3874943, which has a multi-SNP SMR p-value of 1.70e-07 but is not functionally significant as the association meets significance threshold but shows signs of linkage/ Linkage Disequilibrium.",SMR SNP Disease Relations; SMR Gene Disease Relations
What is the top-associated SNP of the gene TTC19 in Multi Ancestry Whole Brain Meta-analysis eQTL omic data for PD and is it functionally significant?,"The top-associated SNP for TTC19 in Multi Ancestry Whole Brain Meta-analysis eQTL omic data for PD is rs11078331, which has a multi-SNP SMR p-value of 2.07e-06 but is not functionally significant as the association meets significance threshold but shows signs of linkage/ Linkage Disequilibrium.",SMR SNP Disease Relations; SMR Gene Disease Relations
What is the top-associated SNP of the gene STX1B in Whole Blood mQTL omic data for PD and is it functionally significant?,"The top-associated SNP for STX1B in Whole Blood mQTL omic data for PD is rs9796794, which has a multi-SNP SMR p-value of 1.98e-07 but is not functionally significant as the association meets significance threshold but shows signs of linkage/ Linkage Disequilibrium.",SMR SNP Disease Relations; SMR Gene Disease Relations
What is the top-associated SNP of the gene CLU in Whole Brain meta-analysis mQTL omic data for AD and is it functionally significant?,"The top-associated SNP for CLU in Whole Brain meta-analysis mQTL omic data for AD is rs7982, which has a multi-SNP SMR p-value of 2.50e-10 but is not functionally significant as the association meets significance threshold but shows signs of linkage/ Linkage Disequilibrium.",SMR SNP Disease Relations; SMR Gene Disease Relations
What is the top-associated SNP of the gene APH1B in Whole Blood eQTL eQTLgen omic data for AD and is it functionally significant?,"The top-associated SNP for APH1B in Whole Blood eQTL eQTLgen omic data for AD is rs75763893, which has a multi-SNP SMR p-value of 9.50e-09 and a HEIDI of 0.07, indicating that it is functionally significant.",SMR SNP Disease Relations; SMR Gene Disease Relations
What is the top-associated SNP of the gene LRRC37A4P in Multi Ancestry Whole Brain Meta-analysis eQTL omic data for PD and is it functionally significant?,"The top-associated SNP for LRRC37A4P in Multi Ancestry Whole Brain Meta-analysis eQTL omic data for PD is rs62065450, which has a multi-SNP SMR p-value of 7.19e-15 and a HEIDI of 0.14, indicating that it is functionally significant.",SMR SNP Disease Relations; SMR Gene Disease Relations
What is the top-associated SNP of the gene PILRA in Cortex eQTL metaBrain omic data for AD and is it functionally significant?,"The top-associated SNP for PILRA in Cortex eQTL metaBrain omic data for AD is rs10085549, which has a multi-SNP SMR p-value of 1.64e-08 but is not functionally significant as the association meets significance threshold but shows signs of linkage/ Linkage Disequilibrium.",SMR SNP Disease Relations; SMR Gene Disease Relations
What is the top-associated SNP of the gene RPS26P8 in Tibial Nerve eQTL omic data for PD and is it functionally significant?,"The top-associated SNP for RPS26P8 in Tibial Nerve eQTL omic data for PD is rs55974014, which has a multi-SNP SMR p-value of 3.55e-13 but is not functionally significant as the association meets significance threshold but shows signs of linkage/ Linkage Disequilibrium.",SMR SNP Disease Relations; SMR Gene Disease Relations
What is the top-associated SNP of the gene GULOP in Whole Blood mQTL omic data for AD and is it functionally significant?,"The top-associated SNP for GULOP in Whole Blood mQTL omic data for AD is rs7465418, which has a multi-SNP SMR p-value of 4.14e-10 but is not functionally significant as the association meets significance threshold but shows signs of linkage/ Linkage Disequilibrium.",SMR SNP Disease Relations; SMR Gene Disease Relations
What are the approved uses for Fluocinolone Acetonide?,"Fluocinolone Acetonide has been approved by the FDA to treat 10 diseases: atopic eczema, psoriasis, skin disease, freckles, infectious disease, eye inflammation, hemorrhoid, seborrheic dermatitis, uveitis, and macular retinal edema.",Drug Meta
What are the approved uses for Azacitidine?,"Azacitidine has been approved by the FDA to treat 7 diseases: Thrombocytopenia, myelodysplastic syndrome, cancer, neoplasm, refractory anemia with excess blasts, chronic myelomonocytic leukemia, and anemia.",Drug Meta
What are the approved uses for Azelastine Hydrochloride?,"Azelastine Hydrochloride has been approved by the FDA to treat 6 diseases: Nasal congestion, seasonal allergic rhinitis, allergic rhinitis, allergic conjunctivitis, vasomotor rhinitis, and Rhinitis, Allergic, Perennial.",Drug Meta
What are the approved uses for Dexmedetomidine Hydrochloride?,"The drug Dexmedetomidine Hydrochloride has not been FDA approved for the treatment of any disease, but it has reached phase 1.0 clinical trials for delirium and amnesia, phase 2.0 clinical trials for schizoaffective disorder, schizophrenia, and brain injury, phase 3.0 clinical trials for pain and spinal cord cancer, and phase 0.5 clinical trials for Agitation.",Drug Meta
What are the approved uses for Avacopan?,"Avacopan has been approved by the FDA to treat 4 diseases: anti-neutrophil antibody associated vasculitis, Granulomatosis with Polyangiitis, microscopic polyangiitis, and Anti-neutrophil cytoplasmic antibody-associated vasculitis.",Drug Meta
What are the approved uses for Telotristat Ethyl?,"The drug Telotristat Ethyl has not been FDA approved for the treatment of any disease, but it has reached phase 1.0 clinical trials for liver disease, phase 2.0 clinical trials for carcinoid syndrome, neuroendocrine neoplasm, and biliary tract cancer, and phase 3.0 clinical trials for carcinoid heart disease.",Drug Meta
What are the approved uses for Nitroglycerin?,"Nitroglycerin has been approved by the FDA to treat 9 diseases: cardiovascular disease, congestive heart failure, hypertension, myocardial infarction, coronary artery disease, heart failure, pain, angina pectoris, and hemorrhoid.",Drug Meta
What are the approved uses for Leuprolide Acetate?,"Leuprolide Acetate has been approved by the FDA to treat 7 diseases: metastatic prostate cancer, prostate adenocarcinoma, prostate carcinoma, Central precocious puberty, precocious puberty, prostate cancer, and central precocious puberty.",Drug Meta
What are the approved uses for Pilocarpine Hydrochloride?,"The drug Pilocarpine Hydrochloride has not been FDA approved for the treatment of any disease, but it has reached phase 1.0 clinical trials for presbyopia and phase 3.0 clinical trials for head and neck malignant neoplasia.",Drug Meta
What are the approved uses for Fenofibrate?,"Fenofibrate has been approved by the FDA to treat 6 diseases: Abnormal circulating lipid concentration, Hypercholesterolemia, cardiovascular disease, diabetes mellitus, hypothyroidism, and type 2 diabetes mellitus.",Drug Meta
What are the approved uses for Dabigatran?,"The drug Dabigatran has not been FDA approved for the treatment of any disease, but it has reached phase 1.0 clinical trials for Renal insufficiency, Ischemic stroke, and Respiratory Syncytial Virus Infection, phase 2.0 clinical trials for hemorrhage and CADASIL, and phase 3.0 clinical trials for Thromboembolism, atrial fibrillation, injury, stroke, venous thromboembolism, and hematoma.",Drug Meta
What are the approved uses for Etonogestrel?,"The drug Etonogestrel has not been FDA approved for the treatment of any disease, but it has reached phase 2.0 clinical trials for Dysmenorrhea, benign prostatic hyperplasia, HIV infection, AIDS, and pregnancy.",Drug Meta
What are the approved uses for Rosuvastatin Calcium?,"Rosuvastatin Calcium has been approved by the FDA to treat 6 diseases: Hypercholesterolemia, coronary artery disease, atherosclerosis, familial hypercholesterolemia, hyperlipoproteinemia type 3, and hyperlipidemia.",Drug Meta
What are the approved uses for Dasatinib?,"Dasatinib has been approved by the FDA to treat 7 diseases: acute lymphoblastic leukemia, cancer, chronic myelogenous leukemia, neoplasm, childhood cancer, childhood acute lymphoblastic leukemia, and lymphoblastic lymphoma.",Drug Meta
What are the approved uses for Pasireotide?,"The drug Pasireotide has not been FDA approved for the treatment of any disease, but it has reached phase 1.0 clinical trials for breast ductal carcinoma in situ, prostate adenocarcinoma, kidney disease, digestive system neoplasm, Merkel cell skin cancer, and neuroendocrine neoplasm, phase 2.0 clinical trials for Hyperglycemia, hepatocellular carcinoma, adenoma, cancer, small cell lung carcinoma, lung carcinoma, multiple myeloma, lymphoid neoplasm, Cushing syndrome, pain, post-operative sign or symptom, islet cell tumor, Thymoma, ACTH Syndrome, Ectopic, dumping syndrome, thyroid cancer, breast cancer, prostate cancer, medullary thyroid gland carcinoma, and meningioma, and phase 3.0 clinical trials for pancreatic carcinoma, carcinoid tumor, pituitary-dependent Cushing's disease, acromegaly, and digestive system neuroendocrine neoplasm.",Drug Meta
What are the approved uses for Ondansetron?,"Ondansetron has been approved by the FDA to treat 6 diseases: Nausea and vomiting, Nausea, cancer, post operative nausea and vomiting, Chemotherapy-induced nausea and vomiting, and Radiation-induced nausea and vomiting.",Drug Meta
What are the approved uses for Sorafenib Tosylate?,"Sorafenib Tosylate has been approved by the FDA to treat 7 diseases: chromophobe renal cell carcinoma, clear cell renal carcinoma, papillary renal cell carcinoma, papillary thyroid carcinoma, renal cell carcinoma, thyroid carcinoma, and thyroid cancer.",Drug Meta
What are the approved uses for Gemcitabine Hydrochloride?,"Gemcitabine Hydrochloride has been approved by the FDA to treat 6 diseases: breast carcinoma, ovarian carcinoma, pancreatic carcinoma, non-small cell lung carcinoma, breast cancer, and ovarian cancer.",Drug Meta
What are the approved uses for Prednisolone Acetate?,"Prednisolone Acetate has been approved by the FDA to treat 8 diseases: Corneal scarring, Nasal congestion, inflammation, eye inflammation, allergic conjunctivitis, hemorrhoid, anemia, and multiple sclerosis.",Drug Meta
What are the approved uses for Varenicline Tartrate?,"The drug Varenicline Tartrate has not been FDA approved for the treatment of any disease, but it has reached phase 2.0 clinical trials for nicotine dependence and alcohol dependence and phase 3.0 clinical trials for smoking cessation and dry eye syndrome.",Drug Meta
What are the approved uses for Belzutifan?,"Belzutifan has been approved by the FDA to treat 6 diseases: clear cell renal carcinoma, neoplasm, renal cell carcinoma, pancreatic neuroendocrine tumor, von Hippel-Lindau disease, and hemangioblastoma.",Drug Meta
What are the approved uses for Paclitaxel?,"Paclitaxel has been approved by the FDA to treat 8 diseases: breast carcinoma, cancer, carcinoma, neoplasm, non-small cell lung carcinoma, breast neoplasm, undifferentiated carcinoma, and breast cancer.",Drug Meta
What are the approved uses for Cabozantinib S-Malate?,"Cabozantinib S-Malate has been approved by the FDA to treat 6 diseases: clear cell renal carcinoma, papillary renal cell carcinoma, papillary thyroid carcinoma, renal cell carcinoma, thyroid carcinoma, and thyroid cancer.",Drug Meta
What are the approved uses for Mometasone Furoate?,"Mometasone Furoate has been approved by the FDA to treat 8 diseases: Nasal congestion, Airway obstruction, Nasal polyposis, skin disease, seasonal allergic rhinitis, allergic rhinitis, Nasal Cavity Polyp, and asthma.",Drug Meta
What are the approved uses for Amantadine Hydrochloride?,"Amantadine Hydrochloride has been approved by the FDA to treat 7 diseases: Parkinsonism, infection, influenza, cerebral atherosclerosis, secondary Parkinson disease, postencephalitic Parkinson disease, and Parkinson disease.",Drug Meta
What are the approved uses for Topotecan Hydrochloride?,"Topotecan Hydrochloride has been approved by the FDA to treat 7 diseases: carcinoma, small cell lung carcinoma, ovarian carcinoma, ovarian neoplasm, small cell carcinoma, ovarian cancer, and malignant epithelial tumor of ovary.",Drug Meta
